2020-06-15-16-39-58.509128,8,False
2020-06-15-16-39-58.521727,8,False
2020-06-15-16-39-58.532866,8,False
2020-06-15-16-39-58.544970,8,False
2020-06-15-16-39-58.557587,9,False
2020-06-15-16-39-58.569162,10,False
2020-06-15-16-39-58.581169,11,False
2020-06-15-16-39-58.591882,13,False
2020-06-15-16-39-58.602018,14,False
2020-06-15-16-39-58.613049,15,False
2020-06-15-16-39-58.623966,16,False
2020-06-15-16-39-58.635962,17,False
2020-06-15-16-39-58.648551,17,False
2020-06-15-16-39-58.660927,18,False
2020-06-15-16-39-58.673611,18,False
2020-06-15-16-39-58.685551,19,False
2020-06-15-16-39-58.696244,19,False
2020-06-15-16-39-58.708544,20,False
2020-06-15-16-39-58.718765,20,False
2020-06-15-16-39-58.732255,21,False
2020-06-15-16-39-58.746392,23,False
2020-06-15-16-39-58.758478,24,False
2020-06-15-16-39-58.771110,24,False
2020-06-15-16-39-58.782753,25,False
2020-06-15-16-39-58.793989,25,False
2020-06-15-16-39-58.804490,25,False
2020-06-15-16-39-58.816247,25,False
2020-06-15-16-39-58.828505,25,False
2020-06-15-16-39-58.840901,25,False
2020-06-15-16-39-58.852598,25,False
2020-06-15-16-39-58.864832,25,False
2020-06-15-16-39-58.876703,25,False
2020-06-15-16-39-58.888462,25,False
2020-06-15-16-39-58.900946,25,False
2020-06-15-16-39-58.912607,25,False
2020-06-15-16-39-58.924184,25,False
2020-06-15-16-39-58.935865,26,False
2020-06-15-16-39-58.947190,27,False
2020-06-15-16-39-58.958532,28,False
2020-06-15-16-39-58.970848,29,False
2020-06-15-16-39-58.983225,30,False
2020-06-15-16-39-58.995605,30,False
2020-06-15-16-39-59.006714,31,False
2020-06-15-16-39-59.018884,30,False
2020-06-15-16-39-59.032386,30,False
2020-06-15-16-39-59.044171,30,False
2020-06-15-16-39-59.056161,30,False
2020-06-15-16-39-59.068473,32,False
2020-06-15-16-39-59.080827,33,False
2020-06-15-16-39-59.092843,34,False
2020-06-15-16-39-59.105083,34,False
2020-06-15-16-39-59.117382,34,False
2020-06-15-16-39-59.129313,34,False
2020-06-15-16-39-59.140852,34,False
2020-06-15-16-39-59.153550,33,False
2020-06-15-16-39-59.164900,32,False
2020-06-15-16-39-59.177450,30,False
2020-06-15-16-39-59.189191,30,False
2020-06-15-16-39-59.200888,29,False
2020-06-15-16-39-59.212649,29,False
2020-06-15-16-39-59.222865,29,False
2020-06-15-16-39-59.234755,30,False
2020-06-15-16-39-59.246385,30,False
2020-06-15-16-39-59.258494,31,False
2020-06-15-16-39-59.270862,31,False
2020-06-15-16-39-59.282466,32,False
2020-06-15-16-39-59.293978,32,False
2020-06-15-16-39-59.305538,33,False
2020-06-15-16-39-59.316784,33,False
2020-06-15-16-39-59.328561,34,False
2020-06-15-16-39-59.340992,35,False
2020-06-15-16-39-59.353010,35,False
2020-06-15-16-39-59.363831,36,False
2020-06-15-16-39-59.375267,36,False
2020-06-15-16-39-59.385929,36,False
2020-06-15-16-39-59.398506,35,False
2020-06-15-16-39-59.411219,35,False
2020-06-15-16-39-59.423921,34,False
2020-06-15-16-39-59.434732,35,False
2020-06-15-16-39-59.447123,36,False
2020-06-15-16-39-59.458556,36,False
2020-06-15-16-39-59.470967,36,False
2020-06-15-16-39-59.483303,35,False
2020-06-15-16-39-59.495882,34,False
2020-06-15-16-39-59.506786,32,False
2020-06-15-16-39-59.519057,32,False
2020-06-15-16-39-59.530957,32,False
2020-06-15-16-39-59.541363,32,False
2020-06-15-16-39-59.553089,31,False
2020-06-15-16-39-59.564494,31,False
2020-06-15-16-39-59.577148,31,False
2020-06-15-16-39-59.588982,31,False
2020-06-15-16-39-59.600879,32,False
2020-06-15-16-39-59.613144,33,False
2020-06-15-16-39-59.624645,34,False
2020-06-15-16-39-59.636528,33,False
2020-06-15-16-39-59.649105,33,False
2020-06-15-16-39-59.660970,34,False
2020-06-15-16-39-59.673203,33,False
2020-06-15-16-39-59.684894,32,False
2020-06-15-16-39-59.696342,33,False
2020-06-15-16-39-59.708609,32,False
2020-06-15-16-39-59.720846,31,False
2020-06-15-16-39-59.733267,31,False
2020-06-15-16-39-59.745494,31,False
2020-06-15-16-39-59.757999,32,False
2020-06-15-16-39-59.769207,32,False
2020-06-15-16-39-59.781910,31,False
2020-06-15-16-39-59.793547,31,False
2020-06-15-16-39-59.805244,30,False
2020-06-15-16-39-59.817127,30,False
2020-06-15-16-39-59.828612,30,False
2020-06-15-16-39-59.840856,29,False
2020-06-15-16-39-59.852821,28,False
2020-06-15-16-39-59.863983,28,False
2020-06-15-16-39-59.874876,28,False
2020-06-15-16-39-59.887425,27,False
2020-06-15-16-39-59.898627,28,False
2020-06-15-16-39-59.910896,30,False
2020-06-15-16-39-59.921084,31,False
2020-06-15-16-39-59.932743,33,False
2020-06-15-16-39-59.954669,33,False
2020-06-15-16-39-59.967186,33,False
2020-06-15-16-39-59.982948,32,False
2020-06-15-16-39-59.997090,32,False
2020-06-15-16-40-00.022887,33,False
2020-06-15-16-40-00.035203,33,False
2020-06-15-16-40-00.046817,32,False
2020-06-15-16-40-00.058794,32,False
2020-06-15-16-40-00.070861,31,False
2020-06-15-16-40-00.083043,31,False
2020-06-15-16-40-00.095297,30,False
2020-06-15-16-40-00.106145,30,False
2020-06-15-16-40-00.118512,30,False
2020-06-15-16-40-00.130898,31,False
2020-06-15-16-40-00.141138,31,False
2020-06-15-16-40-00.151235,32,False
2020-06-15-16-40-00.162313,33,True
2020-06-15-16-40-00.173307,33,True
2020-06-15-16-40-00.185324,33,True
2020-06-15-16-40-00.195506,32,True
2020-06-15-16-40-00.206225,33,True
2020-06-15-16-40-00.218586,34,True
2020-06-15-16-40-00.230997,34,True
2020-06-15-16-40-00.242798,34,True
2020-06-15-16-40-00.255161,33,True
2020-06-15-16-40-00.266840,33,True
2020-06-15-16-40-00.278535,33,True
2020-06-15-16-40-00.290861,33,True
2020-06-15-16-40-00.301728,33,True
2020-06-15-16-40-00.314006,32,True
2020-06-15-16-40-00.325567,32,True
2020-06-15-16-40-00.336918,31,True
2020-06-15-16-40-00.349234,44,True
2020-06-15-16-40-00.360915,57,True
2020-06-15-16-40-00.372212,69,True
2020-06-15-16-40-00.384445,80,True
2020-06-15-16-40-00.396433,90,True
2020-06-15-16-40-00.408651,100,True
2020-06-15-16-40-00.420995,158,True
2020-06-15-16-40-00.432914,216,True
2020-06-15-16-40-00.444631,274,True
2020-06-15-16-40-00.456185,332,True
2020-06-15-16-40-00.468629,362,True
2020-06-15-16-40-00.480945,393,True
2020-06-15-16-40-00.493170,424,True
2020-06-15-16-40-00.505591,437,True
2020-06-15-16-40-00.516712,450,True
2020-06-15-16-40-00.528589,462,True
2020-06-15-16-40-00.540914,464,True
2020-06-15-16-40-00.552784,467,True
2020-06-15-16-40-00.564059,469,True
2020-06-15-16-40-00.576715,472,True
2020-06-15-16-40-00.588578,474,True
2020-06-15-16-40-00.601036,499,True
2020-06-15-16-40-00.612411,529,True
2020-06-15-16-40-00.624445,559,True
2020-06-15-16-40-00.635798,591,True
2020-06-15-16-40-00.646325,624,True
2020-06-15-16-40-00.658639,657,True
2020-06-15-16-40-00.671049,691,True
2020-06-15-16-40-00.683257,719,True
2020-06-15-16-40-00.695342,747,True
2020-06-15-16-40-00.706178,775,True
2020-06-15-16-40-00.718568,795,True
2020-06-15-16-40-00.730985,815,True
2020-06-15-16-40-00.742193,835,True
2020-06-15-16-40-00.754565,850,True
2020-06-15-16-40-00.766212,850,True
2020-06-15-16-40-00.778595,850,True
2020-06-15-16-40-00.790957,850,True
2020-06-15-16-40-00.801725,850,True
2020-06-15-16-40-00.812551,849,True
2020-06-15-16-40-00.823360,847,True
2020-06-15-16-40-00.836022,797,True
2020-06-15-16-40-00.849282,744,True
2020-06-15-16-40-00.861071,690,True
2020-06-15-16-40-00.872525,637,True
2020-06-15-16-40-00.883223,611,True
2020-06-15-16-40-00.894747,586,True
2020-06-15-16-40-00.905692,558,True
2020-06-15-16-40-00.917126,548,True
2020-06-15-16-40-00.928713,537,True
2020-06-15-16-40-00.941175,526,True
2020-06-15-16-40-00.953852,523,True
2020-06-15-16-40-00.965384,521,True
2020-06-15-16-40-00.976838,518,True
2020-06-15-16-40-00.988559,514,False
2020-06-15-16-40-01.000900,511,False
2020-06-15-16-40-01.012125,486,False
2020-06-15-16-40-01.023145,455,False
2020-06-15-16-40-01.034383,423,False
2020-06-15-16-40-01.045738,389,False
2020-06-15-16-40-01.055902,356,False
2020-06-15-16-40-01.067786,324,False
2020-06-15-16-40-01.079685,292,False
2020-06-15-16-40-01.091051,264,False
2020-06-15-16-40-01.102260,237,False
2020-06-15-16-40-01.114416,210,False
2020-06-15-16-40-01.126078,191,False
2020-06-15-16-40-01.138564,171,False
2020-06-15-16-40-01.150928,151,False
2020-06-15-16-40-01.162812,137,False
2020-06-15-16-40-01.173516,123,False
2020-06-15-16-40-01.185876,109,False
2020-06-15-16-40-01.196551,95,False
2020-06-15-16-40-01.208662,86,False
2020-06-15-16-40-01.220979,79,False
2020-06-15-16-40-01.232665,72,False
2020-06-15-16-40-01.244245,64,False
2020-06-15-16-40-01.255087,59,False
2020-06-15-16-40-01.267392,55,False
2020-06-15-16-40-01.278889,50,False
2020-06-15-16-40-01.290905,45,False
2020-06-15-16-40-01.303227,40,False
2020-06-15-16-40-01.315948,37,False
2020-06-15-16-40-01.327009,35,False
2020-06-15-16-40-01.338669,32,False
2020-06-15-16-40-01.350989,32,False
2020-06-15-16-40-01.362738,32,False
2020-06-15-16-40-01.374829,32,False
2020-06-15-16-40-01.387252,32,False
2020-06-15-16-40-01.398924,32,False
2020-06-15-16-40-01.410940,32,False
2020-06-15-16-40-01.423469,32,False
2020-06-15-16-40-01.433893,32,False
2020-06-15-16-40-01.445461,32,False
2020-06-15-16-40-01.456984,33,False
2020-06-15-16-40-01.468651,33,False
2020-06-15-16-40-01.480935,32,False
2020-06-15-16-40-01.492301,30,False
2020-06-15-16-40-01.504453,30,False
2020-06-15-16-40-01.515586,29,False
2020-06-15-16-40-01.526692,28,False
2020-06-15-16-40-01.539114,27,False
2020-06-15-16-40-01.550966,27,False
2020-06-15-16-40-01.563114,27,False
2020-06-15-16-40-01.575068,26,False
2020-06-15-16-40-01.587450,26,False
2020-06-15-16-40-01.598688,25,False
2020-06-15-16-40-01.611043,24,False
2020-06-15-16-40-01.621479,24,False
2020-06-15-16-40-01.633446,23,False
2020-06-15-16-40-01.645170,22,False
2020-06-15-16-40-01.656403,21,False
2020-06-15-16-40-01.668690,21,False
2020-06-15-16-40-01.680988,20,False
2020-06-15-16-40-01.692784,21,False
2020-06-15-16-40-01.703455,21,False
2020-06-15-16-40-01.714101,21,False
2020-06-15-16-40-01.724335,22,False
2020-06-15-16-40-01.735322,22,False
2020-06-15-16-40-01.745683,22,False
2020-06-15-16-40-01.756926,23,False
2020-06-15-16-40-01.768634,23,False
2020-06-15-16-40-01.780924,24,False
2020-06-15-16-40-01.792754,25,False
2020-06-15-16-40-01.803978,25,False
2020-06-15-16-40-01.815099,25,False
2020-06-15-16-40-01.825731,26,False
2020-06-15-16-40-01.837621,27,False
2020-06-15-16-40-01.848702,28,False
2020-06-15-16-40-01.860925,28,False
2020-06-15-16-40-01.872926,27,False
2020-06-15-16-40-01.884941,26,False
2020-06-15-16-40-01.897091,25,False
2020-06-15-16-40-01.908662,26,False
2020-06-15-16-40-01.921005,26,False
2020-06-15-16-40-01.932868,27,False
2020-06-15-16-40-01.944978,26,False
2020-06-15-16-40-01.956707,26,False
2020-06-15-16-40-01.968663,25,False
2020-06-15-16-40-01.981419,25,False
2020-06-15-16-40-01.992805,25,False
2020-06-15-16-40-02.004648,25,False
2020-06-15-16-40-02.016227,25,False
2020-06-15-16-40-02.026609,25,False
2020-06-15-16-40-02.038653,25,False
2020-06-15-16-40-02.050960,26,False
2020-06-15-16-40-02.061695,27,False
2020-06-15-16-40-02.072555,28,False
2020-06-15-16-40-02.083668,29,False
2020-06-15-16-40-02.095661,29,False
2020-06-15-16-40-02.106277,30,False
2020-06-15-16-40-02.118619,30,False
2020-06-15-16-40-02.131222,31,False
2020-06-15-16-40-02.141899,31,False
2020-06-15-16-40-02.154157,32,False
2020-06-15-16-40-02.164480,31,False
2020-06-15-16-40-02.176589,29,False
2020-06-15-16-40-02.188608,28,False
2020-06-15-16-40-02.201014,28,False
2020-06-15-16-40-02.212733,28,False
2020-06-15-16-40-02.223638,29,False
2020-06-15-16-40-02.234783,28,False
2020-06-15-16-40-02.246354,27,False
2020-06-15-16-40-02.258913,26,False
2020-06-15-16-40-02.270946,24,False
2020-06-15-16-40-02.281392,24,False
2020-06-15-16-40-02.293917,24,False
2020-06-15-16-40-02.305832,24,False
2020-06-15-16-40-02.318169,23,False
2020-06-15-16-40-02.330148,22,False
2020-06-15-16-40-02.341883,20,False
2020-06-15-16-40-02.352923,20,False
2020-06-15-16-40-02.363961,21,False
2020-06-15-16-40-02.374768,21,False
2020-06-15-16-40-02.386336,21,False
2020-06-15-16-40-02.398541,21,False
2020-06-15-16-40-02.411043,22,False
2020-06-15-16-40-02.422178,23,False
2020-06-15-16-40-02.433664,23,False
2020-06-15-16-40-02.445552,23,False
2020-06-15-16-40-02.455693,23,False
2020-06-15-16-40-02.467615,23,False
2020-06-15-16-40-02.479007,23,False
2020-06-15-16-40-02.490938,22,False
2020-06-15-16-40-02.501569,21,False
2020-06-15-16-40-02.512659,21,False
2020-06-15-16-40-02.523473,21,False
2020-06-15-16-40-02.535956,20,False
2020-06-15-16-40-02.548590,20,False
2020-06-15-16-40-02.561061,19,False
2020-06-15-16-40-02.572624,18,False
2020-06-15-16-40-02.584116,18,False
2020-06-15-16-40-02.596211,18,False
2020-06-15-16-40-02.608542,17,False
2020-06-15-16-40-02.621030,16,False
2020-06-15-16-40-02.632514,16,False
2020-06-15-16-40-02.644175,16,False
2020-06-15-16-40-02.654541,16,False
2020-06-15-16-40-02.666496,17,False
2020-06-15-16-40-02.678677,17,False
2020-06-15-16-40-02.690963,17,False
2020-06-15-16-40-02.701339,17,False
2020-06-15-16-40-02.712530,18,False
2020-06-15-16-40-02.723379,18,False
2020-06-15-16-40-02.734288,20,False
2020-06-15-16-40-02.746708,22,False
2020-06-15-16-40-02.758673,23,False
2020-06-15-16-40-02.771139,23,False
2020-06-15-16-40-02.783033,24,False
2020-06-15-16-40-02.794804,25,False
2020-06-15-16-40-02.806446,26,False
2020-06-15-16-40-02.818582,28,False
2020-06-15-16-40-02.830962,29,False
2020-06-15-16-40-02.843505,30,False
2020-06-15-16-40-02.854378,29,False
2020-06-15-16-40-02.865687,28,False
2020-06-15-16-40-02.877861,28,False
2020-06-15-16-40-02.889003,28,False
2020-06-15-16-40-02.901040,27,False
2020-06-15-16-40-02.912940,27,False
2020-06-15-16-40-02.924810,27,False
2020-06-15-16-40-02.936604,28,False
2020-06-15-16-40-02.949319,28,False
2020-06-15-16-40-02.960935,28,False
2020-06-15-16-40-02.972544,28,False
2020-06-15-16-40-02.984099,28,False
2020-06-15-16-40-02.996172,28,False
2020-06-15-16-40-03.008690,28,False
2020-06-15-16-40-03.021026,28,False
2020-06-15-16-40-03.031343,28,False
2020-06-15-16-40-03.043566,27,False
2020-06-15-16-40-03.055638,27,False
2020-06-15-16-40-03.066783,26,False
2020-06-15-16-40-03.078714,27,False
2020-06-15-16-40-03.090947,27,False
2020-06-15-16-40-03.102889,27,False
2020-06-15-16-40-03.114961,27,False
2020-06-15-16-40-03.126267,28,False
2020-06-15-16-40-03.139385,29,False
2020-06-15-16-40-03.151892,29,False
2020-06-15-16-40-03.164284,29,False
2020-06-15-16-40-03.174757,29,False
2020-06-15-16-40-03.186344,29,False
2020-06-15-16-40-03.198681,29,False
2020-06-15-16-40-03.211251,29,False
2020-06-15-16-40-03.222261,28,False
2020-06-15-16-40-03.234277,28,False
2020-06-15-16-40-03.246633,27,False
2020-06-15-16-40-03.258620,25,False
2020-06-15-16-40-03.270970,25,False
2020-06-15-16-40-03.281604,25,False
2020-06-15-16-40-03.292954,25,False
2020-06-15-16-40-03.304576,25,False
2020-06-15-16-40-03.316271,25,False
2020-06-15-16-40-03.328696,25,False
2020-06-15-16-40-03.341026,26,False
2020-06-15-16-40-03.353582,25,False
2020-06-15-16-40-03.365944,25,False
2020-06-15-16-40-03.378467,25,False
2020-06-15-16-40-03.390944,25,False
2020-06-15-16-40-03.401457,25,False
2020-06-15-16-40-03.412903,26,False
2020-06-15-16-40-03.425046,27,False
2020-06-15-16-40-03.437597,28,False
2020-06-15-16-40-03.449289,29,False
2020-06-15-16-40-03.461091,30,False
2020-06-15-16-40-03.472712,32,False
2020-06-15-16-40-03.483549,34,False
2020-06-15-16-40-03.495092,35,False
2020-06-15-16-40-03.506266,35,False
2020-06-15-16-40-03.519028,36,False
2020-06-15-16-40-03.531177,36,False
2020-06-15-16-40-03.542717,36,False
2020-06-15-16-40-03.554541,36,False
2020-06-15-16-40-03.566645,35,False
2020-06-15-16-40-03.578735,35,False
2020-06-15-16-40-03.590970,35,False
2020-06-15-16-40-03.603037,35,False
2020-06-15-16-40-03.613930,35,False
2020-06-15-16-40-03.626487,35,False
2020-06-15-16-40-03.638730,34,False
2020-06-15-16-40-03.651376,33,False
2020-06-15-16-40-03.663355,33,False
2020-06-15-16-40-03.674491,33,False
2020-06-15-16-40-03.686163,32,False
2020-06-15-16-40-03.698631,32,False
2020-06-15-16-40-03.711073,32,False
2020-06-15-16-40-03.723695,32,False
2020-06-15-16-40-03.735326,32,False
2020-06-15-16-40-03.745865,32,False
2020-06-15-16-40-03.757535,32,False
2020-06-15-16-40-03.768747,32,False
2020-06-15-16-40-03.781234,32,False
2020-06-15-16-40-03.792885,32,False
2020-06-15-16-40-03.803866,33,False
2020-06-15-16-40-03.815153,32,False
2020-06-15-16-40-03.827381,32,False
2020-06-15-16-40-03.838680,31,False
2020-06-15-16-40-03.851368,31,False
2020-06-15-16-40-03.863380,30,False
2020-06-15-16-40-03.874506,30,False
2020-06-15-16-40-03.886138,30,False
2020-06-15-16-40-03.898629,29,False
2020-06-15-16-40-03.911006,29,False
2020-06-15-16-40-03.921541,29,False
2020-06-15-16-40-03.932363,30,False
2020-06-15-16-40-03.944951,31,False
2020-06-15-16-40-03.955415,31,False
2020-06-15-16-40-03.966793,31,False
2020-06-15-16-40-03.978736,30,False
2020-06-15-16-40-03.991024,30,False
2020-06-15-16-40-04.002165,29,False
2020-06-15-16-40-04.013737,28,False
2020-06-15-16-40-04.024107,28,False
2020-06-15-16-40-04.035997,27,False
2020-06-15-16-40-04.048622,27,False
2020-06-15-16-40-04.061072,28,False
2020-06-15-16-40-04.073474,28,False
2020-06-15-16-40-04.083720,28,False
2020-06-15-16-40-04.095367,29,False
2020-06-15-16-40-04.105466,29,False
2020-06-15-16-40-04.116655,29,False
2020-06-15-16-40-04.128654,29,False
2020-06-15-16-40-04.141082,28,False
2020-06-15-16-40-04.151672,28,False
2020-06-15-16-40-04.163464,27,False
2020-06-15-16-40-04.174075,27,False
2020-06-15-16-40-04.185115,27,False
2020-06-15-16-40-04.196366,27,False
2020-06-15-16-40-04.208742,27,False
2020-06-15-16-40-04.221052,27,False
2020-06-15-16-40-04.232776,27,False
2020-06-15-16-40-04.243766,28,False
2020-06-15-16-40-04.256794,28,False
2020-06-15-16-40-04.268876,28,False
2020-06-15-16-40-04.281003,29,False
2020-06-15-16-40-04.293052,29,False
2020-06-15-16-40-04.304882,30,False
2020-06-15-16-40-04.316658,30,False
2020-06-15-16-40-04.328257,31,False
2020-06-15-16-40-04.339025,31,False
2020-06-15-16-40-04.350993,31,False
2020-06-15-16-40-04.363395,33,False
2020-06-15-16-40-04.376104,35,False
2020-06-15-16-40-04.388695,37,False
2020-06-15-16-40-04.401072,37,False
2020-06-15-16-40-04.411344,37,False
2020-06-15-16-40-04.422831,37,False
2020-06-15-16-40-04.435274,37,False
2020-06-15-16-40-04.447089,38,False
2020-06-15-16-40-04.458676,39,False
2020-06-15-16-40-04.471147,39,False
2020-06-15-16-40-04.483042,40,False
2020-06-15-16-40-04.495243,40,False
2020-06-15-16-40-04.505569,40,False
2020-06-15-16-40-04.516880,39,False
2020-06-15-16-40-04.528642,39,False
2020-06-15-16-40-04.541109,39,False
2020-06-15-16-40-04.552981,40,False
2020-06-15-16-40-04.564139,40,False
2020-06-15-16-40-04.576365,41,False
2020-06-15-16-40-04.588717,41,False
2020-06-15-16-40-04.601117,41,False
2020-06-15-16-40-04.613087,41,False
2020-06-15-16-40-04.624139,41,False
2020-06-15-16-40-04.636725,42,True
2020-06-15-16-40-04.649821,43,True
2020-06-15-16-40-04.661425,43,True
2020-06-15-16-40-04.673333,43,True
2020-06-15-16-40-04.684766,43,True
2020-06-15-16-40-04.696396,42,True
2020-06-15-16-40-04.706873,41,True
2020-06-15-16-40-04.718812,40,True
2020-06-15-16-40-04.731321,44,True
2020-06-15-16-40-04.742625,47,True
2020-06-15-16-40-04.754352,49,True
2020-06-15-16-40-04.766402,69,True
2020-06-15-16-40-04.778732,88,True
2020-06-15-16-40-04.791118,107,True
2020-06-15-16-40-04.802911,157,True
2020-06-15-16-40-04.814294,208,True
2020-06-15-16-40-04.826277,260,True
2020-06-15-16-40-04.838733,305,True
2020-06-15-16-40-04.851195,349,True
2020-06-15-16-40-04.862891,393,True
2020-06-15-16-40-04.874797,424,True
2020-06-15-16-40-04.886102,442,True
2020-06-15-16-40-04.898720,461,True
2020-06-15-16-40-04.911093,471,True
2020-06-15-16-40-04.922605,473,True
2020-06-15-16-40-04.934832,476,True
2020-06-15-16-40-04.946095,478,True
2020-06-15-16-40-04.958666,495,True
2020-06-15-16-40-04.971180,511,True
2020-06-15-16-40-04.983017,528,True
2020-06-15-16-40-04.993640,556,True
2020-06-15-16-40-05.003899,585,True
2020-06-15-16-40-05.015450,614,True
2020-06-15-16-40-05.026255,645,True
2020-06-15-16-40-05.038777,676,True
2020-06-15-16-40-05.051371,706,True
2020-06-15-16-40-05.063463,734,True
2020-06-15-16-40-05.074902,762,True
2020-06-15-16-40-05.086026,791,True
2020-06-15-16-40-05.098685,813,True
2020-06-15-16-40-05.111120,835,True
2020-06-15-16-40-05.123525,857,True
2020-06-15-16-40-05.133931,872,True
2020-06-15-16-40-05.144865,884,True
2020-06-15-16-40-05.156116,896,True
2020-06-15-16-40-05.168708,901,True
2020-06-15-16-40-05.181045,890,True
2020-06-15-16-40-05.193618,879,True
2020-06-15-16-40-05.205469,863,True
2020-06-15-16-40-05.216364,816,True
2020-06-15-16-40-05.228666,769,True
2020-06-15-16-40-05.241029,721,True
2020-06-15-16-40-05.253525,678,True
2020-06-15-16-40-05.263666,636,True
2020-06-15-16-40-05.276034,593,True
2020-06-15-16-40-05.287886,563,True
2020-06-15-16-40-05.300025,545,True
2020-06-15-16-40-05.311162,526,True
2020-06-15-16-40-05.323191,516,True
2020-06-15-16-40-05.333826,515,True
2020-06-15-16-40-05.344178,512,True
2020-06-15-16-40-05.355315,511,True
2020-06-15-16-40-05.366451,494,True
2020-06-15-16-40-05.378764,478,True
2020-06-15-16-40-05.391051,461,True
2020-06-15-16-40-05.401484,433,True
2020-06-15-16-40-05.412754,404,True
2020-06-15-16-40-05.423850,375,True
2020-06-15-16-40-05.434961,343,True
2020-06-15-16-40-05.447269,313,True
2020-06-15-16-40-05.458830,283,False
2020-06-15-16-40-05.471052,253,False
2020-06-15-16-40-05.482947,224,False
2020-06-15-16-40-05.494947,194,False
2020-06-15-16-40-05.506837,171,False
2020-06-15-16-40-05.518684,149,False
2020-06-15-16-40-05.531366,126,False
2020-06-15-16-40-05.543542,110,False
2020-06-15-16-40-05.555633,95,False
2020-06-15-16-40-05.567406,79,False
2020-06-15-16-40-05.579938,69,False
2020-06-15-16-40-05.592068,59,False
2020-06-15-16-40-05.602342,49,False
2020-06-15-16-40-05.614682,44,False
2020-06-15-16-40-05.624978,39,False
2020-06-15-16-40-05.636551,35,False
2020-06-15-16-40-05.648787,32,False
2020-06-15-16-40-05.660833,30,False
2020-06-15-16-40-05.672530,27,False
2020-06-15-16-40-05.684456,26,False
2020-06-15-16-40-05.696754,24,False
2020-06-15-16-40-05.708912,23,False
2020-06-15-16-40-05.721135,22,False
2020-06-15-16-40-05.733464,21,False
2020-06-15-16-40-05.744536,21,False
2020-06-15-16-40-05.756152,21,False
2020-06-15-16-40-05.766836,21,False
2020-06-15-16-40-05.778838,21,False
2020-06-15-16-40-05.791376,21,False
2020-06-15-16-40-05.803405,20,False
2020-06-15-16-40-05.814091,20,False
2020-06-15-16-40-05.824818,21,False
2020-06-15-16-40-05.835783,21,False
2020-06-15-16-40-05.846928,22,False
2020-06-15-16-40-05.858792,23,False
2020-06-15-16-40-05.871131,23,False
2020-06-15-16-40-05.881506,23,False
2020-06-15-16-40-05.892974,23,False
2020-06-15-16-40-05.903504,23,False
2020-06-15-16-40-05.915990,23,False
2020-06-15-16-40-05.927224,24,False
2020-06-15-16-40-05.938828,25,False
2020-06-15-16-40-05.952191,24,False
2020-06-15-16-40-05.963822,23,False
2020-06-15-16-40-05.976489,23,False
2020-06-15-16-40-05.989325,23,False
2020-06-15-16-40-06.001160,23,False
2020-06-15-16-40-06.013500,23,False
2020-06-15-16-40-06.024920,22,False
2020-06-15-16-40-06.037112,22,False
2020-06-15-16-40-06.049380,21,False
2020-06-15-16-40-06.061056,21,False
2020-06-15-16-40-06.073426,20,False
2020-06-15-16-40-06.084987,19,False
2020-06-15-16-40-06.097399,19,False
2020-06-15-16-40-06.108795,18,False
2020-06-15-16-40-06.121586,18,False
2020-06-15-16-40-06.132887,18,False
2020-06-15-16-40-06.145287,18,False
2020-06-15-16-40-06.156902,17,False
2020-06-15-16-40-06.168789,17,False
2020-06-15-16-40-06.181207,16,False
2020-06-15-16-40-06.193396,17,False
2020-06-15-16-40-06.205748,17,False
2020-06-15-16-40-06.217371,18,False
2020-06-15-16-40-06.229351,18,False
2020-06-15-16-40-06.241086,18,False
2020-06-15-16-40-06.252777,18,False
2020-06-15-16-40-06.265104,18,False
2020-06-15-16-40-06.277814,17,False
2020-06-15-16-40-06.290447,18,False
2020-06-15-16-40-06.301235,19,False
2020-06-15-16-40-06.311326,20,False
2020-06-15-16-40-06.323441,21,False
2020-06-15-16-40-06.335549,22,False
2020-06-15-16-40-06.347221,22,False
2020-06-15-16-40-06.358797,23,False
2020-06-15-16-40-06.371288,23,False
2020-06-15-16-40-06.381643,24,False
2020-06-15-16-40-06.393049,24,False
2020-06-15-16-40-06.403476,24,False
2020-06-15-16-40-06.415629,24,False
2020-06-15-16-40-06.426126,24,False
2020-06-15-16-40-06.438763,23,False
2020-06-15-16-40-06.451117,23,False
2020-06-15-16-40-06.462605,24,False
2020-06-15-16-40-06.472832,24,False
2020-06-15-16-40-06.485628,24,False
2020-06-15-16-40-06.498688,25,False
2020-06-15-16-40-06.511046,25,False
2020-06-15-16-40-06.522650,25,False
2020-06-15-16-40-06.533642,25,False
2020-06-15-16-40-06.544593,25,False
2020-06-15-16-40-06.555347,26,False
2020-06-15-16-40-06.567397,26,False
2020-06-15-16-40-06.578701,26,False
2020-06-15-16-40-06.591158,26,False
2020-06-15-16-40-06.602223,27,False
2020-06-15-16-40-06.613832,27,False
2020-06-15-16-40-06.624991,27,False
2020-06-15-16-40-06.635997,27,False
2020-06-15-16-40-06.647556,27,False
2020-06-15-16-40-06.659224,27,False
2020-06-15-16-40-06.671090,27,False
2020-06-15-16-40-06.681906,28,False
2020-06-15-16-40-06.693804,28,False
2020-06-15-16-40-06.705480,29,False
2020-06-15-16-40-06.717879,28,False
2020-06-15-16-40-06.729315,27,False
2020-06-15-16-40-06.741146,27,False
2020-06-15-16-40-06.752677,26,False
2020-06-15-16-40-06.763967,25,False
2020-06-15-16-40-06.774329,25,False
2020-06-15-16-40-06.785857,25,False
2020-06-15-16-40-06.798181,24,False
2020-06-15-16-40-06.811738,24,False
2020-06-15-16-40-06.823884,24,False
2020-06-15-16-40-06.834592,25,False
2020-06-15-16-40-06.846144,25,False
2020-06-15-16-40-06.858712,25,False
2020-06-15-16-40-06.871070,24,False
2020-06-15-16-40-06.881550,24,False
2020-06-15-16-40-06.892743,23,False
2020-06-15-16-40-06.903875,22,False
2020-06-15-16-40-06.915847,22,False
2020-06-15-16-40-06.927308,22,False
2020-06-15-16-40-06.939007,22,False
2020-06-15-16-40-06.951694,23,False
2020-06-15-16-40-06.963622,23,False
2020-06-15-16-40-06.974183,24,False
2020-06-15-16-40-06.985711,24,False
2020-06-15-16-40-06.997525,24,False
2020-06-15-16-40-07.009530,24,False
2020-06-15-16-40-07.021691,23,False
2020-06-15-16-40-07.033928,23,False
2020-06-15-16-40-07.044372,23,False
2020-06-15-16-40-07.055140,23,False
2020-06-15-16-40-07.065869,23,False
2020-06-15-16-40-07.076762,23,False
2020-06-15-16-40-07.088741,23,False
2020-06-15-16-40-07.101181,21,False
2020-06-15-16-40-07.113709,20,False
2020-06-15-16-40-07.125875,20,False
2020-06-15-16-40-07.137011,19,False
2020-06-15-16-40-07.148800,19,False
2020-06-15-16-40-07.161164,18,False
2020-06-15-16-40-07.173403,18,False
2020-06-15-16-40-07.184498,18,False
2020-06-15-16-40-07.196673,18,False
2020-06-15-16-40-07.208842,18,False
2020-06-15-16-40-07.221171,18,False
2020-06-15-16-40-07.232684,18,False
2020-06-15-16-40-07.245297,19,False
2020-06-15-16-40-07.257835,19,False
2020-06-15-16-40-07.269401,20,False
2020-06-15-16-40-07.281175,20,False
2020-06-15-16-40-07.293792,21,False
2020-06-15-16-40-07.304693,22,False
2020-06-15-16-40-07.316236,24,False
2020-06-15-16-40-07.328738,24,False
2020-06-15-16-40-07.341189,24,False
2020-06-15-16-40-07.351434,23,False
2020-06-15-16-40-07.363137,24,False
2020-06-15-16-40-07.375339,23,False
2020-06-15-16-40-07.386125,22,False
2020-06-15-16-40-07.397234,21,False
2020-06-15-16-40-07.408849,21,False
2020-06-15-16-40-07.421114,21,False
2020-06-15-16-40-07.433337,21,False
2020-06-15-16-40-07.444149,21,False
2020-06-15-16-40-07.455064,21,False
2020-06-15-16-40-07.466941,20,False
2020-06-15-16-40-07.478785,20,False
2020-06-15-16-40-07.491440,19,False
2020-06-15-16-40-07.503315,18,False
2020-06-15-16-40-07.514435,18,False
2020-06-15-16-40-07.525768,18,False
2020-06-15-16-40-07.538154,18,False
2020-06-15-16-40-07.549685,18,False
2020-06-15-16-40-07.561107,19,False
2020-06-15-16-40-07.572999,20,False
2020-06-15-16-40-07.584539,20,False
2020-06-15-16-40-07.595505,21,False
2020-06-15-16-40-07.606767,22,False
2020-06-15-16-40-07.619005,22,False
2020-06-15-16-40-07.631144,22,False
2020-06-15-16-40-07.641450,23,False
2020-06-15-16-40-07.652365,23,False
2020-06-15-16-40-07.664832,23,False
2020-06-15-16-40-07.676398,23,False
2020-06-15-16-40-07.688873,24,False
2020-06-15-16-40-07.701187,23,False
2020-06-15-16-40-07.713470,24,False
2020-06-15-16-40-07.724426,25,False
2020-06-15-16-40-07.736480,26,False
2020-06-15-16-40-07.748743,27,False
2020-06-15-16-40-07.761108,28,False
2020-06-15-16-40-07.772847,28,False
2020-06-15-16-40-07.785084,29,False
2020-06-15-16-40-07.796163,31,False
2020-06-15-16-40-07.808846,32,False
2020-06-15-16-40-07.821087,33,False
2020-06-15-16-40-07.833475,33,False
2020-06-15-16-40-07.845229,34,False
2020-06-15-16-40-07.856040,34,False
2020-06-15-16-40-07.867334,35,False
2020-06-15-16-40-07.879147,34,False
2020-06-15-16-40-07.891725,34,False
2020-06-15-16-40-07.903978,35,False
2020-06-15-16-40-07.915426,35,False
2020-06-15-16-40-07.926176,36,False
2020-06-15-16-40-07.938860,36,False
2020-06-15-16-40-07.951136,36,False
2020-06-15-16-40-07.963083,36,False
2020-06-15-16-40-07.975311,36,False
2020-06-15-16-40-07.987308,35,False
2020-06-15-16-40-07.999156,35,False
2020-06-15-16-40-08.011234,34,False
2020-06-15-16-40-08.023073,34,False
2020-06-15-16-40-08.034755,34,False
2020-06-15-16-40-08.045436,34,False
2020-06-15-16-40-08.056586,33,False
2020-06-15-16-40-08.069000,33,False
2020-06-15-16-40-08.081512,32,False
2020-06-15-16-40-08.093475,31,False
2020-06-15-16-40-08.104369,32,False
2020-06-15-16-40-08.116155,32,False
2020-06-15-16-40-08.127351,31,False
2020-06-15-16-40-08.138784,31,False
2020-06-15-16-40-08.151160,30,False
2020-06-15-16-40-08.162208,30,False
2020-06-15-16-40-08.173065,31,False
2020-06-15-16-40-08.185029,32,False
2020-06-15-16-40-08.196914,32,False
2020-06-15-16-40-08.208809,33,False
2020-06-15-16-40-08.221531,33,False
2020-06-15-16-40-08.232670,32,False
2020-06-15-16-40-08.243301,32,False
2020-06-15-16-40-08.254571,32,False
2020-06-15-16-40-08.266873,32,False
2020-06-15-16-40-08.278860,32,False
2020-06-15-16-40-08.291488,34,False
2020-06-15-16-40-08.301764,34,False
2020-06-15-16-40-08.313006,34,False
2020-06-15-16-40-08.324747,34,False
2020-06-15-16-40-08.337080,34,False
2020-06-15-16-40-08.348920,33,False
2020-06-15-16-40-08.361222,34,False
2020-06-15-16-40-08.372910,34,True
2020-06-15-16-40-08.383847,34,True
2020-06-15-16-40-08.395590,34,True
2020-06-15-16-40-08.407720,34,True
2020-06-15-16-40-08.419652,35,True
2020-06-15-16-40-08.432207,35,True
2020-06-15-16-40-08.444623,34,True
2020-06-15-16-40-08.457185,34,True
2020-06-15-16-40-08.468828,33,True
2020-06-15-16-40-08.481222,38,True
2020-06-15-16-40-08.493390,43,True
2020-06-15-16-40-08.504412,47,True
2020-06-15-16-40-08.515890,52,True
2020-06-15-16-40-08.528143,57,True
2020-06-15-16-40-08.539548,61,True
2020-06-15-16-40-08.551267,119,True
2020-06-15-16-40-08.563103,176,True
2020-06-15-16-40-08.574626,233,True
2020-06-15-16-40-08.585806,266,True
2020-06-15-16-40-08.597450,300,True
2020-06-15-16-40-08.608864,334,True
2020-06-15-16-40-08.621535,353,True
2020-06-15-16-40-08.633222,368,True
2020-06-15-16-40-08.644392,383,True
2020-06-15-16-40-08.655752,390,True
2020-06-15-16-40-08.666779,393,True
2020-06-15-16-40-08.678866,396,True
2020-06-15-16-40-08.691457,395,True
2020-06-15-16-40-08.702081,407,True
2020-06-15-16-40-08.713600,420,True
2020-06-15-16-40-08.726079,433,True
2020-06-15-16-40-08.738270,463,True
2020-06-15-16-40-08.750818,494,True
2020-06-15-16-40-08.763415,524,True
2020-06-15-16-40-08.774345,557,True
2020-06-15-16-40-08.785451,590,True
2020-06-15-16-40-08.796521,623,True
2020-06-15-16-40-08.808863,651,True
2020-06-15-16-40-08.821142,678,True
2020-06-15-16-40-08.833460,704,True
2020-06-15-16-40-08.844784,728,True
2020-06-15-16-40-08.855787,749,True
2020-06-15-16-40-08.866967,771,True
2020-06-15-16-40-08.878797,790,True
2020-06-15-16-40-08.891406,800,True
2020-06-15-16-40-08.901854,810,True
2020-06-15-16-40-08.913388,820,True
2020-06-15-16-40-08.924598,823,True
2020-06-15-16-40-08.935945,827,True
2020-06-15-16-40-08.946156,831,True
2020-06-15-16-40-08.958856,780,True
2020-06-15-16-40-08.971208,729,True
2020-06-15-16-40-08.983529,679,True
2020-06-15-16-40-08.995567,649,True
2020-06-15-16-40-09.007339,618,True
2020-06-15-16-40-09.019038,588,True
2020-06-15-16-40-09.031551,568,True
2020-06-15-16-40-09.041755,554,True
2020-06-15-16-40-09.052115,540,True
2020-06-15-16-40-09.063386,533,True
2020-06-15-16-40-09.074124,529,True
2020-06-15-16-40-09.085391,524,True
2020-06-15-16-40-09.096422,524,True
2020-06-15-16-40-09.108780,511,True
2020-06-15-16-40-09.121185,498,True
2020-06-15-16-40-09.133515,485,True
2020-06-15-16-40-09.143616,455,True
2020-06-15-16-40-09.155560,425,True
2020-06-15-16-40-09.166590,395,True
2020-06-15-16-40-09.178792,362,True
2020-06-15-16-40-09.191211,329,False
2020-06-15-16-40-09.203589,296,False
2020-06-15-16-40-09.215867,268,False
2020-06-15-16-40-09.228327,241,False
2020-06-15-16-40-09.240353,214,False
2020-06-15-16-40-09.252152,190,False
2020-06-15-16-40-09.263148,169,False
2020-06-15-16-40-09.274791,148,False
2020-06-15-16-40-09.286065,129,False
2020-06-15-16-40-09.297417,114,False
2020-06-15-16-40-09.308816,100,False
2020-06-15-16-40-09.321165,85,False
2020-06-15-16-40-09.333314,75,False
2020-06-15-16-40-09.345317,65,False
2020-06-15-16-40-09.357279,56,False
2020-06-15-16-40-09.368972,49,False
2020-06-15-16-40-09.381158,43,False
2020-06-15-16-40-09.394101,36,False
2020-06-15-16-40-09.406307,32,False
2020-06-15-16-40-09.418965,28,False
2020-06-15-16-40-09.431236,23,False
2020-06-15-16-40-09.442335,21,False
2020-06-15-16-40-09.453350,21,False
2020-06-15-16-40-09.465784,21,False
2020-06-15-16-40-09.476429,21,False
2020-06-15-16-40-09.489418,21,False
2020-06-15-16-40-09.501223,21,False
2020-06-15-16-40-09.513357,21,False
2020-06-15-16-40-09.525252,21,False
2020-06-15-16-40-09.537719,21,False
2020-06-15-16-40-09.550240,20,False
2020-06-15-16-40-09.561583,19,False
2020-06-15-16-40-09.572704,18,False
2020-06-15-16-40-09.585103,18,False
2020-06-15-16-40-09.596467,17,False
2020-06-15-16-40-09.608909,17,False
2020-06-15-16-40-09.621202,18,False
2020-06-15-16-40-09.632995,18,False
2020-06-15-16-40-09.643408,18,False
2020-06-15-16-40-09.653645,18,False
2020-06-15-16-40-09.665288,17,False
2020-06-15-16-40-09.676937,17,False
2020-06-15-16-40-09.688884,17,False
2020-06-15-16-40-09.701188,17,False
2020-06-15-16-40-09.712703,17,False
2020-06-15-16-40-09.724238,18,False
2020-06-15-16-40-09.735890,18,False
2020-06-15-16-40-09.746978,19,False
2020-06-15-16-40-09.758875,19,False
2020-06-15-16-40-09.771264,19,False
2020-06-15-16-40-09.783261,19,False
2020-06-15-16-40-09.794000,17,False
2020-06-15-16-40-09.805244,16,False
2020-06-15-16-40-09.816948,14,False
2020-06-15-16-40-09.828858,14,False
2020-06-15-16-40-09.841234,14,False
2020-06-15-16-40-09.853273,14,False
2020-06-15-16-40-09.865902,12,False
2020-06-15-16-40-09.878275,11,False
2020-06-15-16-40-09.889293,10,False
2020-06-15-16-40-09.901797,10,False
2020-06-15-16-40-09.913572,10,False
2020-06-15-16-40-09.925900,10,False
2020-06-15-16-40-09.938188,11,False
2020-06-15-16-40-09.950840,12,False
2020-06-15-16-40-09.962253,13,False
2020-06-15-16-40-09.973904,14,False
2020-06-15-16-40-09.985531,15,False
2020-06-15-16-40-09.996300,16,False
2020-06-15-16-40-10.008913,16,False
2020-06-15-16-40-10.021320,16,False
2020-06-15-16-40-10.033065,16,False
2020-06-15-16-40-10.044571,16,False
2020-06-15-16-40-10.056830,16,False
2020-06-15-16-40-10.068880,16,False
2020-06-15-16-40-10.081367,17,False
2020-06-15-16-40-10.093832,17,False
2020-06-15-16-40-10.105045,18,False
2020-06-15-16-40-10.117021,19,False
2020-06-15-16-40-10.129191,18,False
2020-06-15-16-40-10.141214,18,False
2020-06-15-16-40-10.153022,18,False
2020-06-15-16-40-10.165043,17,False
2020-06-15-16-40-10.176596,17,False
2020-06-15-16-40-10.188947,17,False
2020-06-15-16-40-10.201601,17,False
2020-06-15-16-40-10.213155,17,False
2020-06-15-16-40-10.224640,17,False
2020-06-15-16-40-10.235434,17,False
2020-06-15-16-40-10.247472,17,False
2020-06-15-16-40-10.259164,17,False
2020-06-15-16-40-10.271216,17,False
2020-06-15-16-40-10.283868,17,False
2020-06-15-16-40-10.296032,17,False
2020-06-15-16-40-10.307313,18,False
2020-06-15-16-40-10.318925,17,False
2020-06-15-16-40-10.331168,17,False
2020-06-15-16-40-10.343901,17,False
2020-06-15-16-40-10.355557,16,False
2020-06-15-16-40-10.367088,15,False
2020-06-15-16-40-10.378948,14,False
2020-06-15-16-40-10.391187,13,False
2020-06-15-16-40-10.401897,13,False
2020-06-15-16-40-10.413007,13,False
2020-06-15-16-40-10.424385,13,False
2020-06-15-16-40-10.434657,15,False
2020-06-15-16-40-10.446343,17,False
2020-06-15-16-40-10.458921,20,False
2020-06-15-16-40-10.471219,22,False
2020-06-15-16-40-10.483889,24,False
2020-06-15-16-40-10.496042,25,False
2020-06-15-16-40-10.507127,25,False
2020-06-15-16-40-10.519507,26,False
2020-06-15-16-40-10.532202,25,False
2020-06-15-16-40-10.543797,24,False
2020-06-15-16-40-10.555665,24,False
2020-06-15-16-40-10.567754,24,False
2020-06-15-16-40-10.579123,24,False
2020-06-15-16-40-10.591173,24,False
2020-06-15-16-40-10.603142,25,False
2020-06-15-16-40-10.615540,25,False
2020-06-15-16-40-10.627225,25,False
2020-06-15-16-40-10.638901,25,False
2020-06-15-16-40-10.651218,25,False
2020-06-15-16-40-10.661644,25,False
2020-06-15-16-40-10.672934,25,False
2020-06-15-16-40-10.684177,25,False
2020-06-15-16-40-10.695790,25,False
2020-06-15-16-40-10.708430,26,False
2020-06-15-16-40-10.720188,25,False
2020-06-15-16-40-10.732027,25,False
2020-06-15-16-40-10.744664,25,False
2020-06-15-16-40-10.754734,25,False
2020-06-15-16-40-10.766541,26,False
2020-06-15-16-40-10.778145,27,False
2020-06-15-16-40-10.792793,27,False
2020-06-15-16-40-10.805847,28,False
2020-06-15-16-40-10.819495,28,False
2020-06-15-16-40-10.829902,28,False
2020-06-15-16-40-10.842394,28,False
2020-06-15-16-40-10.853585,26,False
2020-06-15-16-40-10.864874,25,False
2020-06-15-16-40-10.876094,23,False
2020-06-15-16-40-10.886378,22,False
2020-06-15-16-40-10.898909,20,False
2020-06-15-16-40-10.911293,19,False
2020-06-15-16-40-10.923286,17,False
2020-06-15-16-40-10.934250,16,False
2020-06-15-16-40-10.945278,16,False
2020-06-15-16-40-10.956743,16,False
2020-06-15-16-40-10.968914,17,False
2020-06-15-16-40-10.981197,18,False
2020-06-15-16-40-10.994766,17,False
2020-06-15-16-40-11.006897,17,False
2020-06-15-16-40-11.019166,16,False
2020-06-15-16-40-11.031197,16,False
2020-06-15-16-40-11.043472,16,False
2020-06-15-16-40-11.054600,16,False
2020-06-15-16-40-11.067095,16,False
2020-06-15-16-40-11.079218,16,False
2020-06-15-16-40-11.091312,17,False
2020-06-15-16-40-11.103626,17,False
2020-06-15-16-40-11.116157,18,False
2020-06-15-16-40-11.127532,18,False
2020-06-15-16-40-11.139434,18,False
2020-06-15-16-40-11.151984,18,False
2020-06-15-16-40-11.163488,18,False
2020-06-15-16-40-11.174093,19,False
2020-06-15-16-40-11.184784,19,False
2020-06-15-16-40-11.196399,20,False
2020-06-15-16-40-11.208821,21,False
2020-06-15-16-40-11.221743,21,False
2020-06-15-16-40-11.233843,22,False
2020-06-15-16-40-11.245831,21,False
2020-06-15-16-40-11.258205,21,False
2020-06-15-16-40-11.269322,21,False
2020-06-15-16-40-11.281279,21,False
2020-06-15-16-40-11.293259,21,False
2020-06-15-16-40-11.304362,21,False
2020-06-15-16-40-11.316746,21,False
2020-06-15-16-40-11.328797,22,False
2020-06-15-16-40-11.341316,23,False
2020-06-15-16-40-11.352887,24,False
2020-06-15-16-40-11.364018,25,False
2020-06-15-16-40-11.375690,25,False
2020-06-15-16-40-11.387822,25,False
2020-06-15-16-40-11.399518,25,False
2020-06-15-16-40-11.411272,25,False
2020-06-15-16-40-11.421650,26,False
2020-06-15-16-40-11.432728,25,False
2020-06-15-16-40-11.443508,26,False
2020-06-15-16-40-11.455361,26,False
2020-06-15-16-40-11.467133,27,False
2020-06-15-16-40-11.478905,27,False
2020-06-15-16-40-11.491337,28,False
2020-06-15-16-40-11.502193,27,False
2020-06-15-16-40-11.513154,28,False
2020-06-15-16-40-11.525291,28,False
2020-06-15-16-40-11.536643,28,False
2020-06-15-16-40-11.548868,30,False
2020-06-15-16-40-11.561362,31,False
2020-06-15-16-40-11.573623,33,False
2020-06-15-16-40-11.583822,33,False
2020-06-15-16-40-11.595798,33,False
2020-06-15-16-40-11.608198,33,False
2020-06-15-16-40-11.619342,32,False
2020-06-15-16-40-11.631316,31,False
2020-06-15-16-40-11.643931,30,False
2020-06-15-16-40-11.655435,30,False
2020-06-15-16-40-11.667101,30,False
2020-06-15-16-40-11.678928,29,False
2020-06-15-16-40-11.691364,29,False
2020-06-15-16-40-11.702867,30,False
2020-06-15-16-40-11.714389,31,False
2020-06-15-16-40-11.725688,31,False
2020-06-15-16-40-11.735843,30,False
2020-06-15-16-40-11.747109,29,False
2020-06-15-16-40-11.758843,30,False
2020-06-15-16-40-11.771297,29,False
2020-06-15-16-40-11.783076,29,False
2020-06-15-16-40-11.794098,29,False
2020-06-15-16-40-11.805670,28,True
2020-06-15-16-40-11.817228,28,True
2020-06-15-16-40-11.828837,27,True
2020-06-15-16-40-11.841361,27,True
2020-06-15-16-40-11.853879,26,True
2020-06-15-16-40-11.864765,26,True
2020-06-15-16-40-11.876839,26,True
2020-06-15-16-40-11.889184,26,True
2020-06-15-16-40-11.901264,27,True
2020-06-15-16-40-11.912922,28,True
2020-06-15-16-40-11.925461,32,True
2020-06-15-16-40-11.936132,38,True
2020-06-15-16-40-11.947474,43,True
2020-06-15-16-40-11.958843,44,True
2020-06-15-16-40-11.971256,45,True
2020-06-15-16-40-11.983678,47,True
2020-06-15-16-40-11.994787,103,True
2020-06-15-16-40-12.005352,161,True
2020-06-15-16-40-12.016976,219,True
2020-06-15-16-40-12.029754,253,True
2020-06-15-16-40-12.041348,287,True
2020-06-15-16-40-12.052375,320,True
2020-06-15-16-40-12.064020,342,True
2020-06-15-16-40-12.076599,353,True
2020-06-15-16-40-12.088979,365,True
2020-06-15-16-40-12.101240,368,True
2020-06-15-16-40-12.113473,371,True
2020-06-15-16-40-12.125072,374,True
2020-06-15-16-40-12.136934,378,True
2020-06-15-16-40-12.148984,399,True
2020-06-15-16-40-12.161297,421,True
2020-06-15-16-40-12.173239,441,True
2020-06-15-16-40-12.184873,470,True
2020-06-15-16-40-12.196451,499,True
2020-06-15-16-40-12.207600,528,True
2020-06-15-16-40-12.219385,557,True
2020-06-15-16-40-12.231240,584,True
2020-06-15-16-40-12.243331,612,True
2020-06-15-16-40-12.254828,639,True
2020-06-15-16-40-12.266962,666,True
2020-06-15-16-40-12.279003,692,True
2020-06-15-16-40-12.291222,719,True
2020-06-15-16-40-12.302109,743,True
2020-06-15-16-40-12.314558,768,True
2020-06-15-16-40-12.324799,791,True
2020-06-15-16-40-12.337037,799,True
2020-06-15-16-40-12.348991,806,True
2020-06-15-16-40-12.361339,812,True
2020-06-15-16-40-12.373187,821,True
2020-06-15-16-40-12.384683,825,True
2020-06-15-16-40-12.395258,830,True
2020-06-15-16-40-12.405600,779,True
2020-06-15-16-40-12.416747,725,True
2020-06-15-16-40-12.429343,671,True
2020-06-15-16-40-12.441311,641,True
2020-06-15-16-40-12.453185,611,True
2020-06-15-16-40-12.465224,581,True
2020-06-15-16-40-12.476871,563,True
2020-06-15-16-40-12.489032,552,True
2020-06-15-16-40-12.501495,540,True
2020-06-15-16-40-12.513980,538,True
2020-06-15-16-40-12.526160,534,True
2020-06-15-16-40-12.538643,530,True
2020-06-15-16-40-12.551112,526,True
2020-06-15-16-40-12.563121,504,True
2020-06-15-16-40-12.573353,483,True
2020-06-15-16-40-12.585287,462,True
2020-06-15-16-40-12.596738,433,True
2020-06-15-16-40-12.609003,403,True
2020-06-15-16-40-12.621338,374,True
2020-06-15-16-40-12.633509,344,False
2020-06-15-16-40-12.645257,317,False
2020-06-15-16-40-12.656872,290,False
2020-06-15-16-40-12.669486,263,False
2020-06-15-16-40-12.681305,237,False
2020-06-15-16-40-12.692548,210,False
2020-06-15-16-40-12.704873,183,False
2020-06-15-16-40-12.717356,158,False
2020-06-15-16-40-12.729004,133,False
2020-06-15-16-40-12.741484,109,False
2020-06-15-16-40-12.754020,95,False
2020-06-15-16-40-12.766079,84,False
2020-06-15-16-40-12.776706,72,False
2020-06-15-16-40-12.790313,60,False
2020-06-15-16-40-12.802314,52,False
2020-06-15-16-40-12.814357,46,False
2020-06-15-16-40-12.826101,40,False
2020-06-15-16-40-12.838356,38,False
2020-06-15-16-40-12.849791,35,False
2020-06-15-16-40-12.861960,31,False
2020-06-15-16-40-12.873242,27,False
2020-06-15-16-40-12.885708,23,False
2020-06-15-16-40-12.897580,19,False
2020-06-15-16-40-12.908955,18,False
2020-06-15-16-40-12.921351,18,False
2020-06-15-16-40-12.934063,17,False
2020-06-15-16-40-12.944863,17,False
2020-06-15-16-40-12.956759,16,False
2020-06-15-16-40-12.969533,16,False
2020-06-15-16-40-12.981361,16,False
2020-06-15-16-40-12.992417,16,False
2020-06-15-16-40-13.003711,16,False
2020-06-15-16-40-13.014846,17,False
2020-06-15-16-40-13.026756,17,False
2020-06-15-16-40-13.038932,18,False
2020-06-15-16-40-13.051397,19,False
2020-06-15-16-40-13.064057,20,False
2020-06-15-16-40-13.076372,21,False
2020-06-15-16-40-13.089046,20,False
2020-06-15-16-40-13.102209,20,False
2020-06-15-16-40-13.114035,21,False
2020-06-15-16-40-13.125500,22,False
2020-06-15-16-40-13.136708,23,False
2020-06-15-16-40-13.148969,23,False
2020-06-15-16-40-13.161326,23,False
2020-06-15-16-40-13.172829,24,False
2020-06-15-16-40-13.184847,24,False
2020-06-15-16-40-13.195977,24,False
2020-06-15-16-40-13.207831,24,False
2020-06-15-16-40-13.219730,24,False
2020-06-15-16-40-13.231268,23,False
2020-06-15-16-40-13.242092,21,False
2020-06-15-16-40-13.254160,19,False
2020-06-15-16-40-13.264933,18,False
2020-06-15-16-40-13.276529,19,False
2020-06-15-16-40-13.288963,19,False
2020-06-15-16-40-13.301381,19,False
2020-06-15-16-40-13.313005,19,False
2020-06-15-16-40-13.325565,19,False
2020-06-15-16-40-13.335851,19,False
2020-06-15-16-40-13.348431,20,False
2020-06-15-16-40-13.361084,21,False
2020-06-15-16-40-13.372888,23,False
2020-06-15-16-40-13.384435,23,False
2020-06-15-16-40-13.396484,24,False
2020-06-15-16-40-13.408973,23,False
2020-06-15-16-40-13.421280,23,False
2020-06-15-16-40-13.433069,22,False
2020-06-15-16-40-13.445212,22,False
2020-06-15-16-40-13.457542,23,False
2020-06-15-16-40-13.468912,23,False
2020-06-15-16-40-13.481367,23,False
2020-06-15-16-40-13.493340,23,False
2020-06-15-16-40-13.505586,23,False
2020-06-15-16-40-13.517407,23,False
2020-06-15-16-40-13.529972,22,False
2020-06-15-16-40-13.542458,21,False
2020-06-15-16-40-13.552752,20,False
2020-06-15-16-40-13.564965,19,False
2020-06-15-16-40-13.576114,18,False
2020-06-15-16-40-13.587467,18,False
2020-06-15-16-40-13.599519,17,False
2020-06-15-16-40-13.611366,17,False
2020-06-15-16-40-13.622492,17,False
2020-06-15-16-40-13.635040,18,False
2020-06-15-16-40-13.646656,18,False
2020-06-15-16-40-13.658922,19,False
2020-06-15-16-40-13.671621,20,False
2020-06-15-16-40-13.682377,19,False
2020-06-15-16-40-13.694004,19,False
2020-06-15-16-40-13.706081,19,False
2020-06-15-16-40-13.718379,19,False
2020-06-15-16-40-13.729793,19,False
2020-06-15-16-40-13.741413,19,False
2020-06-15-16-40-13.752338,19,False
2020-06-15-16-40-13.763974,18,False
2020-06-15-16-40-13.776293,17,False
2020-06-15-16-40-13.787160,16,False
2020-06-15-16-40-13.799412,16,False
2020-06-15-16-40-13.810747,15,False
2020-06-15-16-40-13.821126,15,False
2020-06-15-16-40-13.833081,15,False
2020-06-15-16-40-13.844284,15,False
2020-06-15-16-40-13.856212,15,False
2020-06-15-16-40-13.868118,15,False
2020-06-15-16-40-13.880697,15,False
2020-06-15-16-40-13.891898,15,False
2020-06-15-16-40-13.903278,16,False
2020-06-15-16-40-13.915382,17,False
2020-06-15-16-40-13.926395,19,False
2020-06-15-16-40-13.938899,19,False
2020-06-15-16-40-13.951435,19,False
2020-06-15-16-40-13.963400,19,False
2020-06-15-16-40-13.974694,20,False
2020-06-15-16-40-13.986680,20,False
2020-06-15-16-40-13.998905,20,False
2020-06-15-16-40-14.011381,19,False
2020-06-15-16-40-14.021539,19,False
2020-06-15-16-40-14.033102,19,False
2020-06-15-16-40-14.045873,19,False
2020-06-15-16-40-14.057620,20,False
2020-06-15-16-40-14.068989,20,False
2020-06-15-16-40-14.081333,20,False
2020-06-15-16-40-14.093022,20,False
2020-06-15-16-40-14.103698,20,False
2020-06-15-16-40-14.115203,19,False
2020-06-15-16-40-14.127170,20,False
2020-06-15-16-40-14.138865,21,False
2020-06-15-16-40-14.151401,20,False
2020-06-15-16-40-14.163348,20,False
2020-06-15-16-40-14.173532,20,False
2020-06-15-16-40-14.185152,21,False
2020-06-15-16-40-14.195770,21,False
2020-06-15-16-40-14.206206,21,False
2020-06-15-16-40-14.218393,21,False
2020-06-15-16-40-14.230006,21,False
2020-06-15-16-40-14.241491,21,False
2020-06-15-16-40-14.252647,22,False
2020-06-15-16-40-14.264309,23,False
2020-06-15-16-40-14.275791,23,False
2020-06-15-16-40-14.288295,23,False
2020-06-15-16-40-14.300011,24,False
2020-06-15-16-40-14.311627,23,False
2020-06-15-16-40-14.321745,23,False
2020-06-15-16-40-14.333095,23,False
2020-06-15-16-40-14.343779,23,False
2020-06-15-16-40-14.355260,24,False
2020-06-15-16-40-14.367244,24,False
2020-06-15-16-40-14.379056,25,False
2020-06-15-16-40-14.392020,26,False
2020-06-15-16-40-14.402355,26,False
2020-06-15-16-40-14.414997,26,False
2020-06-15-16-40-14.425750,26,False
2020-06-15-16-40-14.437135,26,False
2020-06-15-16-40-14.449398,27,False
2020-06-15-16-40-14.461369,27,False
2020-06-15-16-40-14.473616,27,False
2020-06-15-16-40-14.485108,26,False
2020-06-15-16-40-14.495420,27,False
2020-06-15-16-40-14.507860,27,False
2020-06-15-16-40-14.518962,27,False
2020-06-15-16-40-14.531402,26,False
2020-06-15-16-40-14.543349,28,False
2020-06-15-16-40-14.555023,30,False
2020-06-15-16-40-14.566147,31,False
2020-06-15-16-40-14.576611,31,False
2020-06-15-16-40-14.589004,32,False
2020-06-15-16-40-14.601330,33,False
2020-06-15-16-40-14.613982,33,False
2020-06-15-16-40-14.626457,35,False
2020-06-15-16-40-14.639047,36,False
2020-06-15-16-40-14.651446,37,False
2020-06-15-16-40-14.663770,36,False
2020-06-15-16-40-14.675945,35,False
2020-06-15-16-40-14.687286,35,False
2020-06-15-16-40-14.699048,34,False
2020-06-15-16-40-14.711606,34,False
2020-06-15-16-40-14.724232,34,False
2020-06-15-16-40-14.735060,33,False
2020-06-15-16-40-14.746724,33,False
2020-06-15-16-40-14.758969,33,False
2020-06-15-16-40-14.771440,32,False
2020-06-15-16-40-14.781807,32,False
2020-06-15-16-40-14.793934,31,False
2020-06-15-16-40-14.804155,31,False
2020-06-15-16-40-14.815913,31,False
2020-06-15-16-40-14.826009,31,False
2020-06-15-16-40-14.838161,31,False
2020-06-15-16-40-14.849633,30,False
2020-06-15-16-40-14.861777,30,False
2020-06-15-16-40-14.873560,29,False
2020-06-15-16-40-14.886090,30,False
2020-06-15-16-40-14.897054,30,False
2020-06-15-16-40-14.908954,30,False
2020-06-15-16-40-14.921353,29,False
2020-06-15-16-40-14.933785,29,False
2020-06-15-16-40-14.944801,29,False
2020-06-15-16-40-14.955149,29,False
2020-06-15-16-40-14.967168,28,False
2020-06-15-16-40-14.979083,27,False
2020-06-15-16-40-14.992320,27,False
2020-06-15-16-40-15.004493,28,False
2020-06-15-16-40-15.016547,28,False
2020-06-15-16-40-15.029626,28,False
2020-06-15-16-40-15.042175,28,False
2020-06-15-16-40-15.053798,28,False
2020-06-15-16-40-15.065993,26,False
2020-06-15-16-40-15.077314,26,False
2020-06-15-16-40-15.089045,26,False
2020-06-15-16-40-15.101473,27,False
2020-06-15-16-40-15.113560,26,False
2020-06-15-16-40-15.124873,26,False
2020-06-15-16-40-15.136649,25,False
2020-06-15-16-40-15.149052,24,False
2020-06-15-16-40-15.161337,23,False
2020-06-15-16-40-15.173096,22,False
2020-06-15-16-40-15.185636,22,False
2020-06-15-16-40-15.196890,22,False
2020-06-15-16-40-15.209090,22,False
2020-06-15-16-40-15.221430,22,False
2020-06-15-16-40-15.232210,22,False
2020-06-15-16-40-15.244569,22,False
2020-06-15-16-40-15.255853,23,False
2020-06-15-16-40-15.267546,23,True
2020-06-15-16-40-15.279343,24,True
2020-06-15-16-40-15.292047,25,True
2020-06-15-16-40-15.304761,25,True
2020-06-15-16-40-15.316299,25,True
2020-06-15-16-40-15.328522,26,True
2020-06-15-16-40-15.339392,28,True
2020-06-15-16-40-15.351422,30,True
2020-06-15-16-40-15.363633,30,True
2020-06-15-16-40-15.376068,30,True
2020-06-15-16-40-15.387272,31,True
2020-06-15-16-40-15.399031,31,True
2020-06-15-16-40-15.411341,33,True
2020-06-15-16-40-15.422145,33,True
2020-06-15-16-40-15.433272,33,True
2020-06-15-16-40-15.444101,37,True
2020-06-15-16-40-15.454556,41,True
2020-06-15-16-40-15.465777,44,True
2020-06-15-16-40-15.476498,72,True
2020-06-15-16-40-15.487665,101,True
2020-06-15-16-40-15.499434,129,True
2020-06-15-16-40-15.511530,131,True
2020-06-15-16-40-15.522749,150,True
2020-06-15-16-40-15.535083,170,True
2020-06-15-16-40-15.546392,200,True
2020-06-15-16-40-15.559064,229,True
2020-06-15-16-40-15.571473,259,True
2020-06-15-16-40-15.584075,288,True
2020-06-15-16-40-15.595184,304,True
2020-06-15-16-40-15.607766,321,True
2020-06-15-16-40-15.619133,337,True
2020-06-15-16-40-15.631332,342,True
2020-06-15-16-40-15.641667,346,True
2020-06-15-16-40-15.653022,351,True
2020-06-15-16-40-15.665812,353,True
2020-06-15-16-40-15.678366,354,True
2020-06-15-16-40-15.689080,356,True
2020-06-15-16-40-15.701430,366,True
2020-06-15-16-40-15.714156,376,True
2020-06-15-16-40-15.726346,386,True
2020-06-15-16-40-15.738143,397,True
2020-06-15-16-40-15.749601,409,True
2020-06-15-16-40-15.761476,420,True
2020-06-15-16-40-15.773523,430,True
2020-06-15-16-40-15.785015,439,True
2020-06-15-16-40-15.796441,449,True
2020-06-15-16-40-15.809087,458,True
2020-06-15-16-40-15.821432,465,True
2020-06-15-16-40-15.832657,471,True
2020-06-15-16-40-15.844230,478,True
2020-06-15-16-40-15.856640,480,True
2020-06-15-16-40-15.868980,481,True
2020-06-15-16-40-15.881451,483,True
2020-06-15-16-40-15.893371,460,True
2020-06-15-16-40-15.904600,438,True
2020-06-15-16-40-15.917240,415,True
2020-06-15-16-40-15.930130,417,True
2020-06-15-16-40-15.941464,402,True
2020-06-15-16-40-15.952784,386,True
2020-06-15-16-40-15.964161,358,True
2020-06-15-16-40-15.975018,331,True
2020-06-15-16-40-15.986829,304,True
2020-06-15-16-40-15.998975,277,True
2020-06-15-16-40-16.011457,261,True
2020-06-15-16-40-16.023787,245,True
2020-06-15-16-40-16.035907,229,True
2020-06-15-16-40-16.047221,225,True
2020-06-15-16-40-16.059183,221,True
2020-06-15-16-40-16.071740,216,True
2020-06-15-16-40-16.084427,215,True
2020-06-15-16-40-16.095656,214,False
2020-06-15-16-40-16.107008,212,False
2020-06-15-16-40-16.119084,203,False
2020-06-15-16-40-16.131391,193,False
2020-06-15-16-40-16.141755,183,False
2020-06-15-16-40-16.152996,171,False
2020-06-15-16-40-16.163221,160,False
2020-06-15-16-40-16.174499,148,False
2020-06-15-16-40-16.186401,138,False
2020-06-15-16-40-16.196895,127,False
2020-06-15-16-40-16.209086,117,False
2020-06-15-16-40-16.221419,106,False
2020-06-15-16-40-16.233426,97,False
2020-06-15-16-40-16.245505,88,False
2020-06-15-16-40-16.257070,79,False
2020-06-15-16-40-16.269026,73,False
2020-06-15-16-40-16.281597,67,False
2020-06-15-16-40-16.292961,60,False
2020-06-15-16-40-16.303754,55,False
2020-06-15-16-40-16.314866,49,False
2020-06-15-16-40-16.326936,43,False
2020-06-15-16-40-16.339100,39,False
2020-06-15-16-40-16.351508,35,False
2020-06-15-16-40-16.361734,31,False
2020-06-15-16-40-16.373501,28,False
2020-06-15-16-40-16.385047,26,False
2020-06-15-16-40-16.397846,24,False
2020-06-15-16-40-16.409176,22,False
2020-06-15-16-40-16.421419,23,False
2020-06-15-16-40-16.433727,24,False
2020-06-15-16-40-16.446273,24,False
2020-06-15-16-40-16.458844,24,False
2020-06-15-16-40-16.471385,24,False
2020-06-15-16-40-16.483214,24,False
2020-06-15-16-40-16.495424,23,False
2020-06-15-16-40-16.507877,22,False
2020-06-15-16-40-16.520398,21,False
2020-06-15-16-40-16.532429,20,False
2020-06-15-16-40-16.544871,20,False
2020-06-15-16-40-16.556148,20,False
2020-06-15-16-40-16.567269,20,False
2020-06-15-16-40-16.579028,19,False
2020-06-15-16-40-16.591481,19,False
2020-06-15-16-40-16.602145,19,False
2020-06-15-16-40-16.614589,19,False
2020-06-15-16-40-16.626455,19,False
2020-06-15-16-40-16.639005,18,False
2020-06-15-16-40-16.651399,19,False
2020-06-15-16-40-16.662766,19,False
2020-06-15-16-40-16.674382,19,False
2020-06-15-16-40-16.686556,20,False
2020-06-15-16-40-16.699018,20,False
2020-06-15-16-40-16.711485,21,False
2020-06-15-16-40-16.723073,21,False
2020-06-15-16-40-16.734292,21,False
2020-06-15-16-40-16.745067,20,False
2020-06-15-16-40-16.755982,20,False
2020-06-15-16-40-16.767383,20,False
2020-06-15-16-40-16.779444,20,False
2020-06-15-16-40-16.791421,21,False
2020-06-15-16-40-16.803601,22,False
2020-06-15-16-40-16.814166,22,False
2020-06-15-16-40-16.824358,23,False
2020-06-15-16-40-16.835989,22,False
2020-06-15-16-40-16.846207,22,False
2020-06-15-16-40-16.858612,23,False
2020-06-15-16-40-16.870973,23,False
2020-06-15-16-40-16.882714,24,False
2020-06-15-16-40-16.893203,25,False
2020-06-15-16-40-16.904764,26,False
2020-06-15-16-40-16.916463,26,False
2020-06-15-16-40-16.929135,27,False
2020-06-15-16-40-16.941400,28,False
2020-06-15-16-40-16.952993,27,False
2020-06-15-16-40-16.964006,26,False
2020-06-15-16-40-16.974419,26,False
2020-06-15-16-40-16.986445,26,False
2020-06-15-16-40-16.999092,26,False
2020-06-15-16-40-17.011472,26,False
2020-06-15-16-40-17.022461,26,False
2020-06-15-16-40-17.033338,26,False
2020-06-15-16-40-17.044233,26,False
2020-06-15-16-40-17.055980,26,False
2020-06-15-16-40-17.068012,26,False
2020-06-15-16-40-17.079363,26,False
2020-06-15-16-40-17.091471,25,False
2020-06-15-16-40-17.103948,25,False
2020-06-15-16-40-17.115577,25,False
2020-06-15-16-40-17.127402,25,False
2020-06-15-16-40-17.139017,25,False
2020-06-15-16-40-17.151489,25,False
2020-06-15-16-40-17.163833,25,False
2020-06-15-16-40-17.174845,26,False
2020-06-15-16-40-17.185991,27,False
2020-06-15-16-40-17.196566,28,False
2020-06-15-16-40-17.209147,28,False
2020-06-15-16-40-17.221752,28,False
2020-06-15-16-40-17.232278,28,False
2020-06-15-16-40-17.242368,28,False
2020-06-15-16-40-17.254259,29,False
2020-06-15-16-40-17.266145,29,False
2020-06-15-16-40-17.276620,28,False
2020-06-15-16-40-17.289091,27,False
2020-06-15-16-40-17.301498,26,False
2020-06-15-16-40-17.313568,26,False
2020-06-15-16-40-17.324655,26,False
2020-06-15-16-40-17.336307,26,False
2020-06-15-16-40-17.346966,26,False
2020-06-15-16-40-17.359096,26,False
2020-06-15-16-40-17.371906,25,False
2020-06-15-16-40-17.382155,25,False
2020-06-15-16-40-17.393235,25,False
2020-06-15-16-40-17.403375,25,False
2020-06-15-16-40-17.413907,24,False
2020-06-15-16-40-17.424624,24,False
2020-06-15-16-40-17.435795,24,False
2020-06-15-16-40-17.447292,25,False
2020-06-15-16-40-17.459517,25,False
2020-06-15-16-40-17.472403,25,False
2020-06-15-16-40-17.483904,25,False
2020-06-15-16-40-17.495291,25,False
2020-06-15-16-40-17.507079,26,False
2020-06-15-16-40-17.519148,26,False
2020-06-15-16-40-17.531718,26,False
2020-06-15-16-40-17.543607,27,False
2020-06-15-16-40-17.554698,28,False
2020-06-15-16-40-17.566065,28,False
2020-06-15-16-40-17.577247,27,False
2020-06-15-16-40-17.589082,26,False
2020-06-15-16-40-17.601428,26,False
2020-06-15-16-40-17.613257,26,False
2020-06-15-16-40-17.625797,26,False
2020-06-15-16-40-17.637093,26,False
2020-06-15-16-40-17.647560,25,False
2020-06-15-16-40-17.659029,24,False
2020-06-15-16-40-17.671690,23,False
2020-06-15-16-40-17.683656,24,False
2020-06-15-16-40-17.694204,25,False
2020-06-15-16-40-17.705488,26,False
2020-06-15-16-40-17.717408,26,False
2020-06-15-16-40-17.729167,26,False
2020-06-15-16-40-17.741418,26,False
2020-06-15-16-40-17.753905,26,False
2020-06-15-16-40-17.766480,28,False
2020-06-15-16-40-17.779110,28,False
2020-06-15-16-40-17.791456,28,False
2020-06-15-16-40-17.803704,28,False
2020-06-15-16-40-17.816047,27,False
2020-06-15-16-40-17.827468,27,False
2020-06-15-16-40-17.839192,26,False
2020-06-15-16-40-17.851568,26,False
2020-06-15-16-40-17.861884,26,False
2020-06-15-16-40-17.874087,26,False
2020-06-15-16-40-17.886098,26,False
2020-06-15-16-40-17.898408,27,False
2020-06-15-16-40-17.909390,27,False
2020-06-15-16-40-17.921738,27,False
2020-06-15-16-40-17.931997,27,False
2020-06-15-16-40-17.944334,28,False
2020-06-15-16-40-17.955918,29,False
2020-06-15-16-40-17.967685,30,False
2020-06-15-16-40-17.979239,30,False
2020-06-15-16-40-17.991461,31,False
2020-06-15-16-40-18.002969,32,False
2020-06-15-16-40-18.013788,33,False
2020-06-15-16-40-18.024295,34,False
2020-06-15-16-40-18.035777,33,False
2020-06-15-16-40-18.047485,33,False
2020-06-15-16-40-18.059128,32,False
2020-06-15-16-40-18.072033,32,False
2020-06-15-16-40-18.083808,32,False
2020-06-15-16-40-18.096205,32,False
2020-06-15-16-40-18.108551,32,False
2020-06-15-16-40-18.120674,32,False
2020-06-15-16-40-18.133004,33,False
2020-06-15-16-40-18.145332,32,False
2020-06-15-16-40-18.157806,31,False
2020-06-15-16-40-18.169144,31,False
2020-06-15-16-40-18.181483,29,False
2020-06-15-16-40-18.193195,29,False
2020-06-15-16-40-18.205136,29,False
2020-06-15-16-40-18.216610,29,False
2020-06-15-16-40-18.229627,29,False
2020-06-15-16-40-18.241739,29,False
2020-06-15-16-40-18.252985,28,False
2020-06-15-16-40-18.263608,28,False
2020-06-15-16-40-18.274676,28,False
2020-06-15-16-40-18.286074,28,False
2020-06-15-16-40-18.298140,28,False
2020-06-15-16-40-18.309667,29,False
2020-06-15-16-40-18.321519,30,False
2020-06-15-16-40-18.332815,31,False
2020-06-15-16-40-18.343083,31,False
2020-06-15-16-40-18.355366,32,False
2020-06-15-16-40-18.366937,32,False
2020-06-15-16-40-18.379133,33,False
2020-06-15-16-40-18.391559,33,False
2020-06-15-16-40-18.402707,33,False
2020-06-15-16-40-18.414408,32,False
2020-06-15-16-40-18.426995,33,False
2020-06-15-16-40-18.439377,33,False
2020-06-15-16-40-18.451544,33,False
2020-06-15-16-40-18.462889,34,False
2020-06-15-16-40-18.473069,35,False
2020-06-15-16-40-18.484077,36,False
2020-06-15-16-40-18.496684,36,False
2020-06-15-16-40-18.509168,37,False
2020-06-15-16-40-18.521524,37,False
2020-06-15-16-40-18.533321,36,False
2020-06-15-16-40-18.544979,35,False
2020-06-15-16-40-18.557324,35,False
2020-06-15-16-40-18.569140,34,False
2020-06-15-16-40-18.581477,34,False
2020-06-15-16-40-18.593924,34,False
2020-06-15-16-40-18.605959,34,False
2020-06-15-16-40-18.617442,34,False
2020-06-15-16-40-18.629132,35,False
2020-06-15-16-40-18.641415,35,False
2020-06-15-16-40-18.653020,36,False
2020-06-15-16-40-18.663932,36,False
2020-06-15-16-40-18.674368,36,False
2020-06-15-16-40-18.686558,37,False
2020-06-15-16-40-18.699136,39,False
2020-06-15-16-40-18.711498,39,False
2020-06-15-16-40-18.723366,39,False
2020-06-15-16-40-18.735221,38,True
2020-06-15-16-40-18.746961,38,True
2020-06-15-16-40-18.759161,37,True
2020-06-15-16-40-18.771563,35,True
2020-06-15-16-40-18.781873,34,True
2020-06-15-16-40-18.794319,33,True
2020-06-15-16-40-18.804800,34,True
2020-06-15-16-40-18.817383,34,True
2020-06-15-16-40-18.829316,35,True
2020-06-15-16-40-18.841460,35,True
2020-06-15-16-40-18.851689,34,True
2020-06-15-16-40-18.863209,36,True
2020-06-15-16-40-18.873962,36,True
2020-06-15-16-40-18.886587,35,True
2020-06-15-16-40-18.899054,34,True
2020-06-15-16-40-18.911483,33,True
2020-06-15-16-40-18.922803,32,True
2020-06-15-16-40-18.934290,43,True
2020-06-15-16-40-18.945756,56,True
2020-06-15-16-40-18.957298,69,True
2020-06-15-16-40-18.969073,86,True
2020-06-15-16-40-18.981493,93,True
2020-06-15-16-40-18.993975,100,True
2020-06-15-16-40-19.006592,128,True
2020-06-15-16-40-19.019084,186,True
2020-06-15-16-40-19.029628,244,True
2020-06-15-16-40-19.041456,302,True
2020-06-15-16-40-19.053084,344,True
2020-06-15-16-40-19.064087,385,True
2020-06-15-16-40-19.075910,427,True
2020-06-15-16-40-19.087869,443,True
2020-06-15-16-40-19.099099,459,True
2020-06-15-16-40-19.111449,474,True
2020-06-15-16-40-19.122581,480,True
2020-06-15-16-40-19.133947,480,True
2020-06-15-16-40-19.145249,480,True
2020-06-15-16-40-19.157807,480,True
2020-06-15-16-40-19.169863,482,True
2020-06-15-16-40-19.181559,483,True
2020-06-15-16-40-19.193989,502,True
2020-06-15-16-40-19.206327,521,True
2020-06-15-16-40-19.217506,539,True
2020-06-15-16-40-19.229170,559,True
2020-06-15-16-40-19.242106,579,True
2020-06-15-16-40-19.253670,600,True
2020-06-15-16-40-19.265278,619,True
2020-06-15-16-40-19.275748,638,True
2020-06-15-16-40-19.286912,657,True
2020-06-15-16-40-19.299774,675,True
2020-06-15-16-40-19.311400,694,True
2020-06-15-16-40-19.322813,712,True
2020-06-15-16-40-19.333683,731,True
2020-06-15-16-40-19.344394,736,True
2020-06-15-16-40-19.355229,741,True
2020-06-15-16-40-19.366753,740,True
2020-06-15-16-40-19.379168,735,True
2020-06-15-16-40-19.391552,739,True
2020-06-15-16-40-19.402759,741,True
2020-06-15-16-40-19.414035,721,True
2020-06-15-16-40-19.425021,672,True
2020-06-15-16-40-19.437466,619,True
2020-06-15-16-40-19.449193,567,True
2020-06-15-16-40-19.461888,531,True
2020-06-15-16-40-19.473986,494,True
2020-06-15-16-40-19.484229,458,True
2020-06-15-16-40-19.495699,447,True
2020-06-15-16-40-19.507555,435,True
2020-06-15-16-40-19.519919,424,True
2020-06-15-16-40-19.531540,419,True
2020-06-15-16-40-19.543762,420,True
2020-06-15-16-40-19.555166,421,False
2020-06-15-16-40-19.567289,422,False
2020-06-15-16-40-19.579294,421,False
2020-06-15-16-40-19.591505,420,False
2020-06-15-16-40-19.603152,401,False
2020-06-15-16-40-19.613623,382,False
2020-06-15-16-40-19.626358,362,False
2020-06-15-16-40-19.638488,340,False
2020-06-15-16-40-19.649546,318,False
2020-06-15-16-40-19.661555,296,False
2020-06-15-16-40-19.674157,277,False
2020-06-15-16-40-19.685220,257,False
2020-06-15-16-40-19.696658,237,False
2020-06-15-16-40-19.709205,219,False
2020-06-15-16-40-19.721522,201,False
2020-06-15-16-40-19.733228,184,False
2020-06-15-16-40-19.743346,166,False
2020-06-15-16-40-19.755152,149,False
2020-06-15-16-40-19.767161,131,False
2020-06-15-16-40-19.779102,121,False
2020-06-15-16-40-19.791533,109,False
2020-06-15-16-40-19.804242,99,False
2020-06-15-16-40-19.816311,90,False
2020-06-15-16-40-19.828978,81,False
2020-06-15-16-40-19.841515,72,False
2020-06-15-16-40-19.851759,66,False
2020-06-15-16-40-19.862804,60,False
2020-06-15-16-40-19.873307,55,False
2020-06-15-16-40-19.883991,49,False
2020-06-15-16-40-19.895815,43,False
2020-06-15-16-40-19.907216,38,False
2020-06-15-16-40-19.919216,33,False
2020-06-15-16-40-19.931451,28,False
2020-06-15-16-40-19.944114,26,False
2020-06-15-16-40-19.955294,23,False
2020-06-15-16-40-19.967180,22,False
2020-06-15-16-40-19.979096,20,False
2020-06-15-16-40-19.991453,21,False
2020-06-15-16-40-20.003293,21,False
2020-06-15-16-40-20.015450,21,False
2020-06-15-16-40-20.027501,21,False
2020-06-15-16-40-20.039650,21,False
2020-06-15-16-40-20.051570,21,False
2020-06-15-16-40-20.063714,21,False
2020-06-15-16-40-20.075297,21,False
2020-06-15-16-40-20.087063,20,False
2020-06-15-16-40-20.099202,21,False
2020-06-15-16-40-20.111591,21,False
2020-06-15-16-40-20.122789,20,False
2020-06-15-16-40-20.133529,20,False
2020-06-15-16-40-20.144912,19,False
2020-06-15-16-40-20.155756,19,False
2020-06-15-16-40-20.166923,18,False
2020-06-15-16-40-20.179118,17,False
2020-06-15-16-40-20.191570,16,False
2020-06-15-16-40-20.202364,16,False
2020-06-15-16-40-20.213829,15,False
2020-06-15-16-40-20.225606,14,False
2020-06-15-16-40-20.237601,14,False
2020-06-15-16-40-20.249189,15,False
2020-06-15-16-40-20.261577,15,False
2020-06-15-16-40-20.273565,16,False
2020-06-15-16-40-20.285939,16,False
2020-06-15-16-40-20.298432,17,False
2020-06-15-16-40-20.309675,18,False
2020-06-15-16-40-20.321521,18,False
2020-06-15-16-40-20.334008,18,False
2020-06-15-16-40-20.345337,18,False
2020-06-15-16-40-20.356845,19,False
2020-06-15-16-40-20.369284,19,False
2020-06-15-16-40-20.381590,19,False
2020-06-15-16-40-20.393327,19,False
2020-06-15-16-40-20.405664,18,False
2020-06-15-16-40-20.417179,18,False
2020-06-15-16-40-20.429204,18,False
2020-06-15-16-40-20.441583,17,False
2020-06-15-16-40-20.453406,17,False
2020-06-15-16-40-20.463799,17,False
2020-06-15-16-40-20.474936,17,False
2020-06-15-16-40-20.486939,17,False
2020-06-15-16-40-20.499141,17,False
2020-06-15-16-40-20.511703,16,False
2020-06-15-16-40-20.523296,15,False
2020-06-15-16-40-20.534751,14,False
2020-06-15-16-40-20.545526,14,False
2020-06-15-16-40-20.556944,14,False
2020-06-15-16-40-20.569251,15,False
2020-06-15-16-40-20.581575,15,False
2020-06-15-16-40-20.593239,16,False
2020-06-15-16-40-20.605463,17,False
2020-06-15-16-40-20.616759,17,False
2020-06-15-16-40-20.629174,18,False
2020-06-15-16-40-20.641556,18,False
2020-06-15-16-40-20.652815,19,False
2020-06-15-16-40-20.663196,19,False
2020-06-15-16-40-20.673432,18,False
2020-06-15-16-40-20.685421,18,False
2020-06-15-16-40-20.695743,19,False
2020-06-15-16-40-20.706032,20,False
2020-06-15-16-40-20.717282,20,False
2020-06-15-16-40-20.729322,22,False
2020-06-15-16-40-20.739931,23,False
2020-06-15-16-40-20.751511,23,False
2020-06-15-16-40-20.762989,23,False
2020-06-15-16-40-20.773285,23,False
2020-06-15-16-40-20.784243,24,False
2020-06-15-16-40-20.797342,24,False
2020-06-15-16-40-20.809596,24,False
2020-06-15-16-40-20.821932,23,False
2020-06-15-16-40-20.833620,23,False
2020-06-15-16-40-20.845033,23,False
2020-06-15-16-40-20.855199,24,False
2020-06-15-16-40-20.867526,24,False
2020-06-15-16-40-20.879268,24,False
2020-06-15-16-40-20.891508,23,False
2020-06-15-16-40-20.904663,23,False
2020-06-15-16-40-20.917018,24,False
2020-06-15-16-40-20.929296,25,False
2020-06-15-16-40-20.941632,26,False
2020-06-15-16-40-20.952168,26,False
2020-06-15-16-40-20.963083,26,False
2020-06-15-16-40-20.973863,26,False
2020-06-15-16-40-20.984325,26,False
2020-06-15-16-40-20.995627,26,False
2020-06-15-16-40-21.006384,25,False
2020-06-15-16-40-21.017667,24,False
2020-06-15-16-40-21.029528,24,False
2020-06-15-16-40-21.041598,24,False
2020-06-15-16-40-21.053649,25,False
2020-06-15-16-40-21.064560,25,False
2020-06-15-16-40-21.075662,26,False
2020-06-15-16-40-21.086901,27,False
2020-06-15-16-40-21.099146,27,False
2020-06-15-16-40-21.111507,26,False
2020-06-15-16-40-21.124040,26,False
2020-06-15-16-40-21.134486,25,False
2020-06-15-16-40-21.145959,25,False
2020-06-15-16-40-21.157424,24,False
2020-06-15-16-40-21.169343,25,False
2020-06-15-16-40-21.181629,25,False
2020-06-15-16-40-21.193269,24,False
2020-06-15-16-40-21.204968,23,False
2020-06-15-16-40-21.217672,23,False
2020-06-15-16-40-21.229294,22,False
2020-06-15-16-40-21.241520,22,False
2020-06-15-16-40-21.251923,22,False
2020-06-15-16-40-21.262481,21,False
2020-06-15-16-40-21.273610,21,False
2020-06-15-16-40-21.284987,20,False
2020-06-15-16-40-21.297347,21,False
2020-06-15-16-40-21.309495,21,False
2020-06-15-16-40-21.319798,22,False
2020-06-15-16-40-21.331753,22,False
2020-06-15-16-40-21.341974,22,False
2020-06-15-16-40-21.353634,23,False
2020-06-15-16-40-21.365021,24,False
2020-06-15-16-40-21.377166,25,False
2020-06-15-16-40-21.389248,26,False
2020-06-15-16-40-21.401860,26,False
2020-06-15-16-40-21.414185,28,False
2020-06-15-16-40-21.424661,29,False
2020-06-15-16-40-21.436426,30,False
2020-06-15-16-40-21.446855,31,False
2020-06-15-16-40-21.459247,31,False
2020-06-15-16-40-21.472025,31,False
2020-06-15-16-40-21.483969,31,False
2020-06-15-16-40-21.495917,31,False
2020-06-15-16-40-21.506792,30,False
2020-06-15-16-40-21.519230,30,False
2020-06-15-16-40-21.531555,29,False
2020-06-15-16-40-21.541941,29,False
2020-06-15-16-40-21.553978,28,False
2020-06-15-16-40-21.566586,27,False
2020-06-15-16-40-21.579240,26,False
2020-06-15-16-40-21.591583,26,False
2020-06-15-16-40-21.604223,27,False
2020-06-15-16-40-21.614659,27,False
2020-06-15-16-40-21.625655,28,False
2020-06-15-16-40-21.636934,28,False
2020-06-15-16-40-21.647968,29,False
2020-06-15-16-40-21.659320,29,False
2020-06-15-16-40-21.670952,29,False
2020-06-15-16-40-21.681728,29,False
2020-06-15-16-40-21.693528,30,False
2020-06-15-16-40-21.706154,30,False
2020-06-15-16-40-21.717753,30,False
2020-06-15-16-40-21.729273,29,False
2020-06-15-16-40-21.741612,29,False
2020-06-15-16-40-21.753348,28,False
2020-06-15-16-40-21.763483,27,False
2020-06-15-16-40-21.775493,26,False
2020-06-15-16-40-21.786819,24,False
2020-06-15-16-40-21.799283,24,False
2020-06-15-16-40-21.811650,24,False
2020-06-15-16-40-21.822986,24,False
2020-06-15-16-40-21.833614,24,False
2020-06-15-16-40-21.844406,25,False
2020-06-15-16-40-21.856700,25,False
2020-06-15-16-40-21.869277,27,True
2020-06-15-16-40-21.881622,28,True
2020-06-15-16-40-21.893951,29,True
2020-06-15-16-40-21.905393,30,True
2020-06-15-16-40-21.917803,30,True
2020-06-15-16-40-21.929234,30,True
2020-06-15-16-40-21.941611,29,True
2020-06-15-16-40-21.953164,29,True
2020-06-15-16-40-21.964917,30,True
2020-06-15-16-40-21.976670,31,True
2020-06-15-16-40-21.989275,32,True
2020-06-15-16-40-22.001617,32,True
2020-06-15-16-40-22.013125,31,True
2020-06-15-16-40-22.023773,31,True
2020-06-15-16-40-22.035170,33,True
2020-06-15-16-40-22.047748,45,True
2020-06-15-16-40-22.059236,58,True
2020-06-15-16-40-22.072075,60,True
2020-06-15-16-40-22.084797,72,True
2020-06-15-16-40-22.095533,85,True
2020-06-15-16-40-22.107165,97,True
2020-06-15-16-40-22.119204,155,True
2020-06-15-16-40-22.131854,213,True
2020-06-15-16-40-22.142485,272,True
2020-06-15-16-40-22.154123,330,True
2020-06-15-16-40-22.165716,388,True
2020-06-15-16-40-22.175919,445,True
2020-06-15-16-40-22.187051,474,True
2020-06-15-16-40-22.199348,502,True
2020-06-15-16-40-22.211608,529,True
2020-06-15-16-40-22.222108,540,True
2020-06-15-16-40-22.233731,552,True
2020-06-15-16-40-22.246142,563,True
2020-06-15-16-40-22.257613,569,True
2020-06-15-16-40-22.269287,568,True
2020-06-15-16-40-22.281529,567,True
2020-06-15-16-40-22.293368,572,True
2020-06-15-16-40-22.304356,592,True
2020-06-15-16-40-22.315259,611,True
2020-06-15-16-40-22.327347,631,True
2020-06-15-16-40-22.339529,665,True
2020-06-15-16-40-22.351630,699,True
2020-06-15-16-40-22.362024,733,True
2020-06-15-16-40-22.373523,762,True
2020-06-15-16-40-22.385018,792,True
2020-06-15-16-40-22.396641,822,True
2020-06-15-16-40-22.409177,847,True
2020-06-15-16-40-22.421521,872,True
2020-06-15-16-40-22.433314,897,True
2020-06-15-16-40-22.444817,915,True
2020-06-15-16-40-22.455291,924,True
2020-06-15-16-40-22.466934,932,True
2020-06-15-16-40-22.479189,950,True
2020-06-15-16-40-22.491636,952,True
2020-06-15-16-40-22.504011,954,True
2020-06-15-16-40-22.515042,956,True
2020-06-15-16-40-22.525962,909,True
2020-06-15-16-40-22.537344,863,True
2020-06-15-16-40-22.549305,812,True
2020-06-15-16-40-22.561798,761,True
2020-06-15-16-40-22.573703,711,True
2020-06-15-16-40-22.584773,657,True
2020-06-15-16-40-22.595573,633,True
2020-06-15-16-40-22.606728,609,True
2020-06-15-16-40-22.619198,583,True
2020-06-15-16-40-22.631669,572,True
2020-06-15-16-40-22.642933,562,True
2020-06-15-16-40-22.654869,551,True
2020-06-15-16-40-22.667006,545,True
2020-06-15-16-40-22.679298,546,True
2020-06-15-16-40-22.689569,545,False
2020-06-15-16-40-22.701616,537,False
2020-06-15-16-40-22.712937,516,False
2020-06-15-16-40-22.724715,495,False
2020-06-15-16-40-22.736462,475,False
2020-06-15-16-40-22.748989,441,False
2020-06-15-16-40-22.761618,408,False
2020-06-15-16-40-22.773548,374,False
2020-06-15-16-40-22.785185,343,False
2020-06-15-16-40-22.797244,312,False
2020-06-15-16-40-22.809324,282,False
2020-06-15-16-40-22.821997,257,False
2020-06-15-16-40-22.833290,232,False
2020-06-15-16-40-22.844025,208,False
2020-06-15-16-40-22.855345,186,False
2020-06-15-16-40-22.866506,166,False
2020-06-15-16-40-22.877880,146,False
2020-06-15-16-40-22.889848,127,False
2020-06-15-16-40-22.902184,113,False
2020-06-15-16-40-22.914225,99,False
2020-06-15-16-40-22.924662,85,False
2020-06-15-16-40-22.935714,73,False
2020-06-15-16-40-22.947798,61,False
2020-06-15-16-40-22.959329,53,False
2020-06-15-16-40-22.971622,46,False
2020-06-15-16-40-22.984147,39,False
2020-06-15-16-40-22.995542,34,False
2020-06-15-16-40-23.006414,30,False
2020-06-15-16-40-23.017469,25,False
2020-06-15-16-40-23.029251,23,False
2020-06-15-16-40-23.041865,22,False
2020-06-15-16-40-23.054021,21,False
2020-06-15-16-40-23.065100,19,False
2020-06-15-16-40-23.075658,19,False
2020-06-15-16-40-23.086538,18,False
2020-06-15-16-40-23.098912,19,False
2020-06-15-16-40-23.109542,19,False
2020-06-15-16-40-23.121931,20,False
2020-06-15-16-40-23.134023,20,False
2020-06-15-16-40-23.146219,20,False
2020-06-15-16-40-23.157699,20,False
2020-06-15-16-40-23.169229,20,False
2020-06-15-16-40-23.181567,19,False
2020-06-15-16-40-23.194075,19,False
2020-06-15-16-40-23.206709,19,False
2020-06-15-16-40-23.219253,19,False
2020-06-15-16-40-23.231644,19,False
2020-06-15-16-40-23.243423,18,False
2020-06-15-16-40-23.256092,19,False
2020-06-15-16-40-23.266649,19,False
2020-06-15-16-40-23.279305,19,False
2020-06-15-16-40-23.291632,18,False
2020-06-15-16-40-23.304307,17,False
2020-06-15-16-40-23.315754,17,False
2020-06-15-16-40-23.328418,16,False
2020-06-15-16-40-23.340382,16,False
2020-06-15-16-40-23.351680,16,False
2020-06-15-16-40-23.362090,16,False
2020-06-15-16-40-23.374563,16,False
2020-06-15-16-40-23.386379,16,False
2020-06-15-16-40-23.398632,16,False
2020-06-15-16-40-23.410165,16,False
2020-06-15-16-40-23.422689,16,False
2020-06-15-16-40-23.434865,17,False
2020-06-15-16-40-23.446193,18,False
2020-06-15-16-40-23.457412,18,False
2020-06-15-16-40-23.469270,17,False
2020-06-15-16-40-23.481575,17,False
2020-06-15-16-40-23.493192,17,False
2020-06-15-16-40-23.505195,16,False
2020-06-15-16-40-23.517684,15,False
2020-06-15-16-40-23.529642,15,False
2020-06-15-16-40-23.542076,15,False
2020-06-15-16-40-23.553619,14,False
2020-06-15-16-40-23.565865,14,False
2020-06-15-16-40-23.576300,14,False
2020-06-15-16-40-23.587452,13,False
2020-06-15-16-40-23.599941,13,False
2020-06-15-16-40-23.611692,13,False
2020-06-15-16-40-23.623090,13,False
2020-06-15-16-40-23.635432,14,False
2020-06-15-16-40-23.646790,14,False
2020-06-15-16-40-23.659313,14,False
2020-06-15-16-40-23.671677,14,False
2020-06-15-16-40-23.682019,13,False
2020-06-15-16-40-23.693254,13,False
2020-06-15-16-40-23.705633,13,False
2020-06-15-16-40-23.717328,14,False
2020-06-15-16-40-23.729209,14,False
2020-06-15-16-40-23.741712,15,False
2020-06-15-16-40-23.754395,16,False
2020-06-15-16-40-23.766676,16,False
2020-06-15-16-40-23.779221,16,False
2020-06-15-16-40-23.791703,16,False
2020-06-15-16-40-23.802798,16,False
2020-06-15-16-40-23.813342,16,False
2020-06-15-16-40-23.824778,17,False
2020-06-15-16-40-23.835785,17,False
2020-06-15-16-40-23.846903,16,False
2020-06-15-16-40-23.859533,15,False
2020-06-15-16-40-23.871685,14,False
2020-06-15-16-40-23.882845,14,False
2020-06-15-16-40-23.893753,13,False
2020-06-15-16-40-23.905426,12,False
2020-06-15-16-40-23.917559,12,False
2020-06-15-16-40-23.929940,12,False
2020-06-15-16-40-23.942340,13,False
2020-06-15-16-40-23.953966,12,False
2020-06-15-16-40-23.966434,13,False
2020-06-15-16-40-23.978983,13,False
2020-06-15-16-40-23.990412,14,False
2020-06-15-16-40-24.002082,16,False
2020-06-15-16-40-24.014530,18,False
2020-06-15-16-40-24.024716,19,False
2020-06-15-16-40-24.035394,20,False
2020-06-15-16-40-24.046698,21,False
2020-06-15-16-40-24.059297,22,False
2020-06-15-16-40-24.071636,22,False
2020-06-15-16-40-24.083896,23,False
2020-06-15-16-40-24.095603,24,False
2020-06-15-16-40-24.107268,24,False
2020-06-15-16-40-24.119338,25,False
2020-06-15-16-40-24.131629,25,False
2020-06-15-16-40-24.143735,24,False
2020-06-15-16-40-24.154769,24,False
2020-06-15-16-40-24.167379,23,False
2020-06-15-16-40-24.179553,23,False
2020-06-15-16-40-24.191753,23,False
2020-06-15-16-40-24.201983,23,False
2020-06-15-16-40-24.213720,22,False
2020-06-15-16-40-24.225871,22,False
2020-06-15-16-40-24.236634,21,False
2020-06-15-16-40-24.247672,20,False
2020-06-15-16-40-24.259384,20,False
2020-06-15-16-40-24.271667,20,False
2020-06-15-16-40-24.283101,20,False
2020-06-15-16-40-24.294067,19,False
2020-06-15-16-40-24.306385,19,False
2020-06-15-16-40-24.318881,20,False
2020-06-15-16-40-24.329898,20,False
2020-06-15-16-40-24.342111,21,False
2020-06-15-16-40-24.353239,22,False
2020-06-15-16-40-24.363536,23,False
2020-06-15-16-40-24.375355,24,False
2020-06-15-16-40-24.387504,24,False
2020-06-15-16-40-24.399261,24,False
2020-06-15-16-40-24.411619,23,False
2020-06-15-16-40-24.424111,22,False
2020-06-15-16-40-24.434710,22,False
2020-06-15-16-40-24.446581,22,False
2020-06-15-16-40-24.457195,22,False
2020-06-15-16-40-24.469242,22,False
2020-06-15-16-40-24.481596,22,False
2020-06-15-16-40-24.494258,22,False
2020-06-15-16-40-24.506313,23,False
2020-06-15-16-40-24.518227,24,False
2020-06-15-16-40-24.529236,25,False
2020-06-15-16-40-24.541604,26,False
2020-06-15-16-40-24.553413,27,False
2020-06-15-16-40-24.564794,28,False
2020-06-15-16-40-24.576743,30,False
2020-06-15-16-40-24.589498,32,False
2020-06-15-16-40-24.601651,33,False
2020-06-15-16-40-24.613342,34,False
2020-06-15-16-40-24.624706,35,False
2020-06-15-16-40-24.636747,36,False
2020-06-15-16-40-24.649291,37,False
2020-06-15-16-40-24.661600,37,False
2020-06-15-16-40-24.673104,38,False
2020-06-15-16-40-24.684216,39,False
2020-06-15-16-40-24.694747,39,False
2020-06-15-16-40-24.706477,40,False
2020-06-15-16-40-24.718467,40,False
2020-06-15-16-40-24.730872,40,False
2020-06-15-16-40-24.742499,40,False
2020-06-15-16-40-24.755098,40,False
2020-06-15-16-40-24.766078,40,False
2020-06-15-16-40-24.776924,40,False
2020-06-15-16-40-24.789307,39,False
2020-06-15-16-40-24.801753,38,False
2020-06-15-16-40-24.813827,39,False
2020-06-15-16-40-24.825182,39,False
2020-06-15-16-40-24.835827,40,False
2020-06-15-16-40-24.848044,40,False
2020-06-15-16-40-24.859548,41,False
2020-06-15-16-40-24.871746,41,False
2020-06-15-16-40-24.882488,41,False
2020-06-15-16-40-24.893364,40,False
2020-06-15-16-40-24.904530,40,False
2020-06-15-16-40-24.914920,40,False
2020-06-15-16-40-24.925981,39,False
2020-06-15-16-40-24.937856,38,False
2020-06-15-16-40-24.949272,38,False
2020-06-15-16-40-24.961644,37,False
2020-06-15-16-40-24.973358,35,False
2020-06-15-16-40-24.985274,33,False
2020-06-15-16-40-24.997079,32,False
2020-06-15-16-40-25.009413,31,False
2020-06-15-16-40-25.021773,30,False
2020-06-15-16-40-25.033576,30,False
2020-06-15-16-40-25.044842,30,False
2020-06-15-16-40-25.055961,30,False
2020-06-15-16-40-25.067446,30,False
2020-06-15-16-40-25.079273,30,False
2020-06-15-16-40-25.091876,30,False
2020-06-15-16-40-25.104562,31,False
2020-06-15-16-40-25.115331,31,False
2020-06-15-16-40-25.126856,31,False
2020-06-15-16-40-25.139353,31,False
2020-06-15-16-40-25.151614,32,False
2020-06-15-16-40-25.162037,32,False
2020-06-15-16-40-25.173536,33,False
2020-06-15-16-40-25.185437,34,False
2020-06-15-16-40-25.196994,34,False
2020-06-15-16-40-25.209376,34,False
2020-06-15-16-40-25.222003,33,False
2020-06-15-16-40-25.232766,33,False
2020-06-15-16-40-25.242874,32,False
2020-06-15-16-40-25.253635,32,False
2020-06-15-16-40-25.265003,31,False
2020-06-15-16-40-25.276995,30,False
2020-06-15-16-40-25.287304,30,False
2020-06-15-16-40-25.299048,29,False
2020-06-15-16-40-25.311630,28,False
2020-06-15-16-40-25.323716,27,False
2020-06-15-16-40-25.335710,26,False
2020-06-15-16-40-25.346864,26,False
2020-06-15-16-40-25.359804,26,False
2020-06-15-16-40-25.375645,25,False
2020-06-15-16-40-25.386674,25,False
2020-06-15-16-40-25.397561,25,False
2020-06-15-16-40-25.411142,25,False
2020-06-15-16-40-25.423333,25,False
2020-06-15-16-40-25.434370,24,False
2020-06-15-16-40-25.444741,24,False
2020-06-15-16-40-25.457054,23,False
2020-06-15-16-40-25.469299,22,False
2020-06-15-16-40-25.482041,22,False
2020-06-15-16-40-25.494038,23,False
2020-06-15-16-40-25.505333,25,False
2020-06-15-16-40-25.517317,25,False
2020-06-15-16-40-25.529298,25,False
2020-06-15-16-40-25.541942,26,False
2020-06-15-16-40-25.553606,26,False
2020-06-15-16-40-25.565695,25,False
2020-06-15-16-40-25.577522,23,False
2020-06-15-16-40-25.589755,21,False
2020-06-15-16-40-25.601638,21,False
2020-06-15-16-40-25.613595,21,False
2020-06-15-16-40-25.623755,21,False
2020-06-15-16-40-25.633908,22,False
2020-06-15-16-40-25.645573,23,False
2020-06-15-16-40-25.657672,23,False
2020-06-15-16-40-25.670333,23,False
2020-06-15-16-40-25.682998,23,False
2020-06-15-16-40-25.694080,23,False
2020-06-15-16-40-25.706114,24,False
2020-06-15-16-40-25.716683,24,False
2020-06-15-16-40-25.728765,25,False
2020-06-15-16-40-25.740636,26,False
2020-06-15-16-40-25.751696,26,False
2020-06-15-16-40-25.763057,26,False
2020-06-15-16-40-25.774634,26,False
2020-06-15-16-40-25.786257,26,False
2020-06-15-16-40-25.797796,27,False
2020-06-15-16-40-25.809505,27,False
2020-06-15-16-40-25.822934,27,False
2020-06-15-16-40-25.834946,27,False
2020-06-15-16-40-25.845681,27,False
2020-06-15-16-40-25.856869,28,False
2020-06-15-16-40-25.869320,29,False
2020-06-15-16-40-25.882233,30,False
2020-06-15-16-40-25.894850,30,False
2020-06-15-16-40-25.907243,29,False
2020-06-15-16-40-25.919416,28,False
2020-06-15-16-40-25.931744,28,False
2020-06-15-16-40-25.942416,28,False
2020-06-15-16-40-25.954561,28,False
2020-06-15-16-40-25.966811,28,False
2020-06-15-16-40-25.979387,29,False
2020-06-15-16-40-25.992155,30,False
2020-06-15-16-40-26.003552,32,False
2020-06-15-16-40-26.014243,33,False
2020-06-15-16-40-26.025079,33,False
2020-06-15-16-40-26.036160,34,False
2020-06-15-16-40-26.047237,34,False
2020-06-15-16-40-26.059335,34,False
2020-06-15-16-40-26.071740,34,False
2020-06-15-16-40-26.083328,34,False
2020-06-15-16-40-26.093443,35,False
2020-06-15-16-40-26.105029,35,False
2020-06-15-16-40-26.117531,35,False
2020-06-15-16-40-26.129835,35,False
2020-06-15-16-40-26.143171,34,False
2020-06-15-16-40-26.155739,34,False
2020-06-15-16-40-26.167281,34,False
2020-06-15-16-40-26.179292,34,False
2020-06-15-16-40-26.191760,34,False
2020-06-15-16-40-26.203522,35,False
2020-06-15-16-40-26.215735,35,False
2020-06-15-16-40-26.227415,35,False
2020-06-15-16-40-26.239286,35,False
2020-06-15-16-40-26.251758,36,False
2020-06-15-16-40-26.263955,37,False
2020-06-15-16-40-26.275907,37,False
2020-06-15-16-40-26.286924,37,False
2020-06-15-16-40-26.299336,38,False
2020-06-15-16-40-26.311648,38,False
2020-06-15-16-40-26.324161,38,False
2020-06-15-16-40-26.336199,38,False
2020-06-15-16-40-26.347507,38,False
2020-06-15-16-40-26.359331,38,False
2020-06-15-16-40-26.371705,38,False
2020-06-15-16-40-26.383784,38,False
2020-06-15-16-40-26.395587,38,False
2020-06-15-16-40-26.407318,37,False
2020-06-15-16-40-26.419324,36,False
2020-06-15-16-40-26.431679,34,False
2020-06-15-16-40-26.442097,33,False
2020-06-15-16-40-26.454165,33,False
2020-06-15-16-40-26.465503,33,False
2020-06-15-16-40-26.477556,32,False
2020-06-15-16-40-26.489357,31,False
2020-06-15-16-40-26.501747,31,False
2020-06-15-16-40-26.514166,30,False
2020-06-15-16-40-26.526017,30,False
2020-06-15-16-40-26.537190,29,False
2020-06-15-16-40-26.549235,30,False
2020-06-15-16-40-26.561759,30,False
2020-06-15-16-40-26.573645,31,False
2020-06-15-16-40-26.585395,31,False
2020-06-15-16-40-26.596397,31,False
2020-06-15-16-40-26.607997,31,False
2020-06-15-16-40-26.620909,30,False
2020-06-15-16-40-26.633536,31,False
2020-06-15-16-40-26.645740,32,False
2020-06-15-16-40-26.658034,34,False
2020-06-15-16-40-26.669388,35,False
2020-06-15-16-40-26.682034,35,False
2020-06-15-16-40-26.694060,35,False
2020-06-15-16-40-26.705948,35,False
2020-06-15-16-40-26.717809,35,False
2020-06-15-16-40-26.729362,35,False
2020-06-15-16-40-26.741671,36,False
2020-06-15-16-40-26.754001,37,False
2020-06-15-16-40-26.766155,37,False
2020-06-15-16-40-26.777697,37,False
2020-06-15-16-40-26.789703,37,False
2020-06-15-16-40-26.801753,36,False
2020-06-15-16-40-26.813808,36,False
2020-06-15-16-40-26.824992,36,False
2020-06-15-16-40-26.836037,37,False
2020-06-15-16-40-26.846596,37,False
2020-06-15-16-40-26.858249,37,False
2020-06-15-16-40-26.869427,36,False
2020-06-15-16-40-26.881792,35,False
2020-06-15-16-40-26.893195,35,False
2020-06-15-16-40-26.904480,34,False
2020-06-15-16-40-26.916224,33,False
2020-06-15-16-40-26.928674,33,False
2020-06-15-16-40-26.940232,33,False
2020-06-15-16-40-26.951663,34,False
2020-06-15-16-40-26.962144,34,False
2020-06-15-16-40-26.973982,34,False
2020-06-15-16-40-26.985418,34,False
2020-06-15-16-40-26.997336,34,False
2020-06-15-16-40-27.009315,34,False
2020-06-15-16-40-27.021862,33,False
2020-06-15-16-40-27.034181,34,False
2020-06-15-16-40-27.045974,34,False
2020-06-15-16-40-27.057734,34,False
2020-06-15-16-40-27.070353,33,False
2020-06-15-16-40-27.083159,32,False
2020-06-15-16-40-27.093918,32,False
2020-06-15-16-40-27.104513,31,False
2020-06-15-16-40-27.117053,32,False
2020-06-15-16-40-27.129429,32,False
2020-06-15-16-40-27.142107,32,False
2020-06-15-16-40-27.154329,31,False
2020-06-15-16-40-27.164744,31,False
2020-06-15-16-40-27.176700,30,False
2020-06-15-16-40-27.189280,30,False
2020-06-15-16-40-27.201727,29,False
2020-06-15-16-40-27.214333,29,False
2020-06-15-16-40-27.226080,29,False
2020-06-15-16-40-27.237468,28,False
2020-06-15-16-40-27.249436,27,False
2020-06-15-16-40-27.262133,27,False
2020-06-15-16-40-27.273609,27,False
2020-06-15-16-40-27.283984,27,False
2020-06-15-16-40-27.295927,27,False
2020-06-15-16-40-27.307938,27,False
2020-06-15-16-40-27.319330,27,False
2020-06-15-16-40-27.331821,28,False
2020-06-15-16-40-27.343458,28,False
2020-06-15-16-40-27.354443,28,False
2020-06-15-16-40-27.365607,27,False
2020-06-15-16-40-27.377590,27,False
2020-06-15-16-40-27.389288,26,False
2020-06-15-16-40-27.402061,27,False
2020-06-15-16-40-27.413850,28,False
2020-06-15-16-40-27.424972,29,False
2020-06-15-16-40-27.435875,30,False
2020-06-15-16-40-27.445985,30,False
2020-06-15-16-40-27.458623,30,False
2020-06-15-16-40-27.470702,30,False
2020-06-15-16-40-27.482319,30,False
2020-06-15-16-40-27.494487,31,False
2020-06-15-16-40-27.506346,31,False
2020-06-15-16-40-27.517248,30,False
2020-06-15-16-40-27.529407,29,False
2020-06-15-16-40-27.541958,29,False
2020-06-15-16-40-27.553796,29,False
2020-06-15-16-40-27.564864,30,False
2020-06-15-16-40-27.575908,30,False
2020-06-15-16-40-27.588110,30,False
2020-06-15-16-40-27.599690,30,False
2020-06-15-16-40-27.611728,30,False
2020-06-15-16-40-27.623601,30,False
2020-06-15-16-40-27.634803,30,False
2020-06-15-16-40-27.646308,31,False
2020-06-15-16-40-27.657264,32,False
2020-06-15-16-40-27.669382,32,False
2020-06-15-16-40-27.681743,32,False
2020-06-15-16-40-27.693884,32,False
2020-06-15-16-40-27.705288,32,False
2020-06-15-16-40-27.717651,32,False
2020-06-15-16-40-27.729317,32,False
2020-06-15-16-40-27.741808,32,False
2020-06-15-16-40-27.754258,32,False
2020-06-15-16-40-27.766573,31,False
2020-06-15-16-40-27.778043,31,False
2020-06-15-16-40-27.789457,32,False
2020-06-15-16-40-27.801725,32,False
2020-06-15-16-40-27.812532,32,False
2020-06-15-16-40-27.824048,32,False
2020-06-15-16-40-27.835786,32,False
2020-06-15-16-40-27.847949,33,False
2020-06-15-16-40-27.859611,33,False
2020-06-15-16-40-27.871699,33,False
2020-06-15-16-40-27.882643,34,False
2020-06-15-16-40-27.893470,33,False
2020-06-15-16-40-27.904928,33,False
2020-06-15-16-40-27.916138,33,False
2020-06-15-16-40-27.926953,34,False
2020-06-15-16-40-27.939402,35,False
2020-06-15-16-40-27.951846,35,False
2020-06-15-16-40-27.963352,35,False
2020-06-15-16-40-27.975022,34,False
2020-06-15-16-40-27.986731,33,False
2020-06-15-16-40-27.999532,32,False
2020-06-15-16-40-28.012879,33,False
2020-06-15-16-40-28.025232,33,False
2020-06-15-16-40-28.037362,33,False
2020-06-15-16-40-28.049363,32,False
2020-06-15-16-40-28.061802,31,False
2020-06-15-16-40-28.073632,31,False
2020-06-15-16-40-28.084532,32,False
2020-06-15-16-40-28.096035,33,False
2020-06-15-16-40-28.107958,33,False
2020-06-15-16-40-28.119369,33,False
2020-06-15-16-40-28.131816,33,False
2020-06-15-16-40-28.144317,33,False
2020-06-15-16-40-28.156696,33,False
2020-06-15-16-40-28.169330,33,False
2020-06-15-16-40-28.181846,33,False
2020-06-15-16-40-28.193150,34,False
2020-06-15-16-40-28.204628,34,False
2020-06-15-16-40-28.216776,34,False
2020-06-15-16-40-28.229311,33,False
2020-06-15-16-40-28.241805,33,False
2020-06-15-16-40-28.253664,33,False
2020-06-15-16-40-28.265170,33,False
2020-06-15-16-40-28.276434,32,False
2020-06-15-16-40-28.288221,31,False
2020-06-15-16-40-28.299882,30,False
2020-06-15-16-40-28.311730,30,False
2020-06-15-16-40-28.324203,30,False
2020-06-15-16-40-28.335232,30,False
2020-06-15-16-40-28.346974,29,False
2020-06-15-16-40-28.359853,29,False
2020-06-15-16-40-28.372106,28,False
2020-06-15-16-40-28.384652,28,False
2020-06-15-16-40-28.395765,28,False
2020-06-15-16-40-28.407465,28,False
2020-06-15-16-40-28.419437,27,False
2020-06-15-16-40-28.431713,27,False
2020-06-15-16-40-28.441949,27,False
2020-06-15-16-40-28.452615,26,False
2020-06-15-16-40-28.464194,26,False
2020-06-15-16-40-28.475696,26,False
2020-06-15-16-40-28.486332,28,False
2020-06-15-16-40-28.497426,28,False
