2020-06-15-16-44-17.068109,0,False
2020-06-15-16-44-17.078981,0,False
2020-06-15-16-44-17.090842,12,False
2020-06-15-16-44-17.103492,12,False
2020-06-15-16-44-17.115903,12,False
2020-06-15-16-44-17.127794,12,False
2020-06-15-16-44-17.138970,12,False
2020-06-15-16-44-17.150829,12,False
2020-06-15-16-44-17.163155,18,False
2020-06-15-16-44-17.175528,18,False
2020-06-15-16-44-17.186927,18,False
2020-06-15-16-44-17.198612,38,False
2020-06-15-16-44-17.210891,38,False
2020-06-15-16-44-17.222637,38,False
2020-06-15-16-44-17.234088,38,False
2020-06-15-16-44-17.246417,38,False
2020-06-15-16-44-17.257266,38,False
2020-06-15-16-44-17.269184,38,False
2020-06-15-16-44-17.280887,55,False
2020-06-15-16-44-17.293597,55,False
2020-06-15-16-44-17.305659,55,False
2020-06-15-16-44-17.316492,55,False
2020-06-15-16-44-17.327922,76,False
2020-06-15-16-44-17.339897,76,False
2020-06-15-16-44-17.352451,76,False
2020-06-15-16-44-17.364152,76,False
2020-06-15-16-44-17.376411,76,False
2020-06-15-16-44-17.388360,76,False
2020-06-15-16-44-17.400011,76,False
2020-06-15-16-44-17.411548,76,False
2020-06-15-16-44-17.424153,76,False
2020-06-15-16-44-17.436459,76,False
2020-06-15-16-44-17.446643,76,False
2020-06-15-16-44-17.458139,76,False
2020-06-15-16-44-17.469901,76,False
2020-06-15-16-44-17.481488,81,False
2020-06-15-16-44-17.492912,81,False
2020-06-15-16-44-17.504905,81,False
2020-06-15-16-44-17.516434,81,False
2020-06-15-16-44-17.528435,81,False
2020-06-15-16-44-17.540067,81,False
2020-06-15-16-44-17.551376,81,False
2020-06-15-16-44-17.562540,81,False
2020-06-15-16-44-17.574400,81,False
2020-06-15-16-44-17.586815,81,False
2020-06-15-16-44-17.599087,81,False
2020-06-15-16-44-17.610031,81,False
2020-06-15-16-44-17.621669,81,False
2020-06-15-16-44-17.634407,81,False
2020-06-15-16-44-17.646592,81,False
2020-06-15-16-44-17.656786,81,False
2020-06-15-16-44-17.668608,81,False
2020-06-15-16-44-17.679495,81,False
2020-06-15-16-44-17.690996,81,False
2020-06-15-16-44-17.703102,81,False
2020-06-15-16-44-17.714139,81,False
2020-06-15-16-44-17.724528,81,False
2020-06-15-16-44-17.736918,59,False
2020-06-15-16-44-17.748221,59,False
2020-06-15-16-44-17.760581,59,False
2020-06-15-16-44-17.771502,59,False
2020-06-15-16-44-17.782168,59,False
2020-06-15-16-44-17.794264,59,True
2020-06-15-16-44-17.806559,58,True
2020-06-15-16-44-17.819404,58,True
2020-06-15-16-44-17.831275,58,True
2020-06-15-16-44-17.843954,58,True
2020-06-15-16-44-17.856597,58,True
2020-06-15-16-44-17.868466,58,True
2020-06-15-16-44-17.879895,112,True
2020-06-15-16-44-17.891195,89,True
2020-06-15-16-44-17.902146,89,True
2020-06-15-16-44-17.915124,476,True
2020-06-15-16-44-17.926660,705,True
2020-06-15-16-44-17.937666,705,True
2020-06-15-16-44-17.949190,705,True
2020-06-15-16-44-17.960086,705,True
2020-06-15-16-44-17.970335,705,True
2020-06-15-16-44-17.981760,705,True
2020-06-15-16-44-17.994358,1038,True
2020-06-15-16-44-18.006697,1038,True
2020-06-15-16-44-18.018830,1038,True
2020-06-15-16-44-18.030017,1213,True
2020-06-15-16-44-18.040683,1213,True
2020-06-15-16-44-18.051761,1213,True
2020-06-15-16-44-18.064365,1420,True
2020-06-15-16-44-18.076722,1915,True
2020-06-15-16-44-18.088761,1915,True
2020-06-15-16-44-18.100485,1915,True
2020-06-15-16-44-18.111948,1915,True
2020-06-15-16-44-18.124356,1915,True
2020-06-15-16-44-18.136635,1915,True
2020-06-15-16-44-18.149050,1915,True
2020-06-15-16-44-18.160910,1915,True
2020-06-15-16-44-18.172316,1915,True
2020-06-15-16-44-18.184284,1915,True
2020-06-15-16-44-18.196616,1915,True
2020-06-15-16-44-18.208193,1915,True
2020-06-15-16-44-18.218573,1915,True
2020-06-15-16-44-18.230199,1915,True
2020-06-15-16-44-18.241356,1915,True
2020-06-15-16-44-18.253593,1915,True
2020-06-15-16-44-18.264921,1915,True
2020-06-15-16-44-18.277172,1915,True
2020-06-15-16-44-18.289599,1915,True
2020-06-15-16-44-18.301554,1915,True
2020-06-15-16-44-18.312036,1915,True
2020-06-15-16-44-18.324390,1915,True
2020-06-15-16-44-18.336709,1915,True
2020-06-15-16-44-18.347098,1915,True
2020-06-15-16-44-18.358519,1827,True
2020-06-15-16-44-18.369027,1827,True
2020-06-15-16-44-18.380154,1827,True
2020-06-15-16-44-18.392602,1827,True
2020-06-15-16-44-18.404407,1827,True
2020-06-15-16-44-18.416665,1827,True
2020-06-15-16-44-18.428155,1827,True
2020-06-15-16-44-18.438538,1827,True
2020-06-15-16-44-18.449904,1827,True
2020-06-15-16-44-18.462527,1827,True
2020-06-15-16-44-18.474488,1827,True
2020-06-15-16-44-18.487725,1827,True
2020-06-15-16-44-18.499312,1827,True
2020-06-15-16-44-18.509864,1410,True
2020-06-15-16-44-18.520567,1386,True
2020-06-15-16-44-18.532965,1386,True
2020-06-15-16-44-18.543076,1386,True
2020-06-15-16-44-18.554503,1386,True
2020-06-15-16-44-18.566802,1386,True
2020-06-15-16-44-18.579120,638,True
2020-06-15-16-44-18.591270,638,True
2020-06-15-16-44-18.603220,652,True
2020-06-15-16-44-18.614761,652,False
2020-06-15-16-44-18.626730,652,False
2020-06-15-16-44-18.637093,653,False
2020-06-15-16-44-18.648586,659,False
2020-06-15-16-44-18.658941,610,False
2020-06-15-16-44-18.670376,610,False
2020-06-15-16-44-18.680660,610,False
2020-06-15-16-44-18.693017,430,False
2020-06-15-16-44-18.704703,430,False
2020-06-15-16-44-18.716716,430,False
2020-06-15-16-44-18.728865,322,False
2020-06-15-16-44-18.740887,322,False
2020-06-15-16-44-18.753608,322,False
2020-06-15-16-44-18.764979,194,False
2020-06-15-16-44-18.776778,194,False
2020-06-15-16-44-18.788066,182,False
2020-06-15-16-44-18.799991,182,False
2020-06-15-16-44-18.811967,182,False
2020-06-15-16-44-18.824402,95,False
2020-06-15-16-44-18.836755,95,False
2020-06-15-16-44-18.849103,95,False
2020-06-15-16-44-18.860642,95,False
2020-06-15-16-44-18.870905,95,False
2020-06-15-16-44-18.881267,94,False
2020-06-15-16-44-18.892555,94,False
2020-06-15-16-44-18.905119,75,False
2020-06-15-16-44-18.916768,75,False
2020-06-15-16-44-18.929196,75,False
2020-06-15-16-44-18.940858,75,False
2020-06-15-16-44-18.952656,75,False
2020-06-15-16-44-18.964466,75,False
2020-06-15-16-44-18.976872,75,False
2020-06-15-16-44-18.989340,75,False
2020-06-15-16-44-19.001923,75,False
2020-06-15-16-44-19.015544,75,False
2020-06-15-16-44-19.030215,75,False
2020-06-15-16-44-19.055424,75,False
2020-06-15-16-44-19.068258,75,False
2020-06-15-16-44-19.080862,75,False
2020-06-15-16-44-19.091897,75,False
2020-06-15-16-44-19.104443,60,False
2020-06-15-16-44-19.120201,60,False
2020-06-15-16-44-19.135231,60,False
2020-06-15-16-44-19.146117,60,False
2020-06-15-16-44-19.158259,60,False
2020-06-15-16-44-19.170413,60,False
2020-06-15-16-44-19.182546,60,False
2020-06-15-16-44-19.194535,70,False
2020-06-15-16-44-19.206927,70,False
2020-06-15-16-44-19.219557,70,False
2020-06-15-16-44-19.230692,70,False
2020-06-15-16-44-19.240814,79,False
2020-06-15-16-44-19.253108,79,False
2020-06-15-16-44-19.264861,79,False
2020-06-15-16-44-19.276886,79,False
2020-06-15-16-44-19.287906,79,False
2020-06-15-16-44-19.298899,79,False
2020-06-15-16-44-19.309798,79,False
2020-06-15-16-44-19.322041,123,False
2020-06-15-16-44-19.333328,123,False
2020-06-15-16-44-19.345411,123,False
2020-06-15-16-44-19.356898,123,False
2020-06-15-16-44-19.368336,123,False
2020-06-15-16-44-19.380447,123,False
2020-06-15-16-44-19.390908,123,False
2020-06-15-16-44-19.402333,123,False
2020-06-15-16-44-19.415507,123,False
2020-06-15-16-44-19.428534,123,False
2020-06-15-16-44-19.438838,123,False
2020-06-15-16-44-19.450696,123,False
2020-06-15-16-44-19.461170,123,False
2020-06-15-16-44-19.472461,123,False
2020-06-15-16-44-19.484536,123,False
2020-06-15-16-44-19.497014,123,False
2020-06-15-16-44-19.508341,123,False
2020-06-15-16-44-19.519913,123,False
2020-06-15-16-44-19.532501,123,False
2020-06-15-16-44-19.544633,123,False
2020-06-15-16-44-19.557028,123,False
2020-06-15-16-44-19.568633,123,False
2020-06-15-16-44-19.579688,123,False
2020-06-15-16-44-19.590581,123,False
2020-06-15-16-44-19.602708,123,False
2020-06-15-16-44-19.614577,123,False
2020-06-15-16-44-19.627056,123,False
2020-06-15-16-44-19.637314,123,False
2020-06-15-16-44-19.648136,123,False
2020-06-15-16-44-19.660635,123,False
2020-06-15-16-44-19.672771,109,False
2020-06-15-16-44-19.684673,109,False
2020-06-15-16-44-19.697090,109,False
2020-06-15-16-44-19.709649,109,False
2020-06-15-16-44-19.720878,109,False
2020-06-15-16-44-19.732327,109,False
2020-06-15-16-44-19.744075,109,False
2020-06-15-16-44-19.756611,109,False
2020-06-15-16-44-19.768563,109,False
2020-06-15-16-44-19.781795,50,False
2020-06-15-16-44-19.794309,50,False
2020-06-15-16-44-19.806269,50,False
2020-06-15-16-44-19.818172,61,False
2020-06-15-16-44-19.828893,61,False
2020-06-15-16-44-19.840054,61,False
2020-06-15-16-44-19.851033,61,False
2020-06-15-16-44-19.862211,61,False
2020-06-15-16-44-19.874769,61,False
2020-06-15-16-44-19.887259,67,False
2020-06-15-16-44-19.897397,77,False
2020-06-15-16-44-19.908906,77,False
2020-06-15-16-44-19.919645,77,False
2020-06-15-16-44-19.931762,77,False
2020-06-15-16-44-19.943887,77,False
2020-06-15-16-44-19.955520,77,False
2020-06-15-16-44-19.967177,77,False
2020-06-15-16-44-19.979115,77,False
2020-06-15-16-44-19.991182,77,False
2020-06-15-16-44-20.003787,77,False
2020-06-15-16-44-20.014793,77,False
2020-06-15-16-44-20.027156,77,False
2020-06-15-16-44-20.038894,77,False
2020-06-15-16-44-20.051062,77,False
2020-06-15-16-44-20.062259,77,False
2020-06-15-16-44-20.074793,77,False
2020-06-15-16-44-20.087219,77,False
2020-06-15-16-44-20.099552,77,False
2020-06-15-16-44-20.112013,77,False
2020-06-15-16-44-20.124499,77,False
2020-06-15-16-44-20.137061,77,False
2020-06-15-16-44-20.147958,77,False
2020-06-15-16-44-20.158566,77,False
2020-06-15-16-44-20.169672,77,False
2020-06-15-16-44-20.182148,77,False
2020-06-15-16-44-20.194846,77,False
2020-06-15-16-44-20.207089,77,False
2020-06-15-16-44-20.219495,77,False
2020-06-15-16-44-20.232194,66,False
2020-06-15-16-44-20.244726,66,False
2020-06-15-16-44-20.257358,66,False
2020-06-15-16-44-20.269494,66,False
2020-06-15-16-44-20.281894,84,False
2020-06-15-16-44-20.292898,84,False
2020-06-15-16-44-20.305189,84,False
2020-06-15-16-44-20.317210,84,False
2020-06-15-16-44-20.328660,84,False
2020-06-15-16-44-20.338897,84,False
2020-06-15-16-44-20.349896,84,False
2020-06-15-16-44-20.361399,84,False
2020-06-15-16-44-20.372486,84,False
2020-06-15-16-44-20.383543,84,False
2020-06-15-16-44-20.395111,84,False
2020-06-15-16-44-20.406821,84,False
2020-06-15-16-44-20.418934,84,False
2020-06-15-16-44-20.430196,84,False
2020-06-15-16-44-20.441189,84,False
2020-06-15-16-44-20.453903,84,False
2020-06-15-16-44-20.465420,84,False
2020-06-15-16-44-20.478035,84,False
2020-06-15-16-44-20.488672,84,False
2020-06-15-16-44-20.500343,84,False
2020-06-15-16-44-20.512353,84,False
2020-06-15-16-44-20.525044,84,False
2020-06-15-16-44-20.537195,81,False
2020-06-15-16-44-20.547653,81,False
2020-06-15-16-44-20.559216,81,False
2020-06-15-16-44-20.570433,81,False
2020-06-15-16-44-20.581895,81,False
2020-06-15-16-44-20.593106,81,False
2020-06-15-16-44-20.605075,81,False
2020-06-15-16-44-20.617458,81,False
2020-06-15-16-44-20.629482,81,False
2020-06-15-16-44-20.640822,81,False
2020-06-15-16-44-20.653023,81,False
2020-06-15-16-44-20.665383,81,False
2020-06-15-16-44-20.677565,81,False
2020-06-15-16-44-20.689726,81,False
2020-06-15-16-44-20.700466,82,False
2020-06-15-16-44-20.710819,49,False
2020-06-15-16-44-20.722577,49,False
2020-06-15-16-44-20.734845,49,False
2020-06-15-16-44-20.747279,49,False
2020-06-15-16-44-20.759154,49,False
2020-06-15-16-44-20.770804,49,False
2020-06-15-16-44-20.781241,49,False
2020-06-15-16-44-20.792264,49,False
2020-06-15-16-44-20.804259,49,False
2020-06-15-16-44-20.815483,49,False
2020-06-15-16-44-20.825827,49,False
2020-06-15-16-44-20.837405,49,False
2020-06-15-16-44-20.848579,49,False
2020-06-15-16-44-20.859758,49,False
2020-06-15-16-44-20.871581,49,False
2020-06-15-16-44-20.884252,54,False
2020-06-15-16-44-20.895275,54,False
2020-06-15-16-44-20.907307,58,False
2020-06-15-16-44-20.918841,85,False
2020-06-15-16-44-20.929573,85,False
2020-06-15-16-44-20.941996,85,False
2020-06-15-16-44-20.953374,85,False
2020-06-15-16-44-20.965055,85,False
2020-06-15-16-44-20.977379,85,False
2020-06-15-16-44-20.989223,85,False
2020-06-15-16-44-20.999488,85,False
2020-06-15-16-44-21.010692,85,False
2020-06-15-16-44-21.021915,85,False
2020-06-15-16-44-21.034502,85,False
2020-06-15-16-44-21.045912,85,False
2020-06-15-16-44-21.057259,104,False
2020-06-15-16-44-21.069441,104,False
2020-06-15-16-44-21.080751,104,False
2020-06-15-16-44-21.092499,104,False
2020-06-15-16-44-21.105744,104,False
2020-06-15-16-44-21.117603,104,False
2020-06-15-16-44-21.129356,104,False
2020-06-15-16-44-21.140627,104,False
2020-06-15-16-44-21.152356,104,False
2020-06-15-16-44-21.164931,104,False
2020-06-15-16-44-21.176003,104,False
2020-06-15-16-44-21.187298,104,False
2020-06-15-16-44-21.200262,104,False
2020-06-15-16-44-21.212622,104,False
2020-06-15-16-44-21.224949,104,False
2020-06-15-16-44-21.237359,104,False
2020-06-15-16-44-21.249177,104,False
2020-06-15-16-44-21.261395,104,False
2020-06-15-16-44-21.274118,104,False
2020-06-15-16-44-21.285547,104,False
2020-06-15-16-44-21.297718,104,False
2020-06-15-16-44-21.309149,104,False
2020-06-15-16-44-21.321297,104,False
2020-06-15-16-44-21.333286,104,False
2020-06-15-16-44-21.345804,104,False
2020-06-15-16-44-21.356889,75,False
2020-06-15-16-44-21.367305,75,False
2020-06-15-16-44-21.378222,75,False
2020-06-15-16-44-21.389953,75,False
2020-06-15-16-44-21.400857,75,False
2020-06-15-16-44-21.413023,75,False
2020-06-15-16-44-21.424981,75,False
2020-06-15-16-44-21.437418,75,False
2020-06-15-16-44-21.449276,75,False
2020-06-15-16-44-21.460353,75,False
2020-06-15-16-44-21.471974,75,False
2020-06-15-16-44-21.483827,75,False
2020-06-15-16-44-21.495324,62,True
2020-06-15-16-44-21.507434,62,True
2020-06-15-16-44-21.517530,65,True
2020-06-15-16-44-21.527827,65,True
2020-06-15-16-44-21.540038,65,True
2020-06-15-16-44-21.551857,65,True
2020-06-15-16-44-21.564181,67,True
2020-06-15-16-44-21.575040,67,True
2020-06-15-16-44-21.587907,67,True
2020-06-15-16-44-21.598733,67,True
2020-06-15-16-44-21.609190,67,True
2020-06-15-16-44-21.621398,81,True
2020-06-15-16-44-21.633075,81,True
2020-06-15-16-44-21.646192,81,True
2020-06-15-16-44-21.658081,316,True
2020-06-15-16-44-21.669411,316,True
2020-06-15-16-44-21.683003,316,True
2020-06-15-16-44-21.696124,651,True
2020-06-15-16-44-21.707729,651,True
2020-06-15-16-44-21.720648,651,True
2020-06-15-16-44-21.732035,1193,True
2020-06-15-16-44-21.743373,1193,True
2020-06-15-16-44-21.756885,1193,True
2020-06-15-16-44-21.767996,1193,True
2020-06-15-16-44-21.780200,1193,True
2020-06-15-16-44-21.792718,1193,True
2020-06-15-16-44-21.803099,2191,True
2020-06-15-16-44-21.817128,2191,True
2020-06-15-16-44-21.829337,2191,True
2020-06-15-16-44-21.840954,2191,True
2020-06-15-16-44-21.852517,2191,True
2020-06-15-16-44-21.865067,2191,True
2020-06-15-16-44-21.875323,2191,True
2020-06-15-16-44-21.888657,2191,True
2020-06-15-16-44-21.900690,2191,True
2020-06-15-16-44-21.911094,2191,True
2020-06-15-16-44-21.924111,2191,True
2020-06-15-16-44-21.935897,2191,True
2020-06-15-16-44-21.947859,2372,True
2020-06-15-16-44-21.958751,2372,True
2020-06-15-16-44-21.970557,2372,True
2020-06-15-16-44-21.981867,2482,True
2020-06-15-16-44-21.992580,2482,True
2020-06-15-16-44-22.005137,2482,True
2020-06-15-16-44-22.015649,2492,True
2020-06-15-16-44-22.026592,2492,True
2020-06-15-16-44-22.037500,2492,True
2020-06-15-16-44-22.050314,2492,True
2020-06-15-16-44-22.061685,2492,True
2020-06-15-16-44-22.073176,2492,True
2020-06-15-16-44-22.084228,2492,True
2020-06-15-16-44-22.095531,2492,True
2020-06-15-16-44-22.107522,2492,True
2020-06-15-16-44-22.119798,2492,True
2020-06-15-16-44-22.132171,2492,True
2020-06-15-16-44-22.143114,2492,True
2020-06-15-16-44-22.155222,2492,True
2020-06-15-16-44-22.167519,2492,True
2020-06-15-16-44-22.177795,2492,True
2020-06-15-16-44-22.190203,2492,True
2020-06-15-16-44-22.201158,2492,True
2020-06-15-16-44-22.213680,2492,True
2020-06-15-16-44-22.225208,2492,True
2020-06-15-16-44-22.237646,1913,True
2020-06-15-16-44-22.248688,1913,True
2020-06-15-16-44-22.260815,1913,True
2020-06-15-16-44-22.271333,1274,True
2020-06-15-16-44-22.282225,1274,True
2020-06-15-16-44-22.292967,1274,True
2020-06-15-16-44-22.303138,881,True
2020-06-15-16-44-22.315252,927,False
2020-06-15-16-44-22.327486,927,False
2020-06-15-16-44-22.338281,927,False
2020-06-15-16-44-22.349473,927,False
2020-06-15-16-44-22.361325,927,False
2020-06-15-16-44-22.371662,932,False
2020-06-15-16-44-22.382628,943,False
2020-06-15-16-44-22.395419,945,False
2020-06-15-16-44-22.407652,958,False
2020-06-15-16-44-22.417750,859,False
2020-06-15-16-44-22.429329,859,False
2020-06-15-16-44-22.439644,859,False
2020-06-15-16-44-22.451433,859,False
2020-06-15-16-44-22.461988,715,False
2020-06-15-16-44-22.473449,582,False
2020-06-15-16-44-22.486178,582,False
2020-06-15-16-44-22.497625,582,False
2020-06-15-16-44-22.509107,420,False
2020-06-15-16-44-22.521265,420,False
2020-06-15-16-44-22.532877,420,False
2020-06-15-16-44-22.545294,269,False
2020-06-15-16-44-22.557519,269,False
2020-06-15-16-44-22.567940,269,False
2020-06-15-16-44-22.579845,211,False
2020-06-15-16-44-22.592067,175,False
2020-06-15-16-44-22.603884,175,False
2020-06-15-16-44-22.615792,175,False
2020-06-15-16-44-22.627587,144,False
2020-06-15-16-44-22.639226,144,False
2020-06-15-16-44-22.650054,144,False
2020-06-15-16-44-22.661045,97,False
2020-06-15-16-44-22.672797,97,False
2020-06-15-16-44-22.685289,97,False
2020-06-15-16-44-22.697576,77,False
2020-06-15-16-44-22.708062,68,False
2020-06-15-16-44-22.719530,105,False
2020-06-15-16-44-22.731776,105,False
2020-06-15-16-44-22.742877,105,False
2020-06-15-16-44-22.755540,105,False
2020-06-15-16-44-22.767680,105,False
2020-06-15-16-44-22.779587,105,False
2020-06-15-16-44-22.790978,105,False
2020-06-15-16-44-22.803390,105,False
2020-06-15-16-44-22.818821,105,False
2020-06-15-16-44-22.832817,105,False
2020-06-15-16-44-22.849209,105,False
2020-06-15-16-44-22.866244,105,False
2020-06-15-16-44-22.883252,105,False
2020-06-15-16-44-22.897177,105,False
2020-06-15-16-44-22.908081,105,False
2020-06-15-16-44-22.921897,105,False
2020-06-15-16-44-22.934397,105,False
2020-06-15-16-44-22.949023,105,False
2020-06-15-16-44-22.961525,105,False
2020-06-15-16-44-22.975105,105,False
2020-06-15-16-44-22.986547,93,False
2020-06-15-16-44-22.998067,93,False
2020-06-15-16-44-23.009128,121,False
2020-06-15-16-44-23.021438,121,False
2020-06-15-16-44-23.032079,121,False
2020-06-15-16-44-23.042920,121,False
2020-06-15-16-44-23.056824,121,False
2020-06-15-16-44-23.069111,121,False
2020-06-15-16-44-23.079875,121,False
2020-06-15-16-44-23.090943,121,False
2020-06-15-16-44-23.101545,121,False
2020-06-15-16-44-23.111934,121,False
2020-06-15-16-44-23.122508,121,False
2020-06-15-16-44-23.133323,121,False
2020-06-15-16-44-23.144184,121,False
2020-06-15-16-44-23.155221,121,False
2020-06-15-16-44-23.167667,121,False
2020-06-15-16-44-23.179039,79,False
2020-06-15-16-44-23.189546,79,False
2020-06-15-16-44-23.200441,79,False
2020-06-15-16-44-23.210716,79,False
2020-06-15-16-44-23.223162,90,False
2020-06-15-16-44-23.235321,90,False
2020-06-15-16-44-23.248393,90,False
2020-06-15-16-44-23.264653,90,False
2020-06-15-16-44-23.276015,90,False
2020-06-15-16-44-23.287274,90,False
2020-06-15-16-44-23.297633,90,False
2020-06-15-16-44-23.309467,90,False
2020-06-15-16-44-23.321350,90,False
2020-06-15-16-44-23.332810,90,False
2020-06-15-16-44-23.345330,90,False
2020-06-15-16-44-23.355927,90,False
2020-06-15-16-44-23.367330,90,False
2020-06-15-16-44-23.379328,90,False
2020-06-15-16-44-23.391133,90,False
2020-06-15-16-44-23.401386,90,False
2020-06-15-16-44-23.412630,85,False
2020-06-15-16-44-23.423262,85,False
2020-06-15-16-44-23.433997,85,False
2020-06-15-16-44-23.445178,85,False
2020-06-15-16-44-23.457721,85,False
2020-06-15-16-44-23.468383,85,False
2020-06-15-16-44-23.479274,85,False
2020-06-15-16-44-23.491215,85,False
2020-06-15-16-44-23.503407,85,False
2020-06-15-16-44-23.514657,85,False
2020-06-15-16-44-23.526146,85,False
2020-06-15-16-44-23.537455,85,False
2020-06-15-16-44-23.547734,85,False
2020-06-15-16-44-23.558225,85,False
2020-06-15-16-44-23.568528,85,False
2020-06-15-16-44-23.580529,85,False
2020-06-15-16-44-23.591601,85,False
2020-06-15-16-44-23.601714,85,False
2020-06-15-16-44-23.611946,85,False
2020-06-15-16-44-23.622562,85,False
2020-06-15-16-44-23.634919,85,False
2020-06-15-16-44-23.645509,85,False
2020-06-15-16-44-23.658043,85,False
2020-06-15-16-44-23.669800,79,False
2020-06-15-16-44-23.681975,79,False
2020-06-15-16-44-23.694640,79,False
2020-06-15-16-44-23.707030,73,False
2020-06-15-16-44-23.718060,78,False
2020-06-15-16-44-23.728371,78,False
2020-06-15-16-44-23.739690,78,False
2020-06-15-16-44-23.749860,78,False
2020-06-15-16-44-23.762447,78,False
2020-06-15-16-44-23.772898,78,False
2020-06-15-16-44-23.784042,78,False
2020-06-15-16-44-23.795715,78,False
2020-06-15-16-44-23.806330,78,False
2020-06-15-16-44-23.817803,78,False
2020-06-15-16-44-23.829185,78,False
2020-06-15-16-44-23.839350,78,False
2020-06-15-16-44-23.851252,58,False
2020-06-15-16-44-23.862745,58,False
2020-06-15-16-44-23.874243,58,False
2020-06-15-16-44-23.884841,58,False
2020-06-15-16-44-23.895059,58,False
2020-06-15-16-44-23.905543,58,False
2020-06-15-16-44-23.918108,58,False
2020-06-15-16-44-23.930648,58,False
2020-06-15-16-44-23.942977,63,False
2020-06-15-16-44-23.953712,74,False
2020-06-15-16-44-23.963967,74,False
2020-06-15-16-44-23.975781,74,False
2020-06-15-16-44-23.986804,74,False
2020-06-15-16-44-23.997022,74,False
2020-06-15-16-44-24.008674,74,False
2020-06-15-16-44-24.019874,74,False
2020-06-15-16-44-24.031052,74,False
2020-06-15-16-44-24.043488,74,False
2020-06-15-16-44-24.056109,74,False
2020-06-15-16-44-24.067860,74,False
2020-06-15-16-44-24.078902,74,False
2020-06-15-16-44-24.089170,74,False
2020-06-15-16-44-24.099245,74,False
2020-06-15-16-44-24.109561,74,False
2020-06-15-16-44-24.122032,74,False
2020-06-15-16-44-24.133832,74,False
2020-06-15-16-44-24.144143,74,False
2020-06-15-16-44-24.155485,74,False
2020-06-15-16-44-24.166851,74,False
2020-06-15-16-44-24.178655,74,False
2020-06-15-16-44-24.189548,74,False
2020-06-15-16-44-24.199779,74,False
2020-06-15-16-44-24.210654,74,False
2020-06-15-16-44-24.221716,74,False
2020-06-15-16-44-24.234216,74,False
2020-06-15-16-44-24.244341,74,False
2020-06-15-16-44-24.256131,74,False
2020-06-15-16-44-24.267986,74,False
2020-06-15-16-44-24.279302,74,False
2020-06-15-16-44-24.289746,74,False
2020-06-15-16-44-24.301741,74,False
2020-06-15-16-44-24.312722,74,False
2020-06-15-16-44-24.323282,74,False
2020-06-15-16-44-24.334630,74,False
2020-06-15-16-44-24.346902,74,False
2020-06-15-16-44-24.358268,74,False
2020-06-15-16-44-24.369999,59,False
2020-06-15-16-44-24.382099,49,False
2020-06-15-16-44-24.394789,49,False
2020-06-15-16-44-24.407290,67,False
2020-06-15-16-44-24.419578,67,False
2020-06-15-16-44-24.431354,67,False
2020-06-15-16-44-24.443938,67,False
2020-06-15-16-44-24.455667,67,False
2020-06-15-16-44-24.467891,67,False
2020-06-15-16-44-24.479453,67,False
2020-06-15-16-44-24.490324,67,False
2020-06-15-16-44-24.500816,67,False
2020-06-15-16-44-24.512374,67,False
2020-06-15-16-44-24.524303,67,False
2020-06-15-16-44-24.536193,67,False
2020-06-15-16-44-24.547921,67,False
2020-06-15-16-44-24.558362,67,False
2020-06-15-16-44-24.570288,67,False
2020-06-15-16-44-24.581422,67,False
2020-06-15-16-44-24.593974,67,False
2020-06-15-16-44-24.605921,67,False
2020-06-15-16-44-24.618293,67,False
2020-06-15-16-44-24.630744,67,False
2020-06-15-16-44-24.641022,53,False
2020-06-15-16-44-24.651918,53,False
2020-06-15-16-44-24.664016,53,False
2020-06-15-16-44-24.675566,53,False
2020-06-15-16-44-24.688034,53,False
2020-06-15-16-44-24.698437,53,False
2020-06-15-16-44-24.709667,53,False
2020-06-15-16-44-24.721303,53,False
2020-06-15-16-44-24.733493,53,False
2020-06-15-16-44-24.745580,53,False
2020-06-15-16-44-24.758358,53,False
2020-06-15-16-44-24.768659,53,False
2020-06-15-16-44-24.779829,53,False
2020-06-15-16-44-24.790711,53,False
2020-06-15-16-44-24.802927,53,False
2020-06-15-16-44-24.814298,53,False
2020-06-15-16-44-24.825597,47,False
2020-06-15-16-44-24.837999,47,False
2020-06-15-16-44-24.849538,47,False
2020-06-15-16-44-24.860847,47,False
2020-06-15-16-44-24.872967,47,False
2020-06-15-16-44-24.884682,47,False
2020-06-15-16-44-24.895594,47,False
2020-06-15-16-44-24.908033,47,False
2020-06-15-16-44-24.920296,47,False
2020-06-15-16-44-24.931590,47,False
2020-06-15-16-44-24.943138,47,False
2020-06-15-16-44-24.955687,47,False
2020-06-15-16-44-24.968063,47,False
2020-06-15-16-44-24.978311,44,False
2020-06-15-16-44-24.989761,44,False
2020-06-15-16-44-25.000702,44,False
2020-06-15-16-44-25.010925,44,False
2020-06-15-16-44-25.022651,44,False
2020-06-15-16-44-25.034915,44,True
2020-06-15-16-44-25.047071,44,True
2020-06-15-16-44-25.058380,44,True
2020-06-15-16-44-25.070334,44,True
2020-06-15-16-44-25.082540,44,True
2020-06-15-16-44-25.093250,44,True
2020-06-15-16-44-25.105655,44,True
2020-06-15-16-44-25.118333,44,True
2020-06-15-16-44-25.129996,44,True
2020-06-15-16-44-25.140341,44,True
2020-06-15-16-44-25.151211,44,True
2020-06-15-16-44-25.161907,44,True
2020-06-15-16-44-25.174238,44,True
2020-06-15-16-44-25.185720,51,True
2020-06-15-16-44-25.198128,51,True
2020-06-15-16-44-25.209850,51,True
2020-06-15-16-44-25.220201,51,True
2020-06-15-16-44-25.232401,51,True
2020-06-15-16-44-25.244057,51,True
2020-06-15-16-44-25.255771,51,True
2020-06-15-16-44-25.268138,51,True
2020-06-15-16-44-25.279181,51,True
2020-06-15-16-44-25.289312,51,True
2020-06-15-16-44-25.301661,51,True
2020-06-15-16-44-25.313662,51,True
2020-06-15-16-44-25.327476,51,True
2020-06-15-16-44-25.339237,73,True
2020-06-15-16-44-25.350732,73,True
2020-06-15-16-44-25.360861,73,True
2020-06-15-16-44-25.371753,73,True
2020-06-15-16-44-25.383936,73,True
2020-06-15-16-44-25.395952,73,True
2020-06-15-16-44-25.408072,73,True
2020-06-15-16-44-25.418661,73,True
2020-06-15-16-44-25.431025,73,True
2020-06-15-16-44-25.443357,73,True
2020-06-15-16-44-25.455711,77,True
2020-06-15-16-44-25.468083,77,True
2020-06-15-16-44-25.478726,77,True
2020-06-15-16-44-25.490201,80,True
2020-06-15-16-44-25.502837,80,True
2020-06-15-16-44-25.513428,80,True
2020-06-15-16-44-25.525713,80,True
2020-06-15-16-44-25.538823,80,True
2020-06-15-16-44-25.550704,80,True
2020-06-15-16-44-25.562331,414,True
2020-06-15-16-44-25.574808,414,True
2020-06-15-16-44-25.586417,414,True
2020-06-15-16-44-25.597948,414,True
2020-06-15-16-44-25.609018,613,True
2020-06-15-16-44-25.620539,613,True
2020-06-15-16-44-25.632355,613,True
2020-06-15-16-44-25.644588,613,True
2020-06-15-16-44-25.655931,613,True
2020-06-15-16-44-25.668131,613,True
2020-06-15-16-44-25.680060,1226,True
2020-06-15-16-44-25.691784,1226,True
2020-06-15-16-44-25.703972,1226,True
2020-06-15-16-44-25.715780,1938,True
2020-06-15-16-44-25.728098,1938,True
2020-06-15-16-44-25.740075,1938,True
2020-06-15-16-44-25.751648,1938,True
2020-06-15-16-44-25.761884,1938,True
2020-06-15-16-44-25.772991,1938,True
2020-06-15-16-44-25.783841,1938,True
2020-06-15-16-44-25.795769,1938,True
2020-06-15-16-44-25.808508,1938,True
2020-06-15-16-44-25.820347,1938,True
2020-06-15-16-44-25.832796,1938,True
2020-06-15-16-44-25.844087,1938,True
2020-06-15-16-44-25.856328,1955,False
2020-06-15-16-44-25.868236,1955,False
2020-06-15-16-44-25.880021,1955,False
2020-06-15-16-44-25.890259,1978,False
2020-06-15-16-44-25.901261,1978,False
2020-06-15-16-44-25.913923,1978,False
2020-06-15-16-44-25.925782,1978,False
2020-06-15-16-44-25.938194,1978,False
2020-06-15-16-44-25.949517,1978,False
2020-06-15-16-44-25.961474,1978,False
2020-06-15-16-44-25.974066,1978,False
2020-06-15-16-44-25.985901,1978,False
2020-06-15-16-44-25.998249,1978,False
2020-06-15-16-44-26.009841,1978,False
2020-06-15-16-44-26.022318,1978,False
2020-06-15-16-44-26.034462,1978,False
2020-06-15-16-44-26.046213,1978,False
2020-06-15-16-44-26.058305,1978,False
2020-06-15-16-44-26.070438,1978,False
2020-06-15-16-44-26.082572,1978,False
2020-06-15-16-44-26.094468,1978,False
2020-06-15-16-44-26.106171,1978,False
2020-06-15-16-44-26.118230,1978,False
2020-06-15-16-44-26.130428,1978,False
2020-06-15-16-44-26.141315,1978,False
2020-06-15-16-44-26.152369,1852,False
2020-06-15-16-44-26.164480,1852,False
2020-06-15-16-44-26.176286,1852,False
2020-06-15-16-44-26.188527,810,False
2020-06-15-16-44-26.201229,810,False
2020-06-15-16-44-26.213180,810,False
2020-06-15-16-44-26.224576,568,False
2020-06-15-16-44-26.236078,633,False
2020-06-15-16-44-26.248304,633,False
2020-06-15-16-44-26.260163,633,False
2020-06-15-16-44-26.271879,633,False
2020-06-15-16-44-26.283257,633,False
2020-06-15-16-44-26.295949,633,False
2020-06-15-16-44-26.308500,601,False
2020-06-15-16-44-26.318664,601,False
2020-06-15-16-44-26.330316,601,False
2020-06-15-16-44-26.342625,485,False
2020-06-15-16-44-26.353418,485,False
2020-06-15-16-44-26.365878,485,False
2020-06-15-16-44-26.378283,381,False
2020-06-15-16-44-26.390504,381,False
2020-06-15-16-44-26.400937,381,False
2020-06-15-16-44-26.413015,354,False
2020-06-15-16-44-26.424507,305,False
2020-06-15-16-44-26.436082,305,False
2020-06-15-16-44-26.448314,230,False
2020-06-15-16-44-26.460782,230,False
2020-06-15-16-44-26.473011,248,False
2020-06-15-16-44-26.483584,248,False
2020-06-15-16-44-26.496426,191,False
2020-06-15-16-44-26.508316,191,False
2020-06-15-16-44-26.521020,191,False
2020-06-15-16-44-26.533465,144,False
2020-06-15-16-44-26.545922,144,False
2020-06-15-16-44-26.558592,144,False
2020-06-15-16-44-26.570894,133,False
2020-06-15-16-44-26.581921,133,False
2020-06-15-16-44-26.593413,133,False
2020-06-15-16-44-26.605998,102,False
2020-06-15-16-44-26.618228,102,False
2020-06-15-16-44-26.628662,102,False
2020-06-15-16-44-26.640630,69,False
2020-06-15-16-44-26.650923,87,False
2020-06-15-16-44-26.661689,87,False
2020-06-15-16-44-26.672575,87,False
2020-06-15-16-44-26.684091,87,False
2020-06-15-16-44-26.696237,87,False
2020-06-15-16-44-26.708254,87,False
2020-06-15-16-44-26.718613,87,False
2020-06-15-16-44-26.730130,87,False
2020-06-15-16-44-26.741786,87,False
2020-06-15-16-44-26.754322,87,False
2020-06-15-16-44-26.765905,87,False
2020-06-15-16-44-26.778346,87,False
2020-06-15-16-44-26.790984,87,False
2020-06-15-16-44-26.802915,87,False
2020-06-15-16-44-26.813686,87,False
2020-06-15-16-44-26.825943,87,False
2020-06-15-16-44-26.838242,87,False
2020-06-15-16-44-26.849633,87,False
2020-06-15-16-44-26.860336,87,False
2020-06-15-16-44-26.870952,87,False
2020-06-15-16-44-26.882080,87,False
2020-06-15-16-44-26.893373,87,False
2020-06-15-16-44-26.906040,74,False
2020-06-15-16-44-26.918272,74,False
2020-06-15-16-44-26.930753,74,False
2020-06-15-16-44-26.942276,74,False
2020-06-15-16-44-26.952777,74,False
2020-06-15-16-44-26.962944,74,False
2020-06-15-16-44-26.973632,64,False
2020-06-15-16-44-26.986084,64,False
2020-06-15-16-44-26.998629,64,False
2020-06-15-16-44-27.010501,64,False
2020-06-15-16-44-27.021463,64,False
2020-06-15-16-44-27.031967,64,False
2020-06-15-16-44-27.042641,64,False
2020-06-15-16-44-27.053982,64,False
2020-06-15-16-44-27.066151,64,False
2020-06-15-16-44-27.078394,58,False
2020-06-15-16-44-27.090338,58,False
2020-06-15-16-44-27.102310,63,False
2020-06-15-16-44-27.113533,63,False
2020-06-15-16-44-27.126134,63,False
2020-06-15-16-44-27.138408,63,False
2020-06-15-16-44-27.149685,63,False
2020-06-15-16-44-27.160606,63,False
2020-06-15-16-44-27.172247,63,False
2020-06-15-16-44-27.182836,63,False
2020-06-15-16-44-27.194751,63,False
2020-06-15-16-44-27.207379,63,False
2020-06-15-16-44-27.218708,63,False
2020-06-15-16-44-27.229586,63,False
2020-06-15-16-44-27.241069,63,False
2020-06-15-16-44-27.252260,63,False
2020-06-15-16-44-27.263923,63,False
2020-06-15-16-44-27.276072,63,False
2020-06-15-16-44-27.288423,63,False
2020-06-15-16-44-27.298666,63,False
2020-06-15-16-44-27.310200,63,False
2020-06-15-16-44-27.322230,63,False
2020-06-15-16-44-27.334406,63,False
2020-06-15-16-44-27.346032,63,False
2020-06-15-16-44-27.356729,63,False
2020-06-15-16-44-27.367452,63,False
2020-06-15-16-44-27.379444,63,False
2020-06-15-16-44-27.391781,63,False
2020-06-15-16-44-27.404251,74,False
2020-06-15-16-44-27.416097,74,False
2020-06-15-16-44-27.428481,74,False
2020-06-15-16-44-27.440988,74,False
2020-06-15-16-44-27.452142,74,False
2020-06-15-16-44-27.462446,74,False
2020-06-15-16-44-27.473741,74,False
2020-06-15-16-44-27.486013,74,False
2020-06-15-16-44-27.498504,74,False
2020-06-15-16-44-27.509746,74,False
2020-06-15-16-44-27.520439,74,False
2020-06-15-16-44-27.531808,74,False
2020-06-15-16-44-27.543383,74,False
2020-06-15-16-44-27.554085,74,False
2020-06-15-16-44-27.566120,62,False
2020-06-15-16-44-27.578372,62,False
2020-06-15-16-44-27.590230,62,False
2020-06-15-16-44-27.602236,64,False
2020-06-15-16-44-27.614071,64,False
2020-06-15-16-44-27.626014,64,False
2020-06-15-16-44-27.638424,64,False
2020-06-15-16-44-27.650119,64,False
2020-06-15-16-44-27.662127,64,False
2020-06-15-16-44-27.673609,64,False
2020-06-15-16-44-27.686015,64,False
2020-06-15-16-44-27.698518,64,False
2020-06-15-16-44-27.708842,64,False
2020-06-15-16-44-27.720559,64,False
2020-06-15-16-44-27.732699,64,False
2020-06-15-16-44-27.744245,64,False
2020-06-15-16-44-27.756723,64,False
2020-06-15-16-44-27.768390,64,False
2020-06-15-16-44-27.779845,64,False
2020-06-15-16-44-27.791730,64,False
2020-06-15-16-44-27.804379,64,False
2020-06-15-16-44-27.816238,64,False
2020-06-15-16-44-27.828463,53,False
2020-06-15-16-44-27.840310,53,False
2020-06-15-16-44-27.851980,53,False
2020-06-15-16-44-27.862115,53,False
2020-06-15-16-44-27.873286,53,False
2020-06-15-16-44-27.884242,53,False
2020-06-15-16-44-27.896089,53,False
2020-06-15-16-44-27.908819,53,False
2020-06-15-16-44-27.920543,53,False
2020-06-15-16-44-27.931285,53,False
2020-06-15-16-44-27.943043,53,False
2020-06-15-16-44-27.953741,53,False
2020-06-15-16-44-27.966102,53,False
2020-06-15-16-44-27.976702,53,False
2020-06-15-16-44-27.988399,53,False
2020-06-15-16-44-27.999950,53,False
2020-06-15-16-44-28.011733,53,False
2020-06-15-16-44-28.022925,53,False
2020-06-15-16-44-28.034232,52,False
2020-06-15-16-44-28.046179,52,False
2020-06-15-16-44-28.058758,52,False
2020-06-15-16-44-28.070532,60,False
2020-06-15-16-44-28.082770,60,False
2020-06-15-16-44-28.094551,60,False
2020-06-15-16-44-28.106185,60,False
2020-06-15-16-44-28.118944,60,False
2020-06-15-16-44-28.130973,60,False
2020-06-15-16-44-28.143412,60,False
2020-06-15-16-44-28.155294,60,False
2020-06-15-16-44-28.166248,60,False
2020-06-15-16-44-28.178460,60,False
2020-06-15-16-44-28.188663,60,False
2020-06-15-16-44-28.199160,60,False
2020-06-15-16-44-28.211010,60,False
2020-06-15-16-44-28.222903,60,False
2020-06-15-16-44-28.234016,60,False
2020-06-15-16-44-28.246234,60,False
2020-06-15-16-44-28.258571,60,False
2020-06-15-16-44-28.270040,60,False
2020-06-15-16-44-28.281535,60,False
2020-06-15-16-44-28.292402,60,False
2020-06-15-16-44-28.304936,60,False
2020-06-15-16-44-28.316212,60,False
2020-06-15-16-44-28.328763,60,False
2020-06-15-16-44-28.340387,63,False
2020-06-15-16-44-28.351245,63,False
2020-06-15-16-44-28.361757,63,False
2020-06-15-16-44-28.373499,77,False
2020-06-15-16-44-28.384571,77,False
2020-06-15-16-44-28.396232,77,False
2020-06-15-16-44-28.408512,77,False
2020-06-15-16-44-28.419818,77,False
2020-06-15-16-44-28.431808,77,False
2020-06-15-16-44-28.443927,77,False
2020-06-15-16-44-28.456153,77,False
2020-06-15-16-44-28.468511,77,False
2020-06-15-16-44-28.481082,49,False
2020-06-15-16-44-28.492053,49,False
2020-06-15-16-44-28.503026,51,False
2020-06-15-16-44-28.515300,51,False
2020-06-15-16-44-28.526551,51,False
2020-06-15-16-44-28.538652,81,False
2020-06-15-16-44-28.550218,81,False
2020-06-15-16-44-28.562675,81,False
2020-06-15-16-44-28.574276,81,False
2020-06-15-16-44-28.586240,81,False
2020-06-15-16-44-28.598637,81,False
2020-06-15-16-44-28.608847,81,False
2020-06-15-16-44-28.619241,81,False
2020-06-15-16-44-28.630107,81,False
2020-06-15-16-44-28.641553,81,False
2020-06-15-16-44-28.652256,81,False
2020-06-15-16-44-28.663456,81,False
2020-06-15-16-44-28.675129,81,False
2020-06-15-16-44-28.687202,81,False
2020-06-15-16-44-28.698633,81,False
2020-06-15-16-44-28.709821,81,False
2020-06-15-16-44-28.721574,81,False
2020-06-15-16-44-28.733956,81,False
2020-06-15-16-44-28.746279,81,False
2020-06-15-16-44-28.758686,81,False
2020-06-15-16-44-28.771375,81,False
2020-06-15-16-44-28.782383,74,False
2020-06-15-16-44-28.794149,74,False
2020-06-15-16-44-28.806284,74,False
2020-06-15-16-44-28.818701,74,False
2020-06-15-16-44-28.829200,74,False
2020-06-15-16-44-28.841052,74,False
2020-06-15-16-44-28.851840,74,False
2020-06-15-16-44-28.862093,74,False
2020-06-15-16-44-28.872874,74,False
2020-06-15-16-44-28.884012,74,False
2020-06-15-16-44-28.896228,74,False
2020-06-15-16-44-28.908638,78,False
2020-06-15-16-44-28.919068,78,False
2020-06-15-16-44-28.930785,78,False
2020-06-15-16-44-28.942200,78,False
2020-06-15-16-44-28.953735,78,False
2020-06-15-16-44-28.966249,78,False
2020-06-15-16-44-28.978677,78,False
2020-06-15-16-44-28.990287,78,False
2020-06-15-16-44-29.001462,78,False
2020-06-15-16-44-29.011810,78,False
2020-06-15-16-44-29.023547,78,False
2020-06-15-16-44-29.034433,78,False
2020-06-15-16-44-29.046348,78,False
2020-06-15-16-44-29.058657,78,False
2020-06-15-16-44-29.070906,78,False
2020-06-15-16-44-29.082037,78,False
2020-06-15-16-44-29.092849,78,False
2020-06-15-16-44-29.105034,76,False
2020-06-15-16-44-29.116844,85,False
2020-06-15-16-44-29.128728,85,False
2020-06-15-16-44-29.141061,85,False
2020-06-15-16-44-29.152951,85,False
2020-06-15-16-44-29.164462,85,False
2020-06-15-16-44-29.176225,85,False
2020-06-15-16-44-29.188899,85,False
2020-06-15-16-44-29.200588,85,False
2020-06-15-16-44-29.211972,85,False
2020-06-15-16-44-29.222984,85,False
2020-06-15-16-44-29.234105,84,False
2020-06-15-16-44-29.246335,84,False
2020-06-15-16-44-29.258629,84,False
2020-06-15-16-44-29.270267,84,False
2020-06-15-16-44-29.281672,84,False
2020-06-15-16-44-29.292648,84,False
2020-06-15-16-44-29.304253,84,False
2020-06-15-16-44-29.316368,84,False
2020-06-15-16-44-29.328809,84,False
2020-06-15-16-44-29.339996,84,False
2020-06-15-16-44-29.350662,84,False
2020-06-15-16-44-29.361871,84,False
2020-06-15-16-44-29.372499,84,False
2020-06-15-16-44-29.383858,84,False
2020-06-15-16-44-29.396338,84,False
2020-06-15-16-44-29.408794,84,False
2020-06-15-16-44-29.420605,84,False
2020-06-15-16-44-29.432902,84,True
2020-06-15-16-44-29.443520,84,True
2020-06-15-16-44-29.454457,84,True
2020-06-15-16-44-29.466244,84,True
2020-06-15-16-44-29.478824,84,True
2020-06-15-16-44-29.491098,84,True
2020-06-15-16-44-29.502893,84,True
2020-06-15-16-44-29.514854,83,True
2020-06-15-16-44-29.526431,68,True
2020-06-15-16-44-29.538749,68,True
2020-06-15-16-44-29.550480,68,True
2020-06-15-16-44-29.560806,68,True
2020-06-15-16-44-29.571006,68,True
2020-06-15-16-44-29.582107,68,True
2020-06-15-16-44-29.593004,68,True
2020-06-15-16-44-29.604414,68,True
2020-06-15-16-44-29.616292,68,True
2020-06-15-16-44-29.627077,68,True
2020-06-15-16-44-29.638983,68,True
2020-06-15-16-44-29.650904,68,True
2020-06-15-16-44-29.662199,68,True
2020-06-15-16-44-29.673946,68,True
2020-06-15-16-44-29.686481,68,True
2020-06-15-16-44-29.698901,68,True
2020-06-15-16-44-29.710484,68,True
2020-06-15-16-44-29.722522,68,True
2020-06-15-16-44-29.734225,68,True
2020-06-15-16-44-29.746975,68,True
2020-06-15-16-44-29.758833,68,True
2020-06-15-16-44-29.770360,68,True
2020-06-15-16-44-29.780700,68,True
2020-06-15-16-44-29.793202,68,True
2020-06-15-16-44-29.805734,79,True
2020-06-15-16-44-29.818175,79,True
2020-06-15-16-44-29.830289,70,True
2020-06-15-16-44-29.842251,70,True
2020-06-15-16-44-29.853891,70,True
2020-06-15-16-44-29.866421,70,True
2020-06-15-16-44-29.878685,70,True
2020-06-15-16-44-29.890415,70,True
2020-06-15-16-44-29.901037,70,True
2020-06-15-16-44-29.911805,70,True
2020-06-15-16-44-29.923078,70,True
2020-06-15-16-44-29.934789,70,True
2020-06-15-16-44-29.946369,70,True
2020-06-15-16-44-29.958818,70,True
2020-06-15-16-44-29.969351,69,True
2020-06-15-16-44-29.981972,271,True
2020-06-15-16-44-29.993246,932,True
2020-06-15-16-44-30.004682,932,True
2020-06-15-16-44-30.016391,932,True
2020-06-15-16-44-30.028705,932,True
2020-06-15-16-44-30.040249,932,True
2020-06-15-16-44-30.051255,932,True
2020-06-15-16-44-30.062197,932,True
2020-06-15-16-44-30.073749,932,True
2020-06-15-16-44-30.085861,2158,True
2020-06-15-16-44-30.098079,2158,True
2020-06-15-16-44-30.110478,2158,True
2020-06-15-16-44-30.120734,2427,True
2020-06-15-16-44-30.132283,2814,True
2020-06-15-16-44-30.144365,2814,True
2020-06-15-16-44-30.156449,2814,True
2020-06-15-16-44-30.168835,2814,True
2020-06-15-16-44-30.181076,2814,True
2020-06-15-16-44-30.192467,2814,True
2020-06-15-16-44-30.202889,2814,True
2020-06-15-16-44-30.214110,2814,True
2020-06-15-16-44-30.226480,2814,True
2020-06-15-16-44-30.238809,2814,True
2020-06-15-16-44-30.250621,2814,False
2020-06-15-16-44-30.261085,2814,False
2020-06-15-16-44-30.271629,2814,False
2020-06-15-16-44-30.283579,2814,False
2020-06-15-16-44-30.295088,2814,False
2020-06-15-16-44-30.306995,2814,False
2020-06-15-16-44-30.319075,2814,False
2020-06-15-16-44-30.331028,2880,False
2020-06-15-16-44-30.342342,2880,False
2020-06-15-16-44-30.354199,2880,False
2020-06-15-16-44-30.366363,2880,False
2020-06-15-16-44-30.378818,2880,False
2020-06-15-16-44-30.390844,2880,False
2020-06-15-16-44-30.402665,2880,False
2020-06-15-16-44-30.414182,2880,False
2020-06-15-16-44-30.425696,2880,False
2020-06-15-16-44-30.437173,2880,False
2020-06-15-16-44-30.449965,2880,False
2020-06-15-16-44-30.461916,2880,False
2020-06-15-16-44-30.474319,2880,False
2020-06-15-16-44-30.486519,2880,False
2020-06-15-16-44-30.498811,2880,False
2020-06-15-16-44-30.510735,2880,False
2020-06-15-16-44-30.521027,2880,False
2020-06-15-16-44-30.532265,2880,False
2020-06-15-16-44-30.544088,2880,False
2020-06-15-16-44-30.556424,2880,False
2020-06-15-16-44-30.568946,2735,False
2020-06-15-16-44-30.580959,2269,False
2020-06-15-16-44-30.592257,2269,False
2020-06-15-16-44-30.602557,2125,False
2020-06-15-16-44-30.615173,1309,False
2020-06-15-16-44-30.626499,1309,False
2020-06-15-16-44-30.636974,1309,False
2020-06-15-16-44-30.648900,936,False
2020-06-15-16-44-30.662008,946,False
2020-06-15-16-44-30.673322,946,False
2020-06-15-16-44-30.683711,946,False
2020-06-15-16-44-30.695790,946,False
2020-06-15-16-44-30.706552,953,False
2020-06-15-16-44-30.718879,953,False
2020-06-15-16-44-30.730235,953,False
2020-06-15-16-44-30.742241,953,False
2020-06-15-16-44-30.754075,953,False
2020-06-15-16-44-30.766462,839,False
2020-06-15-16-44-30.778883,845,False
2020-06-15-16-44-30.791148,858,False
2020-06-15-16-44-30.802531,784,False
2020-06-15-16-44-30.814050,665,False
2020-06-15-16-44-30.826471,665,False
2020-06-15-16-44-30.838840,685,False
2020-06-15-16-44-30.851311,685,False
2020-06-15-16-44-30.861995,685,False
2020-06-15-16-44-30.874264,413,False
2020-06-15-16-44-30.886591,413,False
2020-06-15-16-44-30.899237,427,False
2020-06-15-16-44-30.911280,281,False
2020-06-15-16-44-30.921419,281,False
2020-06-15-16-44-30.933924,281,False
2020-06-15-16-44-30.946591,238,False
2020-06-15-16-44-30.958801,238,False
2020-06-15-16-44-30.970650,238,False
2020-06-15-16-44-30.982493,238,False
2020-06-15-16-44-30.995027,156,False
2020-06-15-16-44-31.006525,156,False
2020-06-15-16-44-31.018923,156,False
2020-06-15-16-44-31.029936,84,False
2020-06-15-16-44-31.041316,84,False
2020-06-15-16-44-31.051416,84,False
2020-06-15-16-44-31.063027,76,False
2020-06-15-16-44-31.075277,76,False
2020-06-15-16-44-31.086580,76,False
2020-06-15-16-44-31.098867,76,False
2020-06-15-16-44-31.110976,67,False
2020-06-15-16-44-31.121327,67,False
2020-06-15-16-44-31.133584,67,False
2020-06-15-16-44-31.143825,67,False
2020-06-15-16-44-31.155126,67,False
2020-06-15-16-44-31.166797,67,False
2020-06-15-16-44-31.179111,61,False
2020-06-15-16-44-31.190474,58,False
2020-06-15-16-44-31.203161,58,False
2020-06-15-16-44-31.214739,58,False
2020-06-15-16-44-31.226600,76,False
2020-06-15-16-44-31.238941,76,False
2020-06-15-16-44-31.250530,76,False
2020-06-15-16-44-31.261824,76,False
2020-06-15-16-44-31.272906,76,False
2020-06-15-16-44-31.283988,76,False
2020-06-15-16-44-31.296540,76,False
2020-06-15-16-44-31.308896,76,False
2020-06-15-16-44-31.320318,76,False
2020-06-15-16-44-31.331826,91,False
2020-06-15-16-44-31.342749,91,False
2020-06-15-16-44-31.354293,91,False
2020-06-15-16-44-31.367808,91,False
2020-06-15-16-44-31.380219,91,False
2020-06-15-16-44-31.391639,91,False
2020-06-15-16-44-31.403696,91,False
2020-06-15-16-44-31.416051,91,False
2020-06-15-16-44-31.427969,91,False
2020-06-15-16-44-31.439322,91,False
2020-06-15-16-44-31.450525,91,False
2020-06-15-16-44-31.461574,91,False
2020-06-15-16-44-31.474099,91,False
2020-06-15-16-44-31.486619,91,False
2020-06-15-16-44-31.498914,91,False
2020-06-15-16-44-31.511273,91,False
2020-06-15-16-44-31.522048,91,False
2020-06-15-16-44-31.534695,91,False
2020-06-15-16-44-31.546627,102,False
2020-06-15-16-44-31.558870,102,False
2020-06-15-16-44-31.571354,102,False
2020-06-15-16-44-31.583687,102,False
2020-06-15-16-44-31.595796,102,False
2020-06-15-16-44-31.608247,102,False
2020-06-15-16-44-31.620069,102,False
2020-06-15-16-44-31.632315,102,False
2020-06-15-16-44-31.643872,102,False
2020-06-15-16-44-31.654953,102,False
2020-06-15-16-44-31.667463,102,False
2020-06-15-16-44-31.678996,102,False
2020-06-15-16-44-31.690680,102,False
2020-06-15-16-44-31.700804,102,False
2020-06-15-16-44-31.712091,102,False
2020-06-15-16-44-31.722753,102,False
2020-06-15-16-44-31.734939,102,False
2020-06-15-16-44-31.746652,102,False
2020-06-15-16-44-31.759140,102,False
2020-06-15-16-44-31.770781,102,False
2020-06-15-16-44-31.783438,102,False
2020-06-15-16-44-31.794588,75,False
2020-06-15-16-44-31.805370,75,False
2020-06-15-16-44-31.816551,75,False
2020-06-15-16-44-31.828904,75,False
2020-06-15-16-44-31.841338,75,False
2020-06-15-16-44-31.852754,75,False
2020-06-15-16-44-31.862970,82,False
2020-06-15-16-44-31.874015,82,False
2020-06-15-16-44-31.886842,82,False
2020-06-15-16-44-31.898979,82,False
2020-06-15-16-44-31.911394,82,False
2020-06-15-16-44-31.923166,82,False
2020-06-15-16-44-31.935772,82,False
2020-06-15-16-44-31.947379,82,False
2020-06-15-16-44-31.959043,82,False
2020-06-15-16-44-31.970440,82,False
2020-06-15-16-44-31.980889,82,False
2020-06-15-16-44-31.993019,82,False
2020-06-15-16-44-32.004927,82,False
2020-06-15-16-44-32.016973,82,False
2020-06-15-16-44-32.029053,82,False
2020-06-15-16-44-32.039398,82,False
2020-06-15-16-44-32.051255,82,False
2020-06-15-16-44-32.063703,82,False
2020-06-15-16-44-32.076364,81,False
2020-06-15-16-44-32.089052,81,False
2020-06-15-16-44-32.100855,81,False
2020-06-15-16-44-32.112495,72,False
2020-06-15-16-44-32.123480,72,False
2020-06-15-16-44-32.135782,72,False
2020-06-15-16-44-32.146605,72,False
2020-06-15-16-44-32.159025,72,False
2020-06-15-16-44-32.170745,72,False
2020-06-15-16-44-32.182893,72,False
2020-06-15-16-44-32.194744,72,False
2020-06-15-16-44-32.206706,72,False
2020-06-15-16-44-32.219076,72,False
2020-06-15-16-44-32.230329,72,False
2020-06-15-16-44-32.242451,72,False
2020-06-15-16-44-32.254011,72,False
2020-06-15-16-44-32.266586,72,False
2020-06-15-16-44-32.279070,86,False
2020-06-15-16-44-32.290743,86,False
2020-06-15-16-44-32.303472,86,False
2020-06-15-16-44-32.315341,86,False
2020-06-15-16-44-32.327406,86,False
2020-06-15-16-44-32.338977,86,False
2020-06-15-16-44-32.351402,86,False
2020-06-15-16-44-32.362605,86,False
2020-06-15-16-44-32.373707,86,False
2020-06-15-16-44-32.384512,86,False
2020-06-15-16-44-32.396634,86,False
2020-06-15-16-44-32.409059,86,False
2020-06-15-16-44-32.421188,86,False
2020-06-15-16-44-32.432019,86,False
2020-06-15-16-44-32.444699,86,False
2020-06-15-16-44-32.456686,86,False
2020-06-15-16-44-32.467207,86,False
2020-06-15-16-44-32.479174,86,False
2020-06-15-16-44-32.491064,86,False
2020-06-15-16-44-32.503393,86,False
2020-06-15-16-44-32.514805,84,False
2020-06-15-16-44-32.529669,84,False
2020-06-15-16-44-32.540781,84,False
2020-06-15-16-44-32.553903,84,False
2020-06-15-16-44-32.568546,84,False
2020-06-15-16-44-32.580359,84,False
2020-06-15-16-44-32.591186,79,False
2020-06-15-16-44-32.602372,79,False
2020-06-15-16-44-32.612614,79,False
2020-06-15-16-44-32.622926,79,False
2020-06-15-16-44-32.634719,79,False
2020-06-15-16-44-32.646706,79,False
2020-06-15-16-44-32.659023,79,False
2020-06-15-16-44-32.669921,79,False
2020-06-15-16-44-32.681413,79,False
2020-06-15-16-44-32.693706,79,False
2020-06-15-16-44-32.704751,79,False
2020-06-15-16-44-32.717386,67,False
2020-06-15-16-44-32.729870,98,False
2020-06-15-16-44-32.741195,98,False
2020-06-15-16-44-32.752527,98,False
2020-06-15-16-44-32.763977,98,False
2020-06-15-16-44-32.774134,98,False
2020-06-15-16-44-32.786738,98,False
2020-06-15-16-44-32.799014,98,False
2020-06-15-16-44-32.810365,98,False
2020-06-15-16-44-32.822804,98,False
2020-06-15-16-44-32.834595,98,False
2020-06-15-16-44-32.846875,98,False
2020-06-15-16-44-32.859071,98,False
2020-06-15-16-44-32.869690,118,False
2020-06-15-16-44-32.880888,118,False
2020-06-15-16-44-32.891293,118,False
2020-06-15-16-44-32.901443,118,False
2020-06-15-16-44-32.912891,118,False
2020-06-15-16-44-32.925162,118,False
2020-06-15-16-44-32.936754,118,False
2020-06-15-16-44-32.949163,118,False
2020-06-15-16-44-32.960277,118,False
2020-06-15-16-44-32.971327,118,False
2020-06-15-16-44-32.983915,118,False
2020-06-15-16-44-32.994560,118,False
2020-06-15-16-44-33.006790,118,False
2020-06-15-16-44-33.019160,118,False
2020-06-15-16-44-33.030700,118,False
2020-06-15-16-44-33.042601,118,False
2020-06-15-16-44-33.053591,118,False
2020-06-15-16-44-33.065184,118,False
2020-06-15-16-44-33.076810,118,False
2020-06-15-16-44-33.089051,118,False
2020-06-15-16-44-33.100851,118,False
2020-06-15-16-44-33.111032,118,False
2020-06-15-16-44-33.122722,118,False
2020-06-15-16-44-33.133319,118,False
2020-06-15-16-44-33.145085,118,False
2020-06-15-16-44-33.157180,86,False
2020-06-15-16-44-33.169153,86,False
2020-06-15-16-44-33.180478,86,False
2020-06-15-16-44-33.192496,86,False
2020-06-15-16-44-33.204159,86,False
2020-06-15-16-44-33.216781,86,False
2020-06-15-16-44-33.229072,86,False
2020-06-15-16-44-33.240373,86,False
2020-06-15-16-44-33.251533,86,False
2020-06-15-16-44-33.262465,86,False
2020-06-15-16-44-33.272801,85,False
2020-06-15-16-44-33.284336,85,False
2020-06-15-16-44-33.296779,85,False
2020-06-15-16-44-33.309071,72,False
2020-06-15-16-44-33.320363,72,False
2020-06-15-16-44-33.330865,72,False
2020-06-15-16-44-33.342134,72,False
2020-06-15-16-44-33.354149,72,False
2020-06-15-16-44-33.366754,72,False
2020-06-15-16-44-33.377375,72,False
2020-06-15-16-44-33.389213,72,False
2020-06-15-16-44-33.399919,72,False
2020-06-15-16-44-33.412002,94,False
2020-06-15-16-44-33.423740,94,False
2020-06-15-16-44-33.435929,94,False
2020-06-15-16-44-33.447250,94,False
2020-06-15-16-44-33.459421,94,False
2020-06-15-16-44-33.471317,94,False
2020-06-15-16-44-33.483543,94,False
2020-06-15-16-44-33.494965,94,False
2020-06-15-16-44-33.507386,94,False
2020-06-15-16-44-33.519207,94,False
2020-06-15-16-44-33.531945,94,False
2020-06-15-16-44-33.544387,94,False
2020-06-15-16-44-33.556857,94,False
2020-06-15-16-44-33.569134,94,False
2020-06-15-16-44-33.580775,94,False
2020-06-15-16-44-33.593475,94,False
2020-06-15-16-44-33.605979,94,False
2020-06-15-16-44-33.617190,94,False
2020-06-15-16-44-33.629178,94,False
2020-06-15-16-44-33.641594,94,False
2020-06-15-16-44-33.652480,94,False
2020-06-15-16-44-33.662813,94,False
2020-06-15-16-44-33.674515,94,False
2020-06-15-16-44-33.686895,93,False
2020-06-15-16-44-33.699218,93,False
2020-06-15-16-44-33.710625,84,False
2020-06-15-16-44-33.720692,84,False
2020-06-15-16-44-33.731460,84,False
2020-06-15-16-44-33.742917,64,False
2020-06-15-16-44-33.754929,64,False
2020-06-15-16-44-33.766835,72,False
2020-06-15-16-44-33.779399,72,False
2020-06-15-16-44-33.790610,72,False
2020-06-15-16-44-33.801646,72,False
2020-06-15-16-44-33.814206,72,False
2020-06-15-16-44-33.826897,56,False
2020-06-15-16-44-33.839109,56,False
2020-06-15-16-44-33.851066,56,False
2020-06-15-16-44-33.862076,56,False
2020-06-15-16-44-33.873814,56,False
2020-06-15-16-44-33.885826,72,False
2020-06-15-16-44-33.897679,72,False
2020-06-15-16-44-33.909245,64,False
2020-06-15-16-44-33.920758,64,False
2020-06-15-16-44-33.931548,64,False
2020-06-15-16-44-33.944204,64,False
2020-06-15-16-44-33.955627,64,True
2020-06-15-16-44-33.966822,64,True
2020-06-15-16-44-33.979170,64,True
2020-06-15-16-44-33.991074,64,True
2020-06-15-16-44-34.002338,64,True
2020-06-15-16-44-34.013835,64,True
2020-06-15-16-44-34.025567,64,True
2020-06-15-16-44-34.036949,64,True
2020-06-15-16-44-34.049187,64,True
2020-06-15-16-44-34.060975,64,True
2020-06-15-16-44-34.073314,64,True
2020-06-15-16-44-34.085388,64,True
2020-06-15-16-44-34.097682,64,True
2020-06-15-16-44-34.109205,64,True
2020-06-15-16-44-34.120485,83,True
2020-06-15-16-44-34.132837,83,True
2020-06-15-16-44-34.143900,83,True
2020-06-15-16-44-34.155927,83,True
2020-06-15-16-44-34.166185,83,True
2020-06-15-16-44-34.178552,83,True
2020-06-15-16-44-34.190052,83,True
2020-06-15-16-44-34.201913,83,True
2020-06-15-16-44-34.213470,83,True
2020-06-15-16-44-34.225307,83,True
2020-06-15-16-44-34.236870,83,True
2020-06-15-16-44-34.249304,83,True
2020-06-15-16-44-34.261865,83,True
2020-06-15-16-44-34.274327,83,True
2020-06-15-16-44-34.286962,83,True
2020-06-15-16-44-34.299178,83,True
2020-06-15-16-44-34.311692,83,True
2020-06-15-16-44-34.324383,76,True
2020-06-15-16-44-34.336949,76,True
2020-06-15-16-44-34.349262,76,True
2020-06-15-16-44-34.360026,76,True
2020-06-15-16-44-34.371165,76,True
2020-06-15-16-44-34.382176,76,True
2020-06-15-16-44-34.393821,81,True
2020-06-15-16-44-34.405038,81,True
2020-06-15-16-44-34.417012,81,True
2020-06-15-16-44-34.429290,81,True
2020-06-15-16-44-34.439981,81,True
2020-06-15-16-44-34.451719,81,True
2020-06-15-16-44-34.462483,81,True
2020-06-15-16-44-34.474481,81,True
2020-06-15-16-44-34.486983,81,True
2020-06-15-16-44-34.499295,81,True
2020-06-15-16-44-34.511108,81,True
2020-06-15-16-44-34.523012,81,True
2020-06-15-16-44-34.534694,81,True
2020-06-15-16-44-34.547481,332,True
2020-06-15-16-44-34.559547,615,True
2020-06-15-16-44-34.571396,615,True
2020-06-15-16-44-34.582033,615,True
2020-06-15-16-44-34.593622,767,True
2020-06-15-16-44-34.605451,767,True
2020-06-15-16-44-34.616947,767,True
2020-06-15-16-44-34.629270,1159,True
2020-06-15-16-44-34.640655,1159,True
2020-06-15-16-44-34.651466,1159,True
2020-06-15-16-44-34.663464,1159,True
2020-06-15-16-44-34.676006,2369,True
2020-06-15-16-44-34.687067,2369,True
2020-06-15-16-44-34.699252,2369,True
2020-06-15-16-44-34.711043,2756,True
2020-06-15-16-44-34.721355,2756,True
2020-06-15-16-44-34.733540,2756,True
2020-06-15-16-44-34.744946,2756,True
2020-06-15-16-44-34.756900,2756,True
2020-06-15-16-44-34.769378,2756,True
2020-06-15-16-44-34.780608,2756,False
2020-06-15-16-44-34.792655,2756,False
2020-06-15-16-44-34.803925,2756,False
2020-06-15-16-44-34.814545,2756,False
2020-06-15-16-44-34.837696,2756,False
2020-06-15-16-44-34.858526,2848,False
2020-06-15-16-44-34.872417,2848,False
2020-06-15-16-44-34.883679,3009,False
2020-06-15-16-44-34.894994,3009,False
2020-06-15-16-44-34.907039,3009,False
2020-06-15-16-44-34.919693,3009,False
2020-06-15-16-44-34.931048,3009,False
2020-06-15-16-44-34.942838,3009,False
2020-06-15-16-44-34.954592,3009,False
2020-06-15-16-44-34.967141,3009,False
2020-06-15-16-44-34.979786,3009,False
2020-06-15-16-44-34.991687,3009,False
2020-06-15-16-44-35.002913,3009,False
2020-06-15-16-44-35.014827,3009,False
2020-06-15-16-44-35.026623,3009,False
2020-06-15-16-44-35.039198,3009,False
2020-06-15-16-44-35.050630,3009,False
2020-06-15-16-44-35.062522,3009,False
2020-06-15-16-44-35.074401,3009,False
2020-06-15-16-44-35.086914,3009,False
2020-06-15-16-44-35.099326,3009,False
2020-06-15-16-44-35.111683,3009,False
2020-06-15-16-44-35.122861,3009,False
2020-06-15-16-44-35.134514,3009,False
2020-06-15-16-44-35.146953,3009,False
2020-06-15-16-44-35.159375,3009,False
2020-06-15-16-44-35.171428,2399,False
2020-06-15-16-44-35.184049,2399,False
2020-06-15-16-44-35.195244,2399,False
2020-06-15-16-44-35.207787,1557,False
2020-06-15-16-44-35.219404,1557,False
2020-06-15-16-44-35.231720,1557,False
2020-06-15-16-44-35.244534,952,False
2020-06-15-16-44-35.257027,952,False
2020-06-15-16-44-35.269406,959,False
2020-06-15-16-44-35.281791,987,False
2020-06-15-16-44-35.293912,987,False
2020-06-15-16-44-35.305497,987,False
2020-06-15-16-44-35.317121,989,False
2020-06-15-16-44-35.329428,935,False
2020-06-15-16-44-35.340485,879,False
2020-06-15-16-44-35.353064,879,False
2020-06-15-16-44-35.364943,879,False
2020-06-15-16-44-35.377043,794,False
2020-06-15-16-44-35.389348,677,False
2020-06-15-16-44-35.401873,721,False
2020-06-15-16-44-35.413340,649,False
2020-06-15-16-44-35.425535,540,False
2020-06-15-16-44-35.436945,540,False
2020-06-15-16-44-35.449340,475,False
2020-06-15-16-44-35.460930,385,False
2020-06-15-16-44-35.472675,385,False
2020-06-15-16-44-35.484008,283,False
2020-06-15-16-44-35.496745,243,False
2020-06-15-16-44-35.509419,243,False
2020-06-15-16-44-35.521206,243,False
2020-06-15-16-44-35.533764,205,False
2020-06-15-16-44-35.546676,205,False
2020-06-15-16-44-35.558812,205,False
2020-06-15-16-44-35.569326,125,False
2020-06-15-16-44-35.580875,125,False
2020-06-15-16-44-35.592603,125,False
2020-06-15-16-44-35.603434,123,False
2020-06-15-16-44-35.614337,123,False
2020-06-15-16-44-35.624912,123,False
2020-06-15-16-44-35.637016,123,False
2020-06-15-16-44-35.649446,123,False
2020-06-15-16-44-35.660925,123,False
2020-06-15-16-44-35.673597,117,False
2020-06-15-16-44-35.685773,117,False
2020-06-15-16-44-35.696974,117,False
2020-06-15-16-44-35.709447,117,False
2020-06-15-16-44-35.720284,92,False
2020-06-15-16-44-35.731057,92,False
2020-06-15-16-44-35.742352,92,False
2020-06-15-16-44-35.752899,92,False
2020-06-15-16-44-35.764129,92,False
2020-06-15-16-44-35.775539,92,False
2020-06-15-16-44-35.787014,92,False
2020-06-15-16-44-35.799782,92,False
2020-06-15-16-44-35.811989,92,False
2020-06-15-16-44-35.824062,92,False
2020-06-15-16-44-35.835176,92,False
2020-06-15-16-44-35.846999,92,False
2020-06-15-16-44-35.859469,92,False
2020-06-15-16-44-35.872014,92,False
2020-06-15-16-44-35.883217,92,False
2020-06-15-16-44-35.894676,92,False
2020-06-15-16-44-35.907090,72,False
2020-06-15-16-44-35.919468,72,False
2020-06-15-16-44-35.931501,72,False
2020-06-15-16-44-35.942793,72,False
2020-06-15-16-44-35.955265,72,False
2020-06-15-16-44-35.966799,52,False
2020-06-15-16-44-35.979543,60,False
2020-06-15-16-44-35.991304,88,False
2020-06-15-16-44-36.003482,88,False
2020-06-15-16-44-36.016045,88,False
2020-06-15-16-44-36.027138,88,False
2020-06-15-16-44-36.039366,88,False
2020-06-15-16-44-36.051379,88,False
2020-06-15-16-44-36.062064,88,False
2020-06-15-16-44-36.074140,88,False
2020-06-15-16-44-36.085261,88,False
2020-06-15-16-44-36.097008,88,False
2020-06-15-16-44-36.109375,88,False
2020-06-15-16-44-36.120760,88,False
2020-06-15-16-44-36.131875,88,False
2020-06-15-16-44-36.142966,88,False
2020-06-15-16-44-36.153427,88,False
2020-06-15-16-44-36.164394,88,False
2020-06-15-16-44-36.176572,88,False
2020-06-15-16-44-36.188508,88,False
2020-06-15-16-44-36.200343,88,False
2020-06-15-16-44-36.212683,88,False
2020-06-15-16-44-36.225281,88,False
2020-06-15-16-44-36.237049,88,False
2020-06-15-16-44-36.249471,88,False
2020-06-15-16-44-36.261253,88,False
2020-06-15-16-44-36.272356,88,False
2020-06-15-16-44-36.283118,88,False
2020-06-15-16-44-36.294607,88,False
2020-06-15-16-44-36.307140,88,False
2020-06-15-16-44-36.319511,88,False
2020-06-15-16-44-36.331538,88,False
2020-06-15-16-44-36.342806,88,False
2020-06-15-16-44-36.353848,88,False
2020-06-15-16-44-36.364541,88,False
2020-06-15-16-44-36.377104,88,False
2020-06-15-16-44-36.387458,81,False
2020-06-15-16-44-36.399428,81,False
2020-06-15-16-44-36.411221,81,False
2020-06-15-16-44-36.423941,78,False
2020-06-15-16-44-36.435233,78,False
2020-06-15-16-44-36.447042,78,False
2020-06-15-16-44-36.459401,72,False
2020-06-15-16-44-36.472592,77,False
2020-06-15-16-44-36.483619,77,False
2020-06-15-16-44-36.495147,77,False
2020-06-15-16-44-36.507247,77,False
2020-06-15-16-44-36.519438,77,False
2020-06-15-16-44-36.531274,77,False
2020-06-15-16-44-36.543521,77,False
2020-06-15-16-44-36.555546,77,False
2020-06-15-16-44-36.568086,64,False
2020-06-15-16-44-36.579762,66,False
2020-06-15-16-44-36.591124,66,False
2020-06-15-16-44-36.603474,66,False
2020-06-15-16-44-36.614051,66,False
2020-06-15-16-44-36.625281,66,False
2020-06-15-16-44-36.637106,66,False
2020-06-15-16-44-36.649515,69,False
2020-06-15-16-44-36.659713,69,False
2020-06-15-16-44-36.671359,69,False
2020-06-15-16-44-36.682558,69,False
2020-06-15-16-44-36.693056,69,False
2020-06-15-16-44-36.704685,69,False
2020-06-15-16-44-36.717135,69,False
2020-06-15-16-44-36.729457,69,False
2020-06-15-16-44-36.739661,69,False
2020-06-15-16-44-36.749827,69,False
2020-06-15-16-44-36.761747,69,False
2020-06-15-16-44-36.773121,69,False
2020-06-15-16-44-36.785342,69,False
2020-06-15-16-44-36.797129,69,False
2020-06-15-16-44-36.809501,87,False
2020-06-15-16-44-36.821029,87,False
2020-06-15-16-44-36.832734,87,False
2020-06-15-16-44-36.844411,87,False
2020-06-15-16-44-36.855430,87,False
2020-06-15-16-44-36.867153,87,False
2020-06-15-16-44-36.879439,87,False
2020-06-15-16-44-36.889718,87,False
2020-06-15-16-44-36.899928,87,False
2020-06-15-16-44-36.912251,87,False
2020-06-15-16-44-36.923962,87,False
2020-06-15-16-44-36.935492,87,False
2020-06-15-16-44-36.946688,87,False
2020-06-15-16-44-36.958010,87,False
2020-06-15-16-44-36.969458,87,False
2020-06-15-16-44-36.981365,87,False
2020-06-15-16-44-36.993167,87,False
2020-06-15-16-44-37.005744,95,False
2020-06-15-16-44-37.017241,95,False
2020-06-15-16-44-37.029618,95,False
2020-06-15-16-44-37.040679,95,False
2020-06-15-16-44-37.051901,95,False
2020-06-15-16-44-37.062515,95,False
2020-06-15-16-44-37.074318,95,False
2020-06-15-16-44-37.085317,95,False
2020-06-15-16-44-37.097241,95,False
2020-06-15-16-44-37.109789,95,False
2020-06-15-16-44-37.122146,95,False
2020-06-15-16-44-37.133922,95,False
2020-06-15-16-44-37.145249,95,False
2020-06-15-16-44-37.157578,95,False
2020-06-15-16-44-37.169614,95,False
2020-06-15-16-44-37.182322,95,False
2020-06-15-16-44-37.194083,95,False
2020-06-15-16-44-37.205571,95,False
2020-06-15-16-44-37.217136,95,False
2020-06-15-16-44-37.229522,103,False
2020-06-15-16-44-37.241105,103,False
2020-06-15-16-44-37.253080,103,False
2020-06-15-16-44-37.264166,103,False
2020-06-15-16-44-37.274978,103,False
2020-06-15-16-44-37.287206,103,False
2020-06-15-16-44-37.299466,103,False
2020-06-15-16-44-37.311173,103,False
2020-06-15-16-44-37.321640,103,False
2020-06-15-16-44-37.331748,103,False
2020-06-15-16-44-37.342383,103,False
2020-06-15-16-44-37.354519,103,False
2020-06-15-16-44-37.366049,103,False
2020-06-15-16-44-37.377402,103,False
2020-06-15-16-44-37.389794,103,False
2020-06-15-16-44-37.401461,103,False
2020-06-15-16-44-37.413832,103,False
2020-06-15-16-44-37.424304,103,False
2020-06-15-16-44-37.435930,103,False
2020-06-15-16-44-37.448273,103,False
2020-06-15-16-44-37.459683,85,False
2020-06-15-16-44-37.470386,85,False
2020-06-15-16-44-37.482908,85,False
2020-06-15-16-44-37.495048,85,False
2020-06-15-16-44-37.507234,85,False
2020-06-15-16-44-37.519597,85,False
2020-06-15-16-44-37.531484,85,False
2020-06-15-16-44-37.543296,85,False
2020-06-15-16-44-37.555651,85,False
2020-06-15-16-44-37.567248,85,False
2020-06-15-16-44-37.579672,85,False
2020-06-15-16-44-37.591931,85,False
2020-06-15-16-44-37.603172,85,False
2020-06-15-16-44-37.614866,85,False
2020-06-15-16-44-37.627214,85,False
2020-06-15-16-44-37.637705,85,False
2020-06-15-16-44-37.649579,85,False
2020-06-15-16-44-37.660235,83,False
2020-06-15-16-44-37.672075,94,False
2020-06-15-16-44-37.684440,94,False
2020-06-15-16-44-37.696058,94,False
2020-06-15-16-44-37.707920,94,False
2020-06-15-16-44-37.719751,94,False
2020-06-15-16-44-37.731479,94,False
2020-06-15-16-44-37.744170,94,False
2020-06-15-16-44-37.755305,94,False
2020-06-15-16-44-37.767911,94,False
2020-06-15-16-44-37.779699,94,False
2020-06-15-16-44-37.790955,94,False
2020-06-15-16-44-37.803233,94,False
2020-06-15-16-44-37.814621,94,False
2020-06-15-16-44-37.827250,94,False
2020-06-15-16-44-37.837872,94,False
2020-06-15-16-44-37.849647,94,False
2020-06-15-16-44-37.861537,94,False
2020-06-15-16-44-37.873433,94,False
2020-06-15-16-44-37.884913,94,False
2020-06-15-16-44-37.897165,94,False
2020-06-15-16-44-37.909525,94,False
2020-06-15-16-44-37.921714,94,False
2020-06-15-16-44-37.933274,94,False
2020-06-15-16-44-37.944719,94,False
2020-06-15-16-44-37.957281,94,False
2020-06-15-16-44-37.969548,94,False
2020-06-15-16-44-37.981544,94,False
2020-06-15-16-44-37.993529,94,False
2020-06-15-16-44-38.005726,79,False
2020-06-15-16-44-38.017348,79,False
2020-06-15-16-44-38.029657,79,False
2020-06-15-16-44-38.042128,79,False
2020-06-15-16-44-38.054448,79,True
2020-06-15-16-44-38.064795,79,True
2020-06-15-16-44-38.077758,79,True
2020-06-15-16-44-38.089667,79,True
2020-06-15-16-44-38.102213,79,True
2020-06-15-16-44-38.114408,71,True
2020-06-15-16-44-38.126147,71,True
2020-06-15-16-44-38.138124,71,True
2020-06-15-16-44-38.149718,71,True
2020-06-15-16-44-38.161540,73,True
2020-06-15-16-44-38.173108,73,True
2020-06-15-16-44-38.184777,73,True
2020-06-15-16-44-38.197252,73,True
2020-06-15-16-44-38.209598,73,True
2020-06-15-16-44-38.220241,73,True
2020-06-15-16-44-38.231114,73,True
2020-06-15-16-44-38.243013,73,True
2020-06-15-16-44-38.254908,73,True
2020-06-15-16-44-38.267306,73,True
2020-06-15-16-44-38.279596,73,True
2020-06-15-16-44-38.291449,73,True
2020-06-15-16-44-38.303500,73,True
2020-06-15-16-44-38.315005,73,True
2020-06-15-16-44-38.327336,73,True
2020-06-15-16-44-38.339648,73,True
2020-06-15-16-44-38.352218,82,True
2020-06-15-16-44-38.364172,82,True
2020-06-15-16-44-38.376786,82,True
2020-06-15-16-44-38.387933,82,True
2020-06-15-16-44-38.400493,82,True
2020-06-15-16-44-38.411101,82,True
2020-06-15-16-44-38.422473,82,True
2020-06-15-16-44-38.434012,82,True
2020-06-15-16-44-38.446365,82,True
2020-06-15-16-44-38.457836,82,True
2020-06-15-16-44-38.469585,82,True
2020-06-15-16-44-38.481115,82,True
2020-06-15-16-44-38.492918,82,True
2020-06-15-16-44-38.504629,82,True
2020-06-15-16-44-38.516080,82,True
2020-06-15-16-44-38.527363,82,True
2020-06-15-16-44-38.539686,83,True
2020-06-15-16-44-38.551567,83,True
2020-06-15-16-44-38.562984,83,True
2020-06-15-16-44-38.574212,83,True
2020-06-15-16-44-38.585596,83,True
2020-06-15-16-44-38.597351,83,True
2020-06-15-16-44-38.609694,642,True
2020-06-15-16-44-38.621279,642,True
2020-06-15-16-44-38.632314,642,True
2020-06-15-16-44-38.644631,730,True
2020-06-15-16-44-38.656613,730,True
2020-06-15-16-44-38.667356,730,True
2020-06-15-16-44-38.679970,730,True
2020-06-15-16-44-38.691582,730,True
2020-06-15-16-44-38.702138,730,True
2020-06-15-16-44-38.714498,731,True
2020-06-15-16-44-38.724796,1174,True
2020-06-15-16-44-38.737776,1174,True
2020-06-15-16-44-38.749669,1174,True
2020-06-15-16-44-38.760527,1742,True
2020-06-15-16-44-38.770877,1742,True
2020-06-15-16-44-38.783065,1742,True
2020-06-15-16-44-38.794463,1742,True
2020-06-15-16-44-38.805627,1742,True
2020-06-15-16-44-38.817342,1742,True
2020-06-15-16-44-38.830653,1742,True
2020-06-15-16-44-38.841744,1742,True
2020-06-15-16-44-38.853315,1742,True
2020-06-15-16-44-38.863808,1742,True
2020-06-15-16-44-38.875751,1742,False
2020-06-15-16-44-38.887307,1742,False
2020-06-15-16-44-38.900397,1742,False
2020-06-15-16-44-38.912955,1742,False
2020-06-15-16-44-38.923702,1742,False
2020-06-15-16-44-38.935409,1742,False
2020-06-15-16-44-38.947435,1742,False
2020-06-15-16-44-38.957591,1742,False
2020-06-15-16-44-38.969698,1742,False
2020-06-15-16-44-38.981943,1742,False
2020-06-15-16-44-38.994100,1742,False
2020-06-15-16-44-39.005568,1742,False
2020-06-15-16-44-39.017271,1742,False
2020-06-15-16-44-39.027853,1742,False
2020-06-15-16-44-39.039713,1742,False
2020-06-15-16-44-39.051569,1742,False
2020-06-15-16-44-39.063878,1742,False
2020-06-15-16-44-39.074234,1409,False
2020-06-15-16-44-39.085550,1409,False
2020-06-15-16-44-39.097893,1409,False
2020-06-15-16-44-39.109677,1340,False
2020-06-15-16-44-39.120034,1340,False
2020-06-15-16-44-39.131871,1340,False
2020-06-15-16-44-39.144086,1340,False
2020-06-15-16-44-39.156318,1340,False
2020-06-15-16-44-39.167295,1340,False
2020-06-15-16-44-39.179827,1340,False
2020-06-15-16-44-39.192106,1189,False
2020-06-15-16-44-39.204045,1189,False
2020-06-15-16-44-39.216483,1189,False
2020-06-15-16-44-39.229116,1189,False
2020-06-15-16-44-39.240770,1189,False
2020-06-15-16-44-39.252140,1189,False
2020-06-15-16-44-39.263105,547,False
2020-06-15-16-44-39.275432,506,False
2020-06-15-16-44-39.287941,506,False
2020-06-15-16-44-39.299675,318,False
2020-06-15-16-44-39.310581,303,False
2020-06-15-16-44-39.322234,303,False
2020-06-15-16-44-39.334696,303,False
2020-06-15-16-44-39.346596,303,False
2020-06-15-16-44-39.357489,303,False
2020-06-15-16-44-39.369885,303,False
2020-06-15-16-44-39.382556,303,False
2020-06-15-16-44-39.394557,304,False
2020-06-15-16-44-39.405906,304,False
2020-06-15-16-44-39.417983,248,False
2020-06-15-16-44-39.429776,248,False
2020-06-15-16-44-39.442071,248,False
2020-06-15-16-44-39.453171,248,False
2020-06-15-16-44-39.465111,246,False
2020-06-15-16-44-39.477408,183,False
2020-06-15-16-44-39.489797,183,False
2020-06-15-16-44-39.500152,183,False
2020-06-15-16-44-39.511559,147,False
2020-06-15-16-44-39.522610,147,False
2020-06-15-16-44-39.535154,155,False
2020-06-15-16-44-39.547419,155,False
2020-06-15-16-44-39.559791,155,False
2020-06-15-16-44-39.571568,90,False
2020-06-15-16-44-39.583099,90,False
2020-06-15-16-44-39.595706,90,False
2020-06-15-16-44-39.607427,85,False
2020-06-15-16-44-39.619884,85,False
2020-06-15-16-44-39.631617,85,False
2020-06-15-16-44-39.642175,85,False
2020-06-15-16-44-39.653222,85,False
2020-06-15-16-44-39.665592,85,False
2020-06-15-16-44-39.677373,85,False
2020-06-15-16-44-39.689803,85,False
2020-06-15-16-44-39.701563,85,False
2020-06-15-16-44-39.713002,85,False
2020-06-15-16-44-39.725476,85,False
2020-06-15-16-44-39.737412,85,False
2020-06-15-16-44-39.750660,85,False
2020-06-15-16-44-39.763325,85,False
2020-06-15-16-44-39.775233,85,False
2020-06-15-16-44-39.787378,85,False
2020-06-15-16-44-39.800320,90,False
2020-06-15-16-44-39.812257,90,False
2020-06-15-16-44-39.823059,90,False
2020-06-15-16-44-39.834027,90,False
2020-06-15-16-44-39.845401,90,False
2020-06-15-16-44-39.857985,90,False
2020-06-15-16-44-39.869750,90,False
2020-06-15-16-44-39.881563,90,False
2020-06-15-16-44-39.892486,90,False
2020-06-15-16-44-39.904101,90,False
2020-06-15-16-44-39.914908,90,False
2020-06-15-16-44-39.927462,90,False
2020-06-15-16-44-39.939778,90,False
2020-06-15-16-44-39.951908,90,False
2020-06-15-16-44-39.963044,90,False
2020-06-15-16-44-39.974843,90,False
2020-06-15-16-44-39.987468,90,False
2020-06-15-16-44-40.000121,90,False
2020-06-15-16-44-40.011389,100,False
2020-06-15-16-44-40.023661,100,False
2020-06-15-16-44-40.035641,100,False
2020-06-15-16-44-40.047734,100,False
2020-06-15-16-44-40.059854,100,False
2020-06-15-16-44-40.072005,100,False
2020-06-15-16-44-40.083208,100,False
2020-06-15-16-44-40.094297,100,False
2020-06-15-16-44-40.105524,100,False
2020-06-15-16-44-40.117482,100,False
2020-06-15-16-44-40.129847,100,False
2020-06-15-16-44-40.142354,100,False
2020-06-15-16-44-40.154107,100,False
2020-06-15-16-44-40.164833,100,False
2020-06-15-16-44-40.177470,100,False
2020-06-15-16-44-40.189817,100,False
2020-06-15-16-44-40.201471,100,False
2020-06-15-16-44-40.212797,100,False
2020-06-15-16-44-40.223804,100,False
2020-06-15-16-44-40.234318,92,False
2020-06-15-16-44-40.245456,92,False
2020-06-15-16-44-40.257467,92,False
2020-06-15-16-44-40.269863,92,False
2020-06-15-16-44-40.280845,92,False
2020-06-15-16-44-40.292259,92,False
2020-06-15-16-44-40.303846,92,False
2020-06-15-16-44-40.316039,92,False
2020-06-15-16-44-40.327464,92,False
2020-06-15-16-44-40.339855,92,False
2020-06-15-16-44-40.351772,92,False
2020-06-15-16-44-40.363365,92,False
2020-06-15-16-44-40.373693,92,False
2020-06-15-16-44-40.385861,92,False
2020-06-15-16-44-40.398048,92,False
2020-06-15-16-44-40.410444,92,False
2020-06-15-16-44-40.422001,67,False
2020-06-15-16-44-40.434188,67,False
2020-06-15-16-44-40.446687,67,False
2020-06-15-16-44-40.457841,64,False
2020-06-15-16-44-40.469813,64,False
2020-06-15-16-44-40.481834,64,False
2020-06-15-16-44-40.492751,64,False
2020-06-15-16-44-40.503380,61,False
2020-06-15-16-44-40.515521,61,False
2020-06-15-16-44-40.527674,61,False
2020-06-15-16-44-40.539882,61,False
2020-06-15-16-44-40.552134,62,False
2020-06-15-16-44-40.563362,62,False
2020-06-15-16-44-40.574947,62,False
2020-06-15-16-44-40.587502,62,False
2020-06-15-16-44-40.600198,62,False
2020-06-15-16-44-40.611725,62,False
2020-06-15-16-44-40.622518,70,False
2020-06-15-16-44-40.634522,70,False
2020-06-15-16-44-40.644815,70,False
2020-06-15-16-44-40.657924,70,False
2020-06-15-16-44-40.670227,70,False
2020-06-15-16-44-40.681595,70,False
2020-06-15-16-44-40.694220,70,False
2020-06-15-16-44-40.705878,70,False
2020-06-15-16-44-40.717416,70,False
2020-06-15-16-44-40.729811,70,False
2020-06-15-16-44-40.740629,70,False
2020-06-15-16-44-40.751442,70,False
2020-06-15-16-44-40.762537,70,False
2020-06-15-16-44-40.773198,70,False
2020-06-15-16-44-40.785347,75,False
2020-06-15-16-44-40.796964,75,False
2020-06-15-16-44-40.809151,75,False
2020-06-15-16-44-40.821633,75,False
2020-06-15-16-44-40.833511,75,False
2020-06-15-16-44-40.844363,87,False
2020-06-15-16-44-40.855721,87,False
2020-06-15-16-44-40.867554,87,False
2020-06-15-16-44-40.880129,92,False
2020-06-15-16-44-40.890848,92,False
2020-06-15-16-44-40.901896,92,False
2020-06-15-16-44-40.913194,92,False
2020-06-15-16-44-40.925778,92,False
2020-06-15-16-44-40.937822,92,False
2020-06-15-16-44-40.950129,92,False
2020-06-15-16-44-40.961692,92,False
2020-06-15-16-44-40.973133,92,False
2020-06-15-16-44-40.985637,92,False
2020-06-15-16-44-40.997653,92,False
2020-06-15-16-44-41.009792,92,False
2020-06-15-16-44-41.020159,92,False
2020-06-15-16-44-41.032221,92,False
2020-06-15-16-44-41.042972,92,False
2020-06-15-16-44-41.053440,67,False
2020-06-15-16-44-41.065060,67,False
2020-06-15-16-44-41.077587,67,False
2020-06-15-16-44-41.089833,67,False
2020-06-15-16-44-41.101494,67,False
2020-06-15-16-44-41.112642,67,False
2020-06-15-16-44-41.124147,67,False
2020-06-15-16-44-41.134513,67,False
2020-06-15-16-44-41.145813,62,False
2020-06-15-16-44-41.157791,62,False
2020-06-15-16-44-41.170117,62,False
2020-06-15-16-44-41.181933,62,False
2020-06-15-16-44-41.192962,62,False
2020-06-15-16-44-41.204243,62,False
2020-06-15-16-44-41.215400,62,False
2020-06-15-16-44-41.227570,62,False
2020-06-15-16-44-41.239935,62,False
2020-06-15-16-44-41.250949,62,False
2020-06-15-16-44-41.262376,62,False
2020-06-15-16-44-41.273274,62,False
2020-06-15-16-44-41.284780,56,False
2020-06-15-16-44-41.297086,56,False
2020-06-15-16-44-41.308492,63,False
2020-06-15-16-44-41.319997,63,False
2020-06-15-16-44-41.331477,63,False
2020-06-15-16-44-41.343396,65,False
2020-06-15-16-44-41.354363,65,False
2020-06-15-16-44-41.365110,65,False
2020-06-15-16-44-41.377501,65,False
2020-06-15-16-44-41.390171,65,False
2020-06-15-16-44-41.401265,65,False
2020-06-15-16-44-41.413948,65,False
2020-06-15-16-44-41.425503,65,False
2020-06-15-16-44-41.437579,65,False
2020-06-15-16-44-41.450174,65,False
2020-06-15-16-44-41.461721,67,False
2020-06-15-16-44-41.472029,67,False
2020-06-15-16-44-41.483159,67,False
2020-06-15-16-44-41.494504,67,False
2020-06-15-16-44-41.505467,67,False
2020-06-15-16-44-41.517572,67,False
2020-06-15-16-44-41.529956,67,False
2020-06-15-16-44-41.540379,67,False
2020-06-15-16-44-41.551860,67,False
2020-06-15-16-44-41.563374,67,False
2020-06-15-16-44-41.575126,67,False
2020-06-15-16-44-41.587643,67,False
2020-06-15-16-44-41.600711,67,False
2020-06-15-16-44-41.613593,67,False
2020-06-15-16-44-41.624043,75,False
2020-06-15-16-44-41.634915,75,False
2020-06-15-16-44-41.645722,75,False
2020-06-15-16-44-41.657887,75,False
2020-06-15-16-44-41.670304,75,False
2020-06-15-16-44-41.681543,75,False
2020-06-15-16-44-41.692224,75,False
2020-06-15-16-44-41.702453,75,False
2020-06-15-16-44-41.714277,75,False
2020-06-15-16-44-41.725782,75,False
2020-06-15-16-44-41.737597,75,False
2020-06-15-16-44-41.749891,75,False
2020-06-15-16-44-41.762209,75,False
2020-06-15-16-44-41.773905,75,False
2020-06-15-16-44-41.786060,75,False
2020-06-15-16-44-41.797556,75,False
2020-06-15-16-44-41.809856,75,False
2020-06-15-16-44-41.820007,75,False
2020-06-15-16-44-41.831513,75,False
2020-06-15-16-44-41.843195,75,False
2020-06-15-16-44-41.853392,75,False
2020-06-15-16-44-41.865126,75,False
2020-06-15-16-44-41.877512,75,False
2020-06-15-16-44-41.889886,67,False
2020-06-15-16-44-41.902287,67,False
2020-06-15-16-44-41.913216,67,False
2020-06-15-16-44-41.924491,67,False
2020-06-15-16-44-41.935370,67,False
2020-06-15-16-44-41.947608,67,False
2020-06-15-16-44-41.959905,67,False
2020-06-15-16-44-41.971592,67,False
2020-06-15-16-44-41.983077,67,False
2020-06-15-16-44-41.995761,67,False
2020-06-15-16-44-42.007896,67,False
2020-06-15-16-44-42.019895,67,False
2020-06-15-16-44-42.032099,67,False
2020-06-15-16-44-42.043508,67,False
2020-06-15-16-44-42.054782,56,False
2020-06-15-16-44-42.066590,56,False
2020-06-15-16-44-42.077645,56,False
2020-06-15-16-44-42.089963,56,False
2020-06-15-16-44-42.100278,56,False
2020-06-15-16-44-42.110404,56,False
2020-06-15-16-44-42.121671,56,False
2020-06-15-16-44-42.132769,55,False
2020-06-15-16-44-42.143866,55,False
2020-06-15-16-44-42.155430,55,False
2020-06-15-16-44-42.167527,55,False
2020-06-15-16-44-42.180218,55,False
2020-06-15-16-44-42.192321,55,False
2020-06-15-16-44-42.202572,55,False
2020-06-15-16-44-42.213324,55,False
2020-06-15-16-44-42.224932,55,False
2020-06-15-16-44-42.237541,55,False
2020-06-15-16-44-42.250046,55,False
2020-06-15-16-44-42.260462,67,False
2020-06-15-16-44-42.271553,67,False
2020-06-15-16-44-42.283285,67,False
2020-06-15-16-44-42.295343,67,False
2020-06-15-16-44-42.307684,79,False
2020-06-15-16-44-42.319932,79,False
2020-06-15-16-44-42.331149,79,False
2020-06-15-16-44-42.343562,79,False
2020-06-15-16-44-42.355415,79,False
2020-06-15-16-44-42.368181,79,False
2020-06-15-16-44-42.380007,79,False
2020-06-15-16-44-42.392024,79,False
2020-06-15-16-44-42.404035,79,False
2020-06-15-16-44-42.416345,79,False
2020-06-15-16-44-42.428191,79,False
2020-06-15-16-44-42.440196,79,False
2020-06-15-16-44-42.451873,79,False
2020-06-15-16-44-42.464284,103,False
2020-06-15-16-44-42.475245,103,False
2020-06-15-16-44-42.487660,103,False
2020-06-15-16-44-42.499966,103,False
2020-06-15-16-44-42.512283,103,False
2020-06-15-16-44-42.523439,103,False
2020-06-15-16-44-42.534784,103,False
2020-06-15-16-44-42.544886,103,False
2020-06-15-16-44-42.555758,103,False
2020-06-15-16-44-42.567593,103,False
2020-06-15-16-44-42.580025,103,False
2020-06-15-16-44-42.592327,103,False
2020-06-15-16-44-42.603304,103,False
2020-06-15-16-44-42.614234,104,False
2020-06-15-16-44-42.625902,104,False
2020-06-15-16-44-42.637605,104,False
2020-06-15-16-44-42.650405,104,False
2020-06-15-16-44-42.662183,104,False
2020-06-15-16-44-42.672619,104,False
2020-06-15-16-44-42.683604,104,False
2020-06-15-16-44-42.695982,104,False
2020-06-15-16-44-42.707992,104,False
2020-06-15-16-44-42.719994,104,False
2020-06-15-16-44-42.731391,104,False
2020-06-15-16-44-42.741595,104,False
2020-06-15-16-44-42.753795,104,False
2020-06-15-16-44-42.765284,104,False
2020-06-15-16-44-42.777856,104,False
2020-06-15-16-44-42.789917,104,False
2020-06-15-16-44-42.801366,104,False
2020-06-15-16-44-42.812229,104,False
2020-06-15-16-44-42.823747,104,False
2020-06-15-16-44-42.835514,104,False
2020-06-15-16-44-42.847627,104,False
2020-06-15-16-44-42.859936,104,False
2020-06-15-16-44-42.871566,104,False
2020-06-15-16-44-42.883141,104,False
2020-06-15-16-44-42.893447,94,False
2020-06-15-16-44-42.904869,94,False
2020-06-15-16-44-42.916107,94,False
2020-06-15-16-44-42.927725,94,False
2020-06-15-16-44-42.940032,94,False
2020-06-15-16-44-42.951600,94,False
2020-06-15-16-44-42.963167,94,False
2020-06-15-16-44-42.975296,94,False
2020-06-15-16-44-42.987674,94,False
2020-06-15-16-44-43.000058,94,False
2020-06-15-16-44-43.010439,94,False
2020-06-15-16-44-43.020678,94,False
2020-06-15-16-44-43.032842,94,False
2020-06-15-16-44-43.043464,81,False
2020-06-15-16-44-43.055899,81,False
2020-06-15-16-44-43.068513,81,False
2020-06-15-16-44-43.080980,81,False
2020-06-15-16-44-43.093455,81,False
2020-06-15-16-44-43.104450,81,False
2020-06-15-16-44-43.115439,81,False
2020-06-15-16-44-43.127680,81,False
2020-06-15-16-44-43.140058,90,False
2020-06-15-16-44-43.152822,90,False
2020-06-15-16-44-43.165405,90,False
2020-06-15-16-44-43.177776,90,False
2020-06-15-16-44-43.189191,90,False
2020-06-15-16-44-43.200598,90,False
2020-06-15-16-44-43.212339,90,False
2020-06-15-16-44-43.223748,90,False
2020-06-15-16-44-43.235934,90,False
2020-06-15-16-44-43.247913,90,False
2020-06-15-16-44-43.260093,90,False
2020-06-15-16-44-43.272624,84,False
2020-06-15-16-44-43.284166,84,False
2020-06-15-16-44-43.295670,84,False
2020-06-15-16-44-43.308267,84,False
2020-06-15-16-44-43.319999,84,False
2020-06-15-16-44-43.332466,84,False
2020-06-15-16-44-43.345087,84,False
2020-06-15-16-44-43.357726,84,False
2020-06-15-16-44-43.370110,84,False
2020-06-15-16-44-43.380910,84,False
2020-06-15-16-44-43.393471,84,False
2020-06-15-16-44-43.405661,84,False
2020-06-15-16-44-43.417672,84,False
2020-06-15-16-44-43.430019,84,False
2020-06-15-16-44-43.440553,84,False
2020-06-15-16-44-43.452023,84,False
2020-06-15-16-44-43.462147,84,False
2020-06-15-16-44-43.472944,84,False
2020-06-15-16-44-43.485629,84,False
2020-06-15-16-44-43.497681,84,False
2020-06-15-16-44-43.509967,84,False
2020-06-15-16-44-43.520087,84,False
2020-06-15-16-44-43.531062,84,False
2020-06-15-16-44-43.543518,86,False
2020-06-15-16-44-43.554613,86,False
2020-06-15-16-44-43.566048,86,False
2020-06-15-16-44-43.577729,81,False
2020-06-15-16-44-43.590109,81,False
2020-06-15-16-44-43.601971,81,False
2020-06-15-16-44-43.613157,81,False
2020-06-15-16-44-43.625130,81,False
2020-06-15-16-44-43.637651,81,False
2020-06-15-16-44-43.649992,81,False
2020-06-15-16-44-43.662615,81,False
2020-06-15-16-44-43.672869,81,False
2020-06-15-16-44-43.683304,81,False
2020-06-15-16-44-43.694249,63,False
2020-06-15-16-44-43.705874,63,False
2020-06-15-16-44-43.717669,63,False
2020-06-15-16-44-43.728081,63,False
2020-06-15-16-44-43.740080,74,False
2020-06-15-16-44-43.751728,74,False
2020-06-15-16-44-43.763541,74,False
2020-06-15-16-44-43.775605,74,False
2020-06-15-16-44-43.787787,74,False
2020-06-15-16-44-43.800160,74,False
2020-06-15-16-44-43.812115,74,False
2020-06-15-16-44-43.824759,74,False
2020-06-15-16-44-43.836903,74,False
2020-06-15-16-44-43.849448,74,False
2020-06-15-16-44-43.860127,74,False
2020-06-15-16-44-43.870317,74,False
2020-06-15-16-44-43.881796,74,False
2020-06-15-16-44-43.892364,75,False
2020-06-15-16-44-43.902836,75,False
2020-06-15-16-44-43.914912,75,False
2020-06-15-16-44-43.925945,75,False
2020-06-15-16-44-43.937820,75,False
2020-06-15-16-44-43.950014,75,False
2020-06-15-16-44-43.961992,75,False
2020-06-15-16-44-43.973533,75,False
2020-06-15-16-44-43.985662,75,False
2020-06-15-16-44-43.997770,75,False
2020-06-15-16-44-44.010094,76,False
2020-06-15-16-44-44.022171,76,False
2020-06-15-16-44-44.033685,76,False
2020-06-15-16-44-44.045081,76,False
2020-06-15-16-44-44.056481,76,False
2020-06-15-16-44-44.069083,76,False
2020-06-15-16-44-44.080811,76,False
2020-06-15-16-44-44.091713,79,False
2020-06-15-16-44-44.103625,79,False
2020-06-15-16-44-44.115211,79,False
2020-06-15-16-44-44.127765,79,False
2020-06-15-16-44-44.140108,79,False
2020-06-15-16-44-44.152343,79,False
2020-06-15-16-44-44.164813,79,False
2020-06-15-16-44-44.176718,79,False
2020-06-15-16-44-44.189252,79,False
2020-06-15-16-44-44.200140,79,False
2020-06-15-16-44-44.212364,79,False
2020-06-15-16-44-44.223461,79,False
2020-06-15-16-44-44.234173,79,False
2020-06-15-16-44-44.245195,79,False
2020-06-15-16-44-44.257772,79,False
2020-06-15-16-44-44.270797,79,False
2020-06-15-16-44-44.282302,79,False
2020-06-15-16-44-44.294100,79,False
2020-06-15-16-44-44.306550,79,False
2020-06-15-16-44-44.317702,79,False
2020-06-15-16-44-44.328258,79,False
2020-06-15-16-44-44.340115,86,False
2020-06-15-16-44-44.352295,86,False
2020-06-15-16-44-44.364705,86,False
2020-06-15-16-44-44.376330,86,False
2020-06-15-16-44-44.388982,86,False
2020-06-15-16-44-44.400233,86,False
2020-06-15-16-44-44.412104,86,False
2020-06-15-16-44-44.424433,86,False
2020-06-15-16-44-44.436767,86,False
2020-06-15-16-44-44.448957,86,False
2020-06-15-16-44-44.460405,86,True
2020-06-15-16-44-44.472406,86,True
2020-06-15-16-44-44.483554,86,True
2020-06-15-16-44-44.496029,86,True
2020-06-15-16-44-44.507790,86,True
2020-06-15-16-44-44.520161,80,True
2020-06-15-16-44-44.531918,80,True
2020-06-15-16-44-44.543081,80,True
2020-06-15-16-44-44.553758,80,True
2020-06-15-16-44-44.565486,80,True
2020-06-15-16-44-44.577697,80,True
2020-06-15-16-44-44.590155,80,True
2020-06-15-16-44-44.601215,80,True
2020-06-15-16-44-44.612566,80,True
2020-06-15-16-44-44.625296,80,True
2020-06-15-16-44-44.637690,80,True
2020-06-15-16-44-44.650152,80,True
2020-06-15-16-44-44.662901,80,True
2020-06-15-16-44-44.674708,80,True
2020-06-15-16-44-44.687117,80,True
2020-06-15-16-44-44.698841,80,True
2020-06-15-16-44-44.710381,80,True
2020-06-15-16-44-44.722532,80,True
2020-06-15-16-44-44.732935,80,True
2020-06-15-16-44-44.745479,80,True
2020-06-15-16-44-44.757809,80,True
2020-06-15-16-44-44.770053,92,True
2020-06-15-16-44-44.781429,92,True
2020-06-15-16-44-44.793013,92,True
2020-06-15-16-44-44.803374,92,True
2020-06-15-16-44-44.816175,105,True
2020-06-15-16-44-44.827832,105,True
2020-06-15-16-44-44.840453,105,True
2020-06-15-16-44-44.852274,105,True
2020-06-15-16-44-44.863947,105,True
2020-06-15-16-44-44.874966,105,True
2020-06-15-16-44-44.885274,105,True
2020-06-15-16-44-44.897843,105,True
2020-06-15-16-44-44.910232,105,True
2020-06-15-16-44-44.921414,105,True
2020-06-15-16-44-44.934068,105,True
2020-06-15-16-44-44.946127,105,True
2020-06-15-16-44-44.957817,105,True
2020-06-15-16-44-44.970376,105,True
2020-06-15-16-44-44.982540,105,True
2020-06-15-16-44-44.994869,105,True
2020-06-15-16-44-45.006349,105,True
2020-06-15-16-44-45.019049,105,True
2020-06-15-16-44-45.030180,105,True
2020-06-15-16-44-45.040527,105,True
2020-06-15-16-44-45.051768,105,True
2020-06-15-16-44-45.063909,105,True
2020-06-15-16-44-45.074180,242,True
2020-06-15-16-44-45.084513,242,True
2020-06-15-16-44-45.095438,242,True
2020-06-15-16-44-45.107737,819,True
2020-06-15-16-44-45.120558,819,True
2020-06-15-16-44-45.132471,819,True
2020-06-15-16-44-45.144611,819,True
2020-06-15-16-44-45.156622,819,True
2020-06-15-16-44-45.169308,819,True
2020-06-15-16-44-45.181707,819,True
2020-06-15-16-44-45.192729,1483,True
2020-06-15-16-44-45.204125,1483,True
2020-06-15-16-44-45.215544,1483,True
2020-06-15-16-44-45.227849,1551,True
2020-06-15-16-44-45.240442,1551,True
2020-06-15-16-44-45.251727,1551,True
2020-06-15-16-44-45.262988,1551,True
2020-06-15-16-44-45.274315,1551,True
2020-06-15-16-44-45.285236,1551,False
2020-06-15-16-44-45.297772,1551,False
2020-06-15-16-44-45.311075,1551,False
2020-06-15-16-44-45.322390,1551,False
2020-06-15-16-44-45.334000,1551,False
2020-06-15-16-44-45.346298,1551,False
2020-06-15-16-44-45.357729,1551,False
2020-06-15-16-44-45.370110,1551,False
2020-06-15-16-44-45.381374,1551,False
2020-06-15-16-44-45.392308,1551,False
2020-06-15-16-44-45.403311,1551,False
2020-06-15-16-44-45.415434,1551,False
2020-06-15-16-44-45.427821,1551,False
2020-06-15-16-44-45.440199,1551,False
2020-06-15-16-44-45.452265,1551,False
2020-06-15-16-44-45.464482,1551,False
2020-06-15-16-44-45.476310,1551,False
2020-06-15-16-44-45.487814,1551,False
2020-06-15-16-44-45.500184,1551,False
2020-06-15-16-44-45.512484,1551,False
2020-06-15-16-44-45.524086,1551,False
2020-06-15-16-44-45.534745,1551,False
2020-06-15-16-44-45.546321,1551,False
2020-06-15-16-44-45.557789,932,False
2020-06-15-16-44-45.570218,932,False
2020-06-15-16-44-45.582738,932,False
2020-06-15-16-44-45.593701,932,False
2020-06-15-16-44-45.605919,932,False
2020-06-15-16-44-45.617830,932,False
2020-06-15-16-44-45.630287,932,False
2020-06-15-16-44-45.640675,889,False
2020-06-15-16-44-45.651652,889,False
2020-06-15-16-44-45.663650,772,False
2020-06-15-16-44-45.676308,559,False
2020-06-15-16-44-45.688675,559,False
2020-06-15-16-44-45.700144,559,False
2020-06-15-16-44-45.710974,266,False
2020-06-15-16-44-45.722672,266,False
2020-06-15-16-44-45.733028,266,False
2020-06-15-16-44-45.743573,164,False
2020-06-15-16-44-45.754958,156,False
2020-06-15-16-44-45.765799,156,False
2020-06-15-16-44-45.777796,156,False
2020-06-15-16-44-45.790134,181,False
2020-06-15-16-44-45.802498,181,False
2020-06-15-16-44-45.814814,181,False
2020-06-15-16-44-45.825137,181,False
2020-06-15-16-44-45.835571,181,False
2020-06-15-16-44-45.847843,181,False
2020-06-15-16-44-45.860245,181,False
2020-06-15-16-44-45.871838,181,False
2020-06-15-16-44-45.883877,181,False
2020-06-15-16-44-45.894965,136,False
2020-06-15-16-44-45.905415,96,False
2020-06-15-16-44-45.917822,96,False
2020-06-15-16-44-45.930271,96,False
2020-06-15-16-44-45.941270,84,False
2020-06-15-16-44-45.952961,84,False
2020-06-15-16-44-45.964028,84,False
2020-06-15-16-44-45.975730,73,False
2020-06-15-16-44-45.987962,73,False
2020-06-15-16-44-46.000181,73,False
2020-06-15-16-44-46.012233,73,False
2020-06-15-16-44-46.023236,73,False
2020-06-15-16-44-46.034734,73,False
2020-06-15-16-44-46.046035,73,False
2020-06-15-16-44-46.057895,73,False
2020-06-15-16-44-46.070138,73,False
2020-06-15-16-44-46.081125,73,False
2020-06-15-16-44-46.092343,66,False
2020-06-15-16-44-46.103542,66,False
2020-06-15-16-44-46.115291,66,False
2020-06-15-16-44-46.127965,67,False
2020-06-15-16-44-46.140262,67,False
2020-06-15-16-44-46.152054,67,False
2020-06-15-16-44-46.163708,67,False
2020-06-15-16-44-46.175109,67,False
2020-06-15-16-44-46.186699,67,False
2020-06-15-16-44-46.198653,71,False
2020-06-15-16-44-46.210258,71,False
2020-06-15-16-44-46.221363,71,False
2020-06-15-16-44-46.233600,71,False
2020-06-15-16-44-46.244763,71,False
2020-06-15-16-44-46.256900,71,False
2020-06-15-16-44-46.267924,71,False
2020-06-15-16-44-46.280287,71,False
2020-06-15-16-44-46.291312,71,False
2020-06-15-16-44-46.302365,71,False
2020-06-15-16-44-46.313095,72,False
2020-06-15-16-44-46.324470,72,False
2020-06-15-16-44-46.336236,72,False
2020-06-15-16-44-46.348083,72,False
2020-06-15-16-44-46.360259,72,False
2020-06-15-16-44-46.372563,72,False
2020-06-15-16-44-46.384874,76,False
2020-06-15-16-44-46.395183,76,False
2020-06-15-16-44-46.407790,76,False
2020-06-15-16-44-46.420214,76,False
2020-06-15-16-44-46.431602,76,False
2020-06-15-16-44-46.442217,76,False
2020-06-15-16-44-46.452362,76,False
2020-06-15-16-44-46.463997,94,False
2020-06-15-16-44-46.474930,94,False
2020-06-15-16-44-46.486650,94,False
2020-06-15-16-44-46.498502,94,False
2020-06-15-16-44-46.510806,94,False
2020-06-15-16-44-46.522184,94,False
2020-06-15-16-44-46.534408,94,False
2020-06-15-16-44-46.545533,94,False
2020-06-15-16-44-46.557952,94,False
2020-06-15-16-44-46.570334,94,False
2020-06-15-16-44-46.582597,94,False
2020-06-15-16-44-46.593409,94,False
2020-06-15-16-44-46.605202,91,False
2020-06-15-16-44-46.617558,91,False
2020-06-15-16-44-46.629418,91,False
2020-06-15-16-44-46.640882,91,False
2020-06-15-16-44-46.652306,91,False
2020-06-15-16-44-46.662988,91,False
2020-06-15-16-44-46.673734,91,False
2020-06-15-16-44-46.686125,91,False
2020-06-15-16-44-46.697939,91,False
2020-06-15-16-44-46.710261,91,False
2020-06-15-16-44-46.721337,91,False
2020-06-15-16-44-46.732579,91,False
2020-06-15-16-44-46.744467,91,False
2020-06-15-16-44-46.756801,91,False
2020-06-15-16-44-46.767899,91,False
2020-06-15-16-44-46.780327,91,False
2020-06-15-16-44-46.792066,91,False
2020-06-15-16-44-46.803709,91,False
2020-06-15-16-44-46.815349,91,False
2020-06-15-16-44-46.827972,91,False
2020-06-15-16-44-46.840681,99,False
2020-06-15-16-44-46.851729,99,False
2020-06-15-16-44-46.864044,99,False
2020-06-15-16-44-46.874874,70,False
2020-06-15-16-44-46.887343,70,False
2020-06-15-16-44-46.898594,70,False
2020-06-15-16-44-46.910493,70,False
2020-06-15-16-44-46.922907,70,False
2020-06-15-16-44-46.935157,70,False
2020-06-15-16-44-46.946129,70,False
2020-06-15-16-44-46.957927,70,False
2020-06-15-16-44-46.970371,70,False
2020-06-15-16-44-46.981644,70,False
2020-06-15-16-44-46.991850,77,False
2020-06-15-16-44-47.002562,77,False
2020-06-15-16-44-47.014594,77,False
2020-06-15-16-44-47.025571,77,False
2020-06-15-16-44-47.038136,77,False
2020-06-15-16-44-47.050357,77,False
2020-06-15-16-44-47.061464,77,False
