2020-06-06-19-19-02.790277,0,False
2020-06-06-19-19-02.800481,0,False
2020-06-06-19-19-02.810785,0,False
2020-06-06-19-19-02.823474,49,False
2020-06-06-19-19-02.833790,233,False
2020-06-06-19-19-02.845974,233,False
2020-06-06-19-19-02.858313,233,False
2020-06-06-19-19-02.872273,233,False
2020-06-06-19-19-02.883418,233,False
2020-06-06-19-19-02.893558,233,False
2020-06-06-19-19-02.904053,233,False
2020-06-06-19-19-02.915381,298,False
2020-06-06-19-19-02.927901,298,False
2020-06-06-19-19-02.939542,298,False
2020-06-06-19-19-02.950336,298,False
2020-06-06-19-19-02.960724,298,False
2020-06-06-19-19-02.975338,298,False
2020-06-06-19-19-02.987828,298,False
2020-06-06-19-19-02.999092,298,False
2020-06-06-19-19-03.009919,298,False
2020-06-06-19-19-03.021358,298,False
2020-06-06-19-19-03.032128,298,False
2020-06-06-19-19-03.043861,298,False
2020-06-06-19-19-03.055490,298,False
2020-06-06-19-19-03.070313,298,False
2020-06-06-19-19-03.080519,298,False
2020-06-06-19-19-03.092640,312,False
2020-06-06-19-19-03.104548,361,False
2020-06-06-19-19-03.116959,361,False
2020-06-06-19-19-03.128614,368,False
2020-06-06-19-19-03.138826,368,False
2020-06-06-19-19-03.150213,368,False
2020-06-06-19-19-03.161056,368,False
2020-06-06-19-19-03.175435,368,False
2020-06-06-19-19-03.188500,368,False
2020-06-06-19-19-03.198690,368,False
2020-06-06-19-19-03.212013,368,False
2020-06-06-19-19-03.222271,368,False
2020-06-06-19-19-03.233523,368,False
2020-06-06-19-19-03.243784,368,False
2020-06-06-19-19-03.254623,368,False
2020-06-06-19-19-03.265084,368,False
2020-06-06-19-19-03.278522,368,False
2020-06-06-19-19-03.289300,368,False
2020-06-06-19-19-03.300913,368,False
2020-06-06-19-19-03.311712,368,False
2020-06-06-19-19-03.324369,368,False
2020-06-06-19-19-03.336393,368,False
2020-06-06-19-19-03.350023,361,False
2020-06-06-19-19-03.361735,361,False
2020-06-06-19-19-03.374024,361,False
2020-06-06-19-19-03.386519,361,False
2020-06-06-19-19-03.397607,361,False
2020-06-06-19-19-03.410439,361,False
2020-06-06-19-19-03.420853,361,False
2020-06-06-19-19-03.430991,361,False
2020-06-06-19-19-03.441245,361,False
2020-06-06-19-19-03.452229,361,False
2020-06-06-19-19-03.462613,361,False
2020-06-06-19-19-03.474145,361,False
2020-06-06-19-19-03.484837,361,False
2020-06-06-19-19-03.495418,361,False
2020-06-06-19-19-03.506373,361,False
2020-06-06-19-19-03.517301,361,False
2020-06-06-19-19-03.527521,360,False
2020-06-06-19-19-03.538690,360,False
2020-06-06-19-19-03.550130,360,False
2020-06-06-19-19-03.561819,311,False
2020-06-06-19-19-03.572919,311,False
2020-06-06-19-19-03.584015,311,False
2020-06-06-19-19-03.595422,311,False
2020-06-06-19-19-03.607874,311,False
2020-06-06-19-19-03.620530,319,False
2020-06-06-19-19-03.631134,319,False
2020-06-06-19-19-03.641816,319,False
2020-06-06-19-19-03.652945,319,False
2020-06-06-19-19-03.664520,319,False
2020-06-06-19-19-03.676387,319,False
2020-06-06-19-19-03.687996,319,False
2020-06-06-19-19-03.698919,319,False
2020-06-06-19-19-03.711320,319,False
2020-06-06-19-19-03.722474,319,False
2020-06-06-19-19-03.733491,319,False
2020-06-06-19-19-03.745787,319,False
2020-06-06-19-19-03.756306,319,False
2020-06-06-19-19-03.767879,319,False
2020-06-06-19-19-03.779708,319,False
2020-06-06-19-19-03.790158,319,False
2020-06-06-19-19-03.800665,335,False
2020-06-06-19-19-03.810938,380,False
2020-06-06-19-19-03.822923,380,False
2020-06-06-19-19-03.835178,380,False
2020-06-06-19-19-03.846040,380,False
2020-06-06-19-19-03.858255,380,False
2020-06-06-19-19-03.870849,380,False
2020-06-06-19-19-03.883420,380,False
2020-06-06-19-19-03.893978,380,False
2020-06-06-19-19-03.904598,380,False
2020-06-06-19-19-03.916380,380,False
2020-06-06-19-19-03.927917,380,False
2020-06-06-19-19-03.938780,380,False
2020-06-06-19-19-03.950864,380,False
2020-06-06-19-19-03.963550,380,False
2020-06-06-19-19-03.974246,380,False
2020-06-06-19-19-03.986422,380,False
2020-06-06-19-19-03.997349,380,False
2020-06-06-19-19-04.009807,380,False
2020-06-06-19-19-04.022292,380,False
2020-06-06-19-19-04.033478,380,False
2020-06-06-19-19-04.043975,369,False
2020-06-06-19-19-04.054644,369,True
2020-06-06-19-19-04.066061,369,True
2020-06-06-19-19-04.076765,369,True
2020-06-06-19-19-04.088505,369,True
2020-06-06-19-19-04.101124,369,True
2020-06-06-19-19-04.112508,369,True
2020-06-06-19-19-04.123814,369,True
2020-06-06-19-19-04.134998,369,True
2020-06-06-19-19-04.146609,369,True
2020-06-06-19-19-04.159293,369,True
2020-06-06-19-19-04.170871,369,True
2020-06-06-19-19-04.183474,369,True
2020-06-06-19-19-04.194101,369,True
2020-06-06-19-19-04.204700,369,True
2020-06-06-19-19-04.216764,369,True
2020-06-06-19-19-04.227996,369,True
2020-06-06-19-19-04.238606,358,True
2020-06-06-19-19-04.250133,358,True
2020-06-06-19-19-04.262891,358,True
2020-06-06-19-19-04.273158,358,True
2020-06-06-19-19-04.283441,358,True
2020-06-06-19-19-04.293680,358,True
2020-06-06-19-19-04.303828,358,True
2020-06-06-19-19-04.314497,341,True
2020-06-06-19-19-04.325210,341,True
2020-06-06-19-19-04.336523,341,True
2020-06-06-19-19-04.349433,341,True
2020-06-06-19-19-04.360009,341,True
2020-06-06-19-19-04.371352,341,True
2020-06-06-19-19-04.383452,341,True
2020-06-06-19-19-04.394400,341,True
2020-06-06-19-19-04.404637,433,True
2020-06-06-19-19-04.417358,433,True
2020-06-06-19-19-04.429677,433,True
2020-06-06-19-19-04.442845,990,True
2020-06-06-19-19-04.454928,990,True
2020-06-06-19-19-04.466470,990,True
2020-06-06-19-19-04.477338,990,True
2020-06-06-19-19-04.488583,990,True
2020-06-06-19-19-04.500315,990,True
2020-06-06-19-19-04.511535,1211,True
2020-06-06-19-19-04.524057,1373,True
2020-06-06-19-19-04.536042,1373,True
2020-06-06-19-19-04.547985,1373,True
2020-06-06-19-19-04.560704,1433,True
2020-06-06-19-19-04.572611,1433,True
2020-06-06-19-19-04.583462,1433,True
2020-06-06-19-19-04.595226,1433,True
2020-06-06-19-19-04.607906,1433,True
2020-06-06-19-19-04.620907,1433,True
2020-06-06-19-19-04.633449,1433,True
2020-06-06-19-19-04.644652,1433,True
2020-06-06-19-19-04.655740,1433,True
2020-06-06-19-19-04.667881,1433,True
2020-06-06-19-19-04.678239,1433,True
2020-06-06-19-19-04.690181,1433,True
2020-06-06-19-19-04.701579,1433,True
2020-06-06-19-19-04.713817,1433,True
2020-06-06-19-19-04.725482,1433,True
2020-06-06-19-19-04.736450,1433,True
2020-06-06-19-19-04.747905,1433,True
2020-06-06-19-19-04.758978,1433,True
2020-06-06-19-19-04.770935,1433,True
2020-06-06-19-19-04.783487,1433,True
2020-06-06-19-19-04.795217,1433,True
2020-06-06-19-19-04.806222,1433,True
2020-06-06-19-19-04.816338,1433,True
2020-06-06-19-19-04.827961,1433,True
2020-06-06-19-19-04.839143,1433,True
2020-06-06-19-19-04.850826,1358,True
2020-06-06-19-19-04.863537,1358,False
2020-06-06-19-19-04.875179,763,False
2020-06-06-19-19-04.886439,763,False
2020-06-06-19-19-04.897229,763,False
2020-06-06-19-19-04.907939,763,False
2020-06-06-19-19-04.920926,763,False
2020-06-06-19-19-04.933503,763,False
2020-06-06-19-19-04.946045,763,False
2020-06-06-19-19-04.956424,763,False
2020-06-06-19-19-04.967921,763,False
2020-06-06-19-19-04.978373,763,False
2020-06-06-19-19-04.990147,618,False
2020-06-06-19-19-05.002067,482,False
2020-06-06-19-19-05.012905,482,False
2020-06-06-19-19-05.025454,286,False
2020-06-06-19-19-05.036977,286,False
2020-06-06-19-19-05.048010,286,False
2020-06-06-19-19-05.059897,286,False
2020-06-06-19-19-05.070867,295,False
2020-06-06-19-19-05.083463,323,False
2020-06-06-19-19-05.094403,323,False
2020-06-06-19-19-05.106437,323,False
2020-06-06-19-19-05.117628,323,False
2020-06-06-19-19-05.130264,323,False
2020-06-06-19-19-05.141846,323,False
2020-06-06-19-19-05.152590,323,False
2020-06-06-19-19-05.165240,323,False
2020-06-06-19-19-05.177380,323,False
2020-06-06-19-19-05.188479,323,False
2020-06-06-19-19-05.199513,323,False
2020-06-06-19-19-05.211818,323,False
2020-06-06-19-19-05.223906,323,False
2020-06-06-19-19-05.236500,323,False
2020-06-06-19-19-05.247958,323,False
2020-06-06-19-19-05.259618,323,False
2020-06-06-19-19-05.270910,333,False
2020-06-06-19-19-05.283483,333,False
2020-06-06-19-19-05.295071,333,False
2020-06-06-19-19-05.305714,373,False
2020-06-06-19-19-05.318056,373,False
2020-06-06-19-19-05.330277,373,False
2020-06-06-19-19-05.341700,373,False
2020-06-06-19-19-05.352412,373,False
2020-06-06-19-19-05.365088,373,False
2020-06-06-19-19-05.376639,373,False
2020-06-06-19-19-05.388542,373,False
2020-06-06-19-19-05.399246,373,False
2020-06-06-19-19-05.411103,373,False
2020-06-06-19-19-05.422954,373,False
2020-06-06-19-19-05.433996,373,False
2020-06-06-19-19-05.444268,373,False
2020-06-06-19-19-05.456702,373,False
2020-06-06-19-19-05.469005,373,False
2020-06-06-19-19-05.479228,373,False
2020-06-06-19-19-05.490374,373,False
2020-06-06-19-19-05.501540,373,False
2020-06-06-19-19-05.513511,367,False
2020-06-06-19-19-05.525129,367,False
2020-06-06-19-19-05.536802,367,False
2020-06-06-19-19-05.548448,359,False
2020-06-06-19-19-05.560045,359,False
2020-06-06-19-19-05.570940,359,False
2020-06-06-19-19-05.583548,359,False
2020-06-06-19-19-05.596321,359,False
2020-06-06-19-19-05.608698,359,False
2020-06-06-19-19-05.621004,359,False
2020-06-06-19-19-05.633574,359,False
2020-06-06-19-19-05.645083,359,False
2020-06-06-19-19-05.655281,359,False
2020-06-06-19-19-05.667992,359,False
2020-06-06-19-19-05.679671,359,False
2020-06-06-19-19-05.690199,359,False
2020-06-06-19-19-05.702809,359,False
2020-06-06-19-19-05.714267,359,False
2020-06-06-19-19-05.726988,359,False
2020-06-06-19-19-05.738009,311,False
2020-06-06-19-19-05.750352,311,False
2020-06-06-19-19-05.760932,311,False
2020-06-06-19-19-05.772149,311,False
2020-06-06-19-19-05.783490,311,False
2020-06-06-19-19-05.796265,311,False
2020-06-06-19-19-05.807915,311,False
2020-06-06-19-19-05.819410,311,False
2020-06-06-19-19-05.830400,315,False
2020-06-06-19-19-05.840879,315,False
2020-06-06-19-19-05.851328,315,False
2020-06-06-19-19-05.862131,315,False
2020-06-06-19-19-05.873190,315,False
2020-06-06-19-19-05.883497,315,False
2020-06-06-19-19-05.894194,315,False
2020-06-06-19-19-05.905362,315,False
2020-06-06-19-19-05.917131,315,False
2020-06-06-19-19-05.928057,315,False
2020-06-06-19-19-05.938901,315,False
2020-06-06-19-19-05.950159,315,False
2020-06-06-19-19-05.962315,315,False
2020-06-06-19-19-05.974959,315,False
2020-06-06-19-19-05.985388,315,False
2020-06-06-19-19-05.998255,315,False
2020-06-06-19-19-06.010227,319,False
2020-06-06-19-19-06.020976,319,False
2020-06-06-19-19-06.033504,319,False
2020-06-06-19-19-06.043999,319,False
2020-06-06-19-19-06.054729,319,False
2020-06-06-19-19-06.065524,319,False
2020-06-06-19-19-06.078052,319,False
2020-06-06-19-19-06.090161,319,False
2020-06-06-19-19-06.101562,319,False
2020-06-06-19-19-06.112737,319,False
2020-06-06-19-19-06.123649,319,False
2020-06-06-19-19-06.135585,319,False
2020-06-06-19-19-06.147943,319,False
2020-06-06-19-19-06.161568,319,False
2020-06-06-19-19-06.174131,319,False
2020-06-06-19-19-06.187198,319,False
2020-06-06-19-19-06.198678,319,False
2020-06-06-19-19-06.210327,319,False
2020-06-06-19-19-06.222599,319,False
2020-06-06-19-19-06.234173,319,False
2020-06-06-19-19-06.245220,319,False
2020-06-06-19-19-06.257666,316,False
2020-06-06-19-19-06.270279,316,False
2020-06-06-19-19-06.281575,316,False
2020-06-06-19-19-06.292592,316,False
2020-06-06-19-19-06.303565,316,False
2020-06-06-19-19-06.316054,316,False
2020-06-06-19-19-06.326619,344,False
2020-06-06-19-19-06.338553,344,False
2020-06-06-19-19-06.350672,344,False
2020-06-06-19-19-06.362780,344,False
2020-06-06-19-19-06.373847,344,False
2020-06-06-19-19-06.384050,344,False
2020-06-06-19-19-06.395317,344,False
2020-06-06-19-19-06.406386,344,False
2020-06-06-19-19-06.418261,344,False
2020-06-06-19-19-06.430611,344,False
2020-06-06-19-19-06.441730,344,False
2020-06-06-19-19-06.452107,344,False
2020-06-06-19-19-06.463983,344,False
2020-06-06-19-19-06.474435,344,False
2020-06-06-19-19-06.484802,344,False
2020-06-06-19-19-06.496886,344,False
2020-06-06-19-19-06.509184,344,False
2020-06-06-19-19-06.520971,344,False
2020-06-06-19-19-06.533595,344,False
2020-06-06-19-19-06.544025,344,False
2020-06-06-19-19-06.555181,344,False
2020-06-06-19-19-06.565283,344,False
2020-06-06-19-19-06.577275,344,False
2020-06-06-19-19-06.587998,344,False
2020-06-06-19-19-06.600668,329,False
2020-06-06-19-19-06.611423,329,False
2020-06-06-19-19-06.621787,329,False
2020-06-06-19-19-06.633513,329,False
2020-06-06-19-19-06.645239,329,False
2020-06-06-19-19-06.656101,329,False
2020-06-06-19-19-06.668095,329,False
2020-06-06-19-19-06.679386,329,False
2020-06-06-19-19-06.690404,338,False
2020-06-06-19-19-06.702570,338,False
2020-06-06-19-19-06.714854,338,False
2020-06-06-19-19-06.727074,335,False
2020-06-06-19-19-06.738194,335,False
2020-06-06-19-19-06.750598,335,False
2020-06-06-19-19-06.760967,335,False
2020-06-06-19-19-06.771543,335,False
2020-06-06-19-19-06.783484,334,False
2020-06-06-19-19-06.793559,334,False
2020-06-06-19-19-06.806251,334,False
2020-06-06-19-19-06.817180,334,False
2020-06-06-19-19-06.828051,334,False
2020-06-06-19-19-06.839979,334,False
2020-06-06-19-19-06.851836,359,False
2020-06-06-19-19-06.863553,359,False
2020-06-06-19-19-06.874272,359,False
2020-06-06-19-19-06.884730,359,False
2020-06-06-19-19-06.895383,359,False
2020-06-06-19-19-06.908156,359,False
2020-06-06-19-19-06.919381,359,False
2020-06-06-19-19-06.930362,364,False
2020-06-06-19-19-06.941287,364,False
2020-06-06-19-19-06.951420,364,False
2020-06-06-19-19-06.961631,364,False
2020-06-06-19-19-06.972149,364,False
2020-06-06-19-19-06.983513,364,False
2020-06-06-19-19-06.994844,364,False
2020-06-06-19-19-07.007096,364,False
2020-06-06-19-19-07.018027,364,False
2020-06-06-19-19-07.030233,364,False
2020-06-06-19-19-07.040722,364,False
2020-06-06-19-19-07.051391,364,False
2020-06-06-19-19-07.063662,364,False
2020-06-06-19-19-07.074545,364,False
2020-06-06-19-19-07.084658,364,False
2020-06-06-19-19-07.097354,364,False
2020-06-06-19-19-07.108374,364,False
2020-06-06-19-19-07.121084,364,False
2020-06-06-19-19-07.132057,364,False
2020-06-06-19-19-07.144385,364,False
2020-06-06-19-19-07.155605,364,False
2020-06-06-19-19-07.165898,364,False
2020-06-06-19-19-07.176204,364,False
2020-06-06-19-19-07.187988,364,False
2020-06-06-19-19-07.198403,364,False
2020-06-06-19-19-07.208554,364,False
2020-06-06-19-19-07.220954,364,False
2020-06-06-19-19-07.233569,364,False
2020-06-06-19-19-07.243778,279,False
2020-06-06-19-19-07.254125,279,False
2020-06-06-19-19-07.266741,279,False
2020-06-06-19-19-07.278890,279,False
2020-06-06-19-19-07.290206,279,False
2020-06-06-19-19-07.303494,279,False
2020-06-06-19-19-07.315394,302,False
2020-06-06-19-19-07.328092,302,False
2020-06-06-19-19-07.339959,302,False
2020-06-06-19-19-07.351467,302,False
2020-06-06-19-19-07.363473,302,False
2020-06-06-19-19-07.374252,302,False
2020-06-06-19-19-07.385228,300,False
2020-06-06-19-19-07.397168,300,False
2020-06-06-19-19-07.408351,300,False
2020-06-06-19-19-07.418734,300,False
2020-06-06-19-19-07.430273,314,False
2020-06-06-19-19-07.440603,314,False
2020-06-06-19-19-07.452256,314,False
2020-06-06-19-19-07.464836,323,False
2020-06-06-19-19-07.476161,347,False
2020-06-06-19-19-07.486574,347,False
2020-06-06-19-19-07.499277,347,False
2020-06-06-19-19-07.510254,347,False
2020-06-06-19-19-07.520970,347,False
2020-06-06-19-19-07.533565,347,False
2020-06-06-19-19-07.545864,347,False
2020-06-06-19-19-07.556664,347,False
2020-06-06-19-19-07.567999,347,False
2020-06-06-19-19-07.580597,347,False
2020-06-06-19-19-07.592172,290,False
2020-06-06-19-19-07.602713,290,False
2020-06-06-19-19-07.614405,290,False
2020-06-06-19-19-07.625764,290,False
2020-06-06-19-19-07.636601,340,False
2020-06-06-19-19-07.647214,340,False
2020-06-06-19-19-07.657445,340,False
2020-06-06-19-19-07.668042,340,False
2020-06-06-19-19-07.678378,340,False
2020-06-06-19-19-07.690211,340,False
2020-06-06-19-19-07.700900,340,False
2020-06-06-19-19-07.711860,340,False
2020-06-06-19-19-07.723358,340,False
2020-06-06-19-19-07.733631,340,False
2020-06-06-19-19-07.746005,340,False
2020-06-06-19-19-07.756719,340,False
2020-06-06-19-19-07.768065,340,False
2020-06-06-19-19-07.778333,340,False
2020-06-06-19-19-07.790276,340,False
2020-06-06-19-19-07.802998,340,False
2020-06-06-19-19-07.815576,340,False
2020-06-06-19-19-07.828121,340,False
2020-06-06-19-19-07.840136,340,False
2020-06-06-19-19-07.850622,340,False
2020-06-06-19-19-07.861762,340,False
2020-06-06-19-19-07.871835,340,False
2020-06-06-19-19-07.884964,326,False
2020-06-06-19-19-07.895159,326,False
2020-06-06-19-19-07.905564,326,False
2020-06-06-19-19-07.916854,290,False
2020-06-06-19-19-07.928015,290,False
2020-06-06-19-19-07.940053,290,False
2020-06-06-19-19-07.951536,290,False
2020-06-06-19-19-07.963286,290,False
2020-06-06-19-19-07.974161,290,False
2020-06-06-19-19-07.985115,323,False
2020-06-06-19-19-07.995610,323,False
2020-06-06-19-19-08.008146,323,False
2020-06-06-19-19-08.018792,323,False
2020-06-06-19-19-08.030339,323,False
2020-06-06-19-19-08.041910,323,False
2020-06-06-19-19-08.052972,323,False
2020-06-06-19-19-08.065618,323,False
2020-06-06-19-19-08.076099,323,False
2020-06-06-19-19-08.088021,323,False
2020-06-06-19-19-08.099763,323,False
2020-06-06-19-19-08.111403,323,False
2020-06-06-19-19-08.122457,323,False
2020-06-06-19-19-08.133556,323,False
2020-06-06-19-19-08.144301,323,False
2020-06-06-19-19-08.155697,323,False
2020-06-06-19-19-08.167984,323,True
2020-06-06-19-19-08.178719,323,True
2020-06-06-19-19-08.190238,348,True
2020-06-06-19-19-08.203203,348,True
2020-06-06-19-19-08.213354,348,True
2020-06-06-19-19-08.224495,348,True
2020-06-06-19-19-08.236406,348,True
2020-06-06-19-19-08.248033,348,True
2020-06-06-19-19-08.259284,348,True
2020-06-06-19-19-08.271007,348,True
2020-06-06-19-19-08.283575,348,True
2020-06-06-19-19-08.294917,348,True
2020-06-06-19-19-08.306047,348,True
2020-06-06-19-19-08.317048,348,True
2020-06-06-19-19-08.328055,348,True
2020-06-06-19-19-08.338796,348,True
2020-06-06-19-19-08.351753,348,True
2020-06-06-19-19-08.363197,348,True
2020-06-06-19-19-08.374469,348,True
2020-06-06-19-19-08.386424,348,True
2020-06-06-19-19-08.396877,348,True
2020-06-06-19-19-08.408073,315,True
2020-06-06-19-19-08.418413,315,True
2020-06-06-19-19-08.430252,315,True
2020-06-06-19-19-08.442241,315,True
2020-06-06-19-19-08.454208,315,True
2020-06-06-19-19-08.465155,315,True
2020-06-06-19-19-08.475785,315,True
2020-06-06-19-19-08.487967,315,True
2020-06-06-19-19-08.499231,346,True
2020-06-06-19-19-08.510242,346,True
2020-06-06-19-19-08.521086,346,True
2020-06-06-19-19-08.533280,521,True
2020-06-06-19-19-08.545028,521,True
2020-06-06-19-19-08.557647,521,True
2020-06-06-19-19-08.570239,521,True
2020-06-06-19-19-08.583006,521,True
2020-06-06-19-19-08.595002,521,True
2020-06-06-19-19-08.605297,820,True
2020-06-06-19-19-08.616404,820,True
2020-06-06-19-19-08.628072,820,True
2020-06-06-19-19-08.638723,820,True
2020-06-06-19-19-08.650495,820,True
2020-06-06-19-19-08.660665,820,True
2020-06-06-19-19-08.672313,820,True
2020-06-06-19-19-08.683560,820,True
2020-06-06-19-19-08.693965,820,True
2020-06-06-19-19-08.705664,820,True
2020-06-06-19-19-08.716389,820,True
2020-06-06-19-19-08.728135,820,True
2020-06-06-19-19-08.739362,820,True
2020-06-06-19-19-08.750507,820,True
2020-06-06-19-19-08.760875,820,True
2020-06-06-19-19-08.770984,820,True
2020-06-06-19-19-08.783566,820,True
2020-06-06-19-19-08.793960,820,True
2020-06-06-19-19-08.804310,820,True
2020-06-06-19-19-08.817026,820,True
2020-06-06-19-19-08.828340,820,True
2020-06-06-19-19-08.841026,820,True
2020-06-06-19-19-08.852859,820,True
2020-06-06-19-19-08.864187,820,True
2020-06-06-19-19-08.875622,820,True
2020-06-06-19-19-08.888249,820,True
2020-06-06-19-19-08.899669,820,True
2020-06-06-19-19-08.910695,820,True
2020-06-06-19-19-08.922088,820,True
2020-06-06-19-19-08.933618,820,True
2020-06-06-19-19-08.943747,820,True
2020-06-06-19-19-08.953888,697,True
2020-06-06-19-19-08.964660,697,False
2020-06-06-19-19-08.975083,697,False
2020-06-06-19-19-08.985658,697,False
2020-06-06-19-19-08.997894,661,False
2020-06-06-19-19-09.010650,661,False
2020-06-06-19-19-09.021585,661,False
2020-06-06-19-19-09.033600,661,False
2020-06-06-19-19-09.044040,661,False
2020-06-06-19-19-09.056237,661,False
2020-06-06-19-19-09.066881,373,False
2020-06-06-19-19-09.077219,373,False
2020-06-06-19-19-09.088433,373,False
2020-06-06-19-19-09.100594,373,False
2020-06-06-19-19-09.110818,242,False
2020-06-06-19-19-09.121061,242,False
2020-06-06-19-19-09.133624,242,False
2020-06-06-19-19-09.143749,242,False
2020-06-06-19-19-09.154970,242,False
2020-06-06-19-19-09.166308,242,False
2020-06-06-19-19-09.176838,205,False
2020-06-06-19-19-09.188386,205,False
2020-06-06-19-19-09.199565,205,False
2020-06-06-19-19-09.210615,221,False
2020-06-06-19-19-09.222263,221,False
2020-06-06-19-19-09.233563,221,False
2020-06-06-19-19-09.245093,291,False
2020-06-06-19-19-09.257819,291,False
2020-06-06-19-19-09.270264,291,False
2020-06-06-19-19-09.282511,339,False
2020-06-06-19-19-09.293933,339,False
2020-06-06-19-19-09.306630,339,False
2020-06-06-19-19-09.318292,339,False
2020-06-06-19-19-09.330738,339,False
2020-06-06-19-19-09.342892,339,False
2020-06-06-19-19-09.354361,339,False
2020-06-06-19-19-09.366438,339,False
2020-06-06-19-19-09.377357,339,False
2020-06-06-19-19-09.389032,339,False
2020-06-06-19-19-09.399599,339,False
2020-06-06-19-19-09.410684,339,False
2020-06-06-19-19-09.421032,339,False
2020-06-06-19-19-09.433623,339,False
2020-06-06-19-19-09.444232,339,False
2020-06-06-19-19-09.454655,339,False
2020-06-06-19-19-09.465281,339,False
2020-06-06-19-19-09.475983,339,False
2020-06-06-19-19-09.488025,339,False
2020-06-06-19-19-09.498178,339,False
2020-06-06-19-19-09.510253,339,False
2020-06-06-19-19-09.521202,339,False
2020-06-06-19-19-09.533824,339,False
2020-06-06-19-19-09.544344,339,False
2020-06-06-19-19-09.555717,289,False
2020-06-06-19-19-09.568062,289,False
2020-06-06-19-19-09.579229,289,False
2020-06-06-19-19-09.590274,289,False
2020-06-06-19-19-09.600527,289,False
2020-06-06-19-19-09.611284,289,False
2020-06-06-19-19-09.621427,289,False
2020-06-06-19-19-09.633642,362,False
2020-06-06-19-19-09.645661,362,False
2020-06-06-19-19-09.658177,362,False
2020-06-06-19-19-09.670259,362,False
2020-06-06-19-19-09.681175,362,False
2020-06-06-19-19-09.691848,362,False
2020-06-06-19-19-09.703350,362,False
2020-06-06-19-19-09.714369,362,False
2020-06-06-19-19-09.726617,362,False
2020-06-06-19-19-09.738317,362,False
2020-06-06-19-19-09.750308,362,False
2020-06-06-19-19-09.762528,362,False
2020-06-06-19-19-09.773121,362,False
2020-06-06-19-19-09.783646,362,False
2020-06-06-19-19-09.795256,362,False
2020-06-06-19-19-09.806857,362,False
2020-06-06-19-19-09.817989,362,False
2020-06-06-19-19-09.830310,362,False
2020-06-06-19-19-09.842478,362,False
2020-06-06-19-19-09.853080,362,False
2020-06-06-19-19-09.865080,339,False
2020-06-06-19-19-09.877832,339,False
2020-06-06-19-19-09.890582,339,False
2020-06-06-19-19-09.902710,339,False
2020-06-06-19-19-09.913363,339,False
2020-06-06-19-19-09.924039,339,False
2020-06-06-19-19-09.936437,339,False
2020-06-06-19-19-09.948025,339,False
2020-06-06-19-19-09.959945,339,False
2020-06-06-19-19-09.971057,339,False
2020-06-06-19-19-09.983589,339,False
2020-06-06-19-19-09.994384,339,False
2020-06-06-19-19-10.005650,339,False
2020-06-06-19-19-10.016849,339,False
2020-06-06-19-19-10.028519,339,False
2020-06-06-19-19-10.039029,339,False
2020-06-06-19-19-10.050330,339,False
2020-06-06-19-19-10.063048,339,False
2020-06-06-19-19-10.074850,339,False
2020-06-06-19-19-10.085969,292,False
2020-06-06-19-19-10.096455,292,False
2020-06-06-19-19-10.108629,292,False
2020-06-06-19-19-10.121038,292,False
2020-06-06-19-19-10.133671,292,False
2020-06-06-19-19-10.144904,292,False
2020-06-06-19-19-10.156858,292,False
2020-06-06-19-19-10.168600,292,False
2020-06-06-19-19-10.178846,292,False
2020-06-06-19-19-10.191072,292,False
2020-06-06-19-19-10.201518,307,False
2020-06-06-19-19-10.212255,307,False
2020-06-06-19-19-10.224959,307,False
2020-06-06-19-19-10.236234,307,False
2020-06-06-19-19-10.248056,307,False
2020-06-06-19-19-10.260727,307,False
2020-06-06-19-19-10.272302,307,False
2020-06-06-19-19-10.283601,307,False
2020-06-06-19-19-10.294377,307,False
2020-06-06-19-19-10.306405,307,False
2020-06-06-19-19-10.317778,307,False
2020-06-06-19-19-10.330704,312,False
2020-06-06-19-19-10.341639,312,False
2020-06-06-19-19-10.352985,312,False
2020-06-06-19-19-10.365271,312,False
2020-06-06-19-19-10.376242,312,False
2020-06-06-19-19-10.388161,312,False
2020-06-06-19-19-10.398394,312,False
2020-06-06-19-19-10.410583,312,False
2020-06-06-19-19-10.421507,312,False
2020-06-06-19-19-10.433608,312,False
2020-06-06-19-19-10.445231,312,False
2020-06-06-19-19-10.455934,312,False
2020-06-06-19-19-10.468162,312,False
2020-06-06-19-19-10.478609,312,False
2020-06-06-19-19-10.490485,312,False
2020-06-06-19-19-10.502062,348,False
2020-06-06-19-19-10.512788,348,False
2020-06-06-19-19-10.523230,348,False
2020-06-06-19-19-10.533591,348,False
2020-06-06-19-19-10.544028,348,False
2020-06-06-19-19-10.554414,348,False
2020-06-06-19-19-10.567019,348,False
2020-06-06-19-19-10.578918,348,False
2020-06-06-19-19-10.590485,348,False
2020-06-06-19-19-10.603175,348,False
2020-06-06-19-19-10.615488,348,False
2020-06-06-19-19-10.628127,348,False
2020-06-06-19-19-10.640480,348,False
2020-06-06-19-19-10.652550,348,False
2020-06-06-19-19-10.664007,348,False
2020-06-06-19-19-10.674422,365,False
2020-06-06-19-19-10.684740,365,False
2020-06-06-19-19-10.696895,365,False
2020-06-06-19-19-10.707237,365,False
2020-06-06-19-19-10.719110,365,False
2020-06-06-19-19-10.730349,365,False
2020-06-06-19-19-10.741467,365,False
2020-06-06-19-19-10.752473,365,False
2020-06-06-19-19-10.764224,365,False
2020-06-06-19-19-10.775341,365,False
2020-06-06-19-19-10.786295,365,False
2020-06-06-19-19-10.798411,365,False
2020-06-06-19-19-10.810665,365,False
2020-06-06-19-19-10.821217,365,False
2020-06-06-19-19-10.833669,365,False
2020-06-06-19-19-10.844387,365,False
2020-06-06-19-19-10.855605,365,False
2020-06-06-19-19-10.868216,365,False
2020-06-06-19-19-10.880332,365,False
2020-06-06-19-19-10.891183,365,False
2020-06-06-19-19-10.901860,365,False
2020-06-06-19-19-10.912434,365,False
2020-06-06-19-19-10.922730,355,False
2020-06-06-19-19-10.933683,328,False
2020-06-06-19-19-10.944471,328,False
2020-06-06-19-19-10.955294,331,False
2020-06-06-19-19-10.967893,331,False
2020-06-06-19-19-10.978509,331,False
2020-06-06-19-19-10.990493,331,False
2020-06-06-19-19-11.001613,331,False
2020-06-06-19-19-11.012972,331,False
2020-06-06-19-19-11.024208,331,False
2020-06-06-19-19-11.036939,331,False
2020-06-06-19-19-11.048852,331,False
2020-06-06-19-19-11.061567,331,False
2020-06-06-19-19-11.074155,331,False
2020-06-06-19-19-11.086431,331,False
2020-06-06-19-19-11.099221,299,False
2020-06-06-19-19-11.110309,292,False
2020-06-06-19-19-11.121063,292,False
2020-06-06-19-19-11.133664,302,False
2020-06-06-19-19-11.144047,302,False
2020-06-06-19-19-11.155286,302,False
2020-06-06-19-19-11.167507,302,False
2020-06-06-19-19-11.178487,302,False
2020-06-06-19-19-11.191150,302,False
2020-06-06-19-19-11.204016,302,False
2020-06-06-19-19-11.215807,302,False
2020-06-06-19-19-11.228185,302,False
2020-06-06-19-19-11.240139,302,False
2020-06-06-19-19-11.252740,302,False
2020-06-06-19-19-11.265254,302,False
2020-06-06-19-19-11.277545,302,False
2020-06-06-19-19-11.289252,302,False
2020-06-06-19-19-11.301659,322,False
2020-06-06-19-19-11.313061,322,False
2020-06-06-19-19-11.324773,322,False
2020-06-06-19-19-11.336530,322,False
2020-06-06-19-19-11.349123,322,False
2020-06-06-19-19-11.359543,322,False
2020-06-06-19-19-11.371061,322,False
2020-06-06-19-19-11.383670,322,False
2020-06-06-19-19-11.394373,322,False
2020-06-06-19-19-11.407053,322,False
2020-06-06-19-19-11.418921,322,False
2020-06-06-19-19-11.430589,322,False
2020-06-06-19-19-11.441460,322,False
2020-06-06-19-19-11.451939,322,False
2020-06-06-19-19-11.463709,322,False
2020-06-06-19-19-11.473956,322,False
2020-06-06-19-19-11.484533,322,False
2020-06-06-19-19-11.495894,322,False
2020-06-06-19-19-11.508071,322,False
2020-06-06-19-19-11.519424,322,False
2020-06-06-19-19-11.530754,322,False
2020-06-06-19-19-11.541760,322,False
2020-06-06-19-19-11.552616,322,False
2020-06-06-19-19-11.562927,322,False
2020-06-06-19-19-11.573193,322,False
2020-06-06-19-19-11.583947,313,False
2020-06-06-19-19-11.594457,313,False
2020-06-06-19-19-11.607199,313,False
2020-06-06-19-19-11.617718,313,False
2020-06-06-19-19-11.630324,313,False
2020-06-06-19-19-11.641170,313,False
2020-06-06-19-19-11.653388,313,False
2020-06-06-19-19-11.665818,313,False
2020-06-06-19-19-11.677967,313,False
2020-06-06-19-19-11.691217,313,False
2020-06-06-19-19-11.704073,278,False
2020-06-06-19-19-11.716971,278,False
2020-06-06-19-19-11.728153,278,False
2020-06-06-19-19-11.738997,278,False
2020-06-06-19-19-11.751440,278,False
2020-06-06-19-19-11.764161,278,False
2020-06-06-19-19-11.775811,278,False
2020-06-06-19-19-11.788675,278,False
2020-06-06-19-19-11.801029,278,False
2020-06-06-19-19-11.811418,278,False
2020-06-06-19-19-11.822262,278,False
2020-06-06-19-19-11.833711,278,False
2020-06-06-19-19-11.844857,273,True
2020-06-06-19-19-11.856016,273,True
2020-06-06-19-19-11.868198,273,True
2020-06-06-19-19-11.878372,273,True
2020-06-06-19-19-11.890525,273,True
2020-06-06-19-19-11.901643,273,True
2020-06-06-19-19-11.913564,297,True
2020-06-06-19-19-11.926398,297,True
2020-06-06-19-19-11.938832,297,True
2020-06-06-19-19-11.951451,297,True
2020-06-06-19-19-11.962340,317,True
2020-06-06-19-19-11.975047,317,True
2020-06-06-19-19-11.987044,317,True
2020-06-06-19-19-11.999084,317,True
2020-06-06-19-19-12.010660,317,True
2020-06-06-19-19-12.021882,317,True
2020-06-06-19-19-12.033734,317,True
2020-06-06-19-19-12.044994,317,True
2020-06-06-19-19-12.056106,317,True
2020-06-06-19-19-12.068221,317,True
2020-06-06-19-19-12.080309,317,True
2020-06-06-19-19-12.092748,317,True
2020-06-06-19-19-12.104563,317,True
2020-06-06-19-19-12.116928,317,True
2020-06-06-19-19-12.128241,554,True
2020-06-06-19-19-12.140231,778,True
2020-06-06-19-19-12.150653,778,True
2020-06-06-19-19-12.163054,778,True
2020-06-06-19-19-12.174131,955,True
2020-06-06-19-19-12.184976,955,True
2020-06-06-19-19-12.195462,955,True
2020-06-06-19-19-12.208174,1036,True
2020-06-06-19-19-12.218358,1360,True
2020-06-06-19-19-12.230508,1360,True
2020-06-06-19-19-12.241380,1360,True
2020-06-06-19-19-12.252741,1360,True
2020-06-06-19-19-12.264615,1360,True
2020-06-06-19-19-12.277316,1360,True
2020-06-06-19-19-12.290090,1360,True
2020-06-06-19-19-12.302368,1360,True
2020-06-06-19-19-12.313778,1360,True
2020-06-06-19-19-12.323854,1360,True
2020-06-06-19-19-12.336529,1360,True
2020-06-06-19-19-12.348183,1360,True
2020-06-06-19-19-12.358474,1360,True
2020-06-06-19-19-12.371120,1360,True
2020-06-06-19-19-12.383805,1360,True
2020-06-06-19-19-12.395225,1360,True
2020-06-06-19-19-12.406438,1360,True
2020-06-06-19-19-12.417429,1360,True
2020-06-06-19-19-12.429832,1360,True
2020-06-06-19-19-12.442511,1360,True
2020-06-06-19-19-12.452888,1360,True
2020-06-06-19-19-12.463972,1360,True
2020-06-06-19-19-12.474834,1360,True
2020-06-06-19-19-12.485887,1360,True
2020-06-06-19-19-12.497904,1360,True
2020-06-06-19-19-12.510494,1360,True
2020-06-06-19-19-12.521146,1360,True
2020-06-06-19-19-12.533679,1360,True
2020-06-06-19-19-12.545237,1360,True
2020-06-06-19-19-12.556964,1360,True
2020-06-06-19-19-12.568232,989,True
2020-06-06-19-19-12.579824,1040,True
2020-06-06-19-19-12.590911,1040,True
2020-06-06-19-19-12.602901,1040,True
2020-06-06-19-19-12.613496,1067,True
2020-06-06-19-19-12.625166,1078,True
2020-06-06-19-19-12.637845,1078,True
2020-06-06-19-19-12.651273,1058,True
2020-06-06-19-19-12.662138,1058,False
2020-06-06-19-19-12.672451,1058,False
2020-06-06-19-19-12.684266,1058,False
2020-06-06-19-19-12.694491,1058,False
2020-06-06-19-19-12.705268,1058,False
2020-06-06-19-19-12.716209,720,False
2020-06-06-19-19-12.728210,720,False
2020-06-06-19-19-12.738937,720,False
2020-06-06-19-19-12.752148,720,False
2020-06-06-19-19-12.764016,720,False
2020-06-06-19-19-12.774182,720,False
2020-06-06-19-19-12.784791,720,False
2020-06-06-19-19-12.796055,516,False
2020-06-06-19-19-12.808250,441,False
2020-06-06-19-19-12.820640,441,False
2020-06-06-19-19-12.831539,441,False
2020-06-06-19-19-12.844216,441,False
2020-06-06-19-19-12.854775,441,False
2020-06-06-19-19-12.864905,441,False
2020-06-06-19-19-12.876785,441,False
2020-06-06-19-19-12.888143,441,False
2020-06-06-19-19-12.898929,441,False
2020-06-06-19-19-12.911460,468,False
2020-06-06-19-19-12.921797,488,False
2020-06-06-19-19-12.933735,488,False
2020-06-06-19-19-12.945959,488,False
2020-06-06-19-19-12.957879,488,False
2020-06-06-19-19-12.970384,488,False
2020-06-06-19-19-12.980943,488,False
2020-06-06-19-19-12.992124,488,False
2020-06-06-19-19-13.004838,488,False
2020-06-06-19-19-13.015928,488,False
2020-06-06-19-19-13.028152,488,False
2020-06-06-19-19-13.039265,488,False
2020-06-06-19-19-13.050591,488,False
2020-06-06-19-19-13.061378,488,False
2020-06-06-19-19-13.073006,435,False
2020-06-06-19-19-13.085431,429,False
2020-06-06-19-19-13.096468,429,False
2020-06-06-19-19-13.108258,429,False
2020-06-06-19-19-13.120238,308,False
2020-06-06-19-19-13.132655,308,False
2020-06-06-19-19-13.143636,308,False
2020-06-06-19-19-13.154761,294,False
2020-06-06-19-19-13.165575,294,False
2020-06-06-19-19-13.176641,294,False
2020-06-06-19-19-13.188146,294,False
2020-06-06-19-19-13.199786,294,False
2020-06-06-19-19-13.210708,294,False
2020-06-06-19-19-13.221128,294,False
2020-06-06-19-19-13.233754,294,False
2020-06-06-19-19-13.244012,294,False
2020-06-06-19-19-13.254707,325,False
2020-06-06-19-19-13.266109,325,False
2020-06-06-19-19-13.277579,325,False
2020-06-06-19-19-13.290616,325,False
2020-06-06-19-19-13.303196,325,False
2020-06-06-19-19-13.314466,325,False
2020-06-06-19-19-13.325551,325,False
2020-06-06-19-19-13.337445,325,False
2020-06-06-19-19-13.348421,325,False
2020-06-06-19-19-13.359136,325,False
2020-06-06-19-19-13.371135,325,False
2020-06-06-19-19-13.383719,325,False
2020-06-06-19-19-13.394275,325,False
2020-06-06-19-19-13.404717,325,False
2020-06-06-19-19-13.414858,325,False
2020-06-06-19-19-13.425008,325,False
2020-06-06-19-19-13.436602,325,False
2020-06-06-19-19-13.448203,325,False
2020-06-06-19-19-13.458363,325,False
2020-06-06-19-19-13.470370,325,False
2020-06-06-19-19-13.480908,325,False
2020-06-06-19-19-13.491899,325,False
2020-06-06-19-19-13.504339,325,False
2020-06-06-19-19-13.516490,317,False
2020-06-06-19-19-13.529011,317,False
2020-06-06-19-19-13.540957,317,False
2020-06-06-19-19-13.553508,317,False
2020-06-06-19-19-13.565093,317,False
2020-06-06-19-19-13.577608,317,False
2020-06-06-19-19-13.589190,317,False
2020-06-06-19-19-13.600694,317,False
2020-06-06-19-19-13.610780,317,False
2020-06-06-19-19-13.621142,317,False
2020-06-06-19-19-13.633761,317,False
2020-06-06-19-19-13.645367,317,False
2020-06-06-19-19-13.655509,317,False
2020-06-06-19-19-13.667946,317,False
2020-06-06-19-19-13.680304,278,False
2020-06-06-19-19-13.691733,278,False
2020-06-06-19-19-13.703482,278,False
2020-06-06-19-19-13.714072,278,False
2020-06-06-19-19-13.725688,278,False
2020-06-06-19-19-13.737307,278,False
2020-06-06-19-19-13.748226,278,False
2020-06-06-19-19-13.760037,278,False
2020-06-06-19-19-13.771132,278,False
2020-06-06-19-19-13.783742,278,False
2020-06-06-19-19-13.794346,278,False
2020-06-06-19-19-13.805402,278,False
2020-06-06-19-19-13.816792,278,False
2020-06-06-19-19-13.828154,304,False
2020-06-06-19-19-13.839402,304,False
2020-06-06-19-19-13.850544,304,False
2020-06-06-19-19-13.863048,304,False
2020-06-06-19-19-13.875234,304,False
2020-06-06-19-19-13.886423,304,False
2020-06-06-19-19-13.898771,304,False
2020-06-06-19-19-13.910958,304,False
2020-06-06-19-19-13.921760,304,False
2020-06-06-19-19-13.933934,304,False
2020-06-06-19-19-13.946051,304,False
2020-06-06-19-19-13.957637,304,False
2020-06-06-19-19-13.969274,329,False
2020-06-06-19-19-13.980375,329,False
2020-06-06-19-19-13.990622,329,False
2020-06-06-19-19-14.000826,329,False
2020-06-06-19-19-14.011148,329,False
2020-06-06-19-19-14.021255,329,False
2020-06-06-19-19-14.033759,329,False
2020-06-06-19-19-14.045691,329,False
2020-06-06-19-19-14.057628,329,False
2020-06-06-19-19-14.069360,329,False
2020-06-06-19-19-14.080978,329,False
2020-06-06-19-19-14.092802,329,False
2020-06-06-19-19-14.103504,329,False
2020-06-06-19-19-14.115761,329,False
2020-06-06-19-19-14.128259,329,False
2020-06-06-19-19-14.139858,329,False
2020-06-06-19-19-14.150746,329,False
2020-06-06-19-19-14.160984,329,False
2020-06-06-19-19-14.171353,329,False
2020-06-06-19-19-14.183772,329,False
2020-06-06-19-19-14.196507,329,False
2020-06-06-19-19-14.206817,329,False
2020-06-06-19-19-14.217530,329,False
2020-06-06-19-19-14.228675,287,False
2020-06-06-19-19-14.240993,287,False
2020-06-06-19-19-14.251252,287,False
2020-06-06-19-19-14.263017,287,False
2020-06-06-19-19-14.273657,287,False
2020-06-06-19-19-14.283790,287,False
2020-06-06-19-19-14.295594,287,False
2020-06-06-19-19-14.308242,287,False
2020-06-06-19-19-14.319311,287,False
2020-06-06-19-19-14.330550,287,False
2020-06-06-19-19-14.341799,287,False
2020-06-06-19-19-14.353689,287,False
2020-06-06-19-19-14.364583,287,False
2020-06-06-19-19-14.375594,287,False
2020-06-06-19-19-14.388177,272,False
2020-06-06-19-19-14.400101,272,False
2020-06-06-19-19-14.411075,272,False
2020-06-06-19-19-14.423651,272,False
2020-06-06-19-19-14.435124,272,False
2020-06-06-19-19-14.446271,272,False
2020-06-06-19-19-14.457115,272,False
2020-06-06-19-19-14.468281,272,False
2020-06-06-19-19-14.480362,272,False
2020-06-06-19-19-14.490673,285,False
2020-06-06-19-19-14.503278,285,False
2020-06-06-19-19-14.513766,285,False
2020-06-06-19-19-14.526376,285,False
2020-06-06-19-19-14.537748,285,False
2020-06-06-19-19-14.549870,285,False
2020-06-06-19-19-14.560639,285,False
2020-06-06-19-19-14.572077,285,False
2020-06-06-19-19-14.583740,285,False
2020-06-06-19-19-14.594225,285,False
2020-06-06-19-19-14.605221,285,False
2020-06-06-19-19-14.616688,285,False
2020-06-06-19-19-14.628287,285,False
2020-06-06-19-19-14.639037,285,False
2020-06-06-19-19-14.650655,285,False
2020-06-06-19-19-14.660946,285,False
2020-06-06-19-19-14.673431,285,False
2020-06-06-19-19-14.683791,285,False
2020-06-06-19-19-14.694044,285,False
2020-06-06-19-19-14.704432,285,False
2020-06-06-19-19-14.715965,285,False
2020-06-06-19-19-14.728207,285,False
2020-06-06-19-19-14.738898,285,False
2020-06-06-19-19-14.750424,267,False
2020-06-06-19-19-14.761208,267,False
2020-06-06-19-19-14.771456,267,False
2020-06-06-19-19-14.783720,267,False
2020-06-06-19-19-14.793854,267,False
2020-06-06-19-19-14.805241,267,False
2020-06-06-19-19-14.816469,267,False
2020-06-06-19-19-14.828256,267,False
2020-06-06-19-19-14.840177,267,False
2020-06-06-19-19-14.850574,267,False
2020-06-06-19-19-14.861493,267,False
2020-06-06-19-19-14.874141,267,False
2020-06-06-19-19-14.885017,267,False
2020-06-06-19-19-14.895535,267,False
2020-06-06-19-19-14.906564,285,False
2020-06-06-19-19-14.917232,285,False
2020-06-06-19-19-14.928549,285,False
2020-06-06-19-19-14.939928,285,False
2020-06-06-19-19-14.951592,285,False
2020-06-06-19-19-14.962905,285,False
2020-06-06-19-19-14.973666,285,False
2020-06-06-19-19-14.985444,285,False
2020-06-06-19-19-14.996401,285,False
2020-06-06-19-19-15.009447,285,False
2020-06-06-19-19-15.021285,285,False
2020-06-06-19-19-15.033861,285,False
2020-06-06-19-19-15.044049,285,False
2020-06-06-19-19-15.055645,285,False
2020-06-06-19-19-15.068013,285,False
2020-06-06-19-19-15.080212,285,False
2020-06-06-19-19-15.090852,290,False
2020-06-06-19-19-15.102426,290,False
2020-06-06-19-19-15.112862,290,False
2020-06-06-19-19-15.123826,290,False
2020-06-06-19-19-15.134152,290,False
2020-06-06-19-19-15.145539,290,False
2020-06-06-19-19-15.158019,290,False
2020-06-06-19-19-15.170566,290,False
2020-06-06-19-19-15.182695,290,False
2020-06-06-19-19-15.194596,290,False
2020-06-06-19-19-15.207293,290,False
2020-06-06-19-19-15.218727,290,False
2020-06-06-19-19-15.230971,290,False
2020-06-06-19-19-15.242327,290,False
2020-06-06-19-19-15.254301,290,False
2020-06-06-19-19-15.265343,290,False
2020-06-06-19-19-15.276566,290,False
2020-06-06-19-19-15.288251,290,False
2020-06-06-19-19-15.299863,290,False
2020-06-06-19-19-15.310331,290,False
2020-06-06-19-19-15.321906,290,False
2020-06-06-19-19-15.333777,290,False
2020-06-06-19-19-15.344982,290,False
2020-06-06-19-19-15.355801,269,False
2020-06-06-19-19-15.368212,269,False
2020-06-06-19-19-15.378335,269,False
2020-06-06-19-19-15.390507,269,False
2020-06-06-19-19-15.402336,269,False
2020-06-06-19-19-15.413443,269,False
2020-06-06-19-19-15.424671,307,False
2020-06-06-19-19-15.436008,307,False
2020-06-06-19-19-15.451065,307,False
2020-06-06-19-19-15.462511,307,False
2020-06-06-19-19-15.474169,307,False
2020-06-06-19-19-15.484473,307,False
2020-06-06-19-19-15.495502,307,False
2020-06-06-19-19-15.507214,307,False
2020-06-06-19-19-15.518542,307,False
2020-06-06-19-19-15.530813,307,False
2020-06-06-19-19-15.541527,307,False
2020-06-06-19-19-15.553438,307,False
2020-06-06-19-19-15.565763,307,False
2020-06-06-19-19-15.577547,307,False
2020-06-06-19-19-15.589132,307,False
2020-06-06-19-19-15.601369,307,False
2020-06-06-19-19-15.612509,307,False
2020-06-06-19-19-15.623650,307,False
2020-06-06-19-19-15.636444,307,False
2020-06-06-19-19-15.648213,307,False
2020-06-06-19-19-15.658511,307,False
2020-06-06-19-19-15.670485,307,False
2020-06-06-19-19-15.681418,307,False
2020-06-06-19-19-15.693580,307,False
2020-06-06-19-19-15.705145,294,False
2020-06-06-19-19-15.716952,294,False
2020-06-06-19-19-15.728416,294,False
2020-06-06-19-19-15.739762,294,False
2020-06-06-19-19-15.751525,294,False
2020-06-06-19-19-15.762375,294,False
2020-06-06-19-19-15.773160,294,False
2020-06-06-19-19-15.783776,294,False
2020-06-06-19-19-15.794995,294,False
2020-06-06-19-19-15.806957,294,False
2020-06-06-19-19-15.817582,294,False
2020-06-06-19-19-15.829065,294,False
2020-06-06-19-19-15.841792,294,False
2020-06-06-19-19-15.853088,294,False
2020-06-06-19-19-15.865223,256,False
2020-06-06-19-19-15.877625,256,False
2020-06-06-19-19-15.888953,256,False
2020-06-06-19-19-15.901166,256,False
2020-06-06-19-19-15.911837,256,False
2020-06-06-19-19-15.922602,256,False
2020-06-06-19-19-15.934240,256,False
2020-06-06-19-19-15.945579,272,False
2020-06-06-19-19-15.955841,272,False
2020-06-06-19-19-15.968303,272,False
2020-06-06-19-19-15.980461,300,False
2020-06-06-19-19-15.992563,300,False
2020-06-06-19-19-16.005273,300,False
2020-06-06-19-19-16.016489,300,False
2020-06-06-19-19-16.028267,300,False
2020-06-06-19-19-16.040091,300,False
2020-06-06-19-19-16.050959,300,False
2020-06-06-19-19-16.062039,300,False
2020-06-06-19-19-16.074235,300,False
2020-06-06-19-19-16.085422,300,False
2020-06-06-19-19-16.095631,300,False
2020-06-06-19-19-16.108327,300,False
2020-06-06-19-19-16.119422,300,False
2020-06-06-19-19-16.130555,303,False
2020-06-06-19-19-16.142272,303,False
2020-06-06-19-19-16.153668,303,False
2020-06-06-19-19-16.165153,303,False
2020-06-06-19-19-16.177757,303,False
2020-06-06-19-19-16.189123,303,False
2020-06-06-19-19-16.199627,303,False
2020-06-06-19-19-16.210473,303,False
2020-06-06-19-19-16.221258,303,False
2020-06-06-19-19-16.233821,303,False
2020-06-06-19-19-16.246492,303,False
2020-06-06-19-19-16.257179,303,False
2020-06-06-19-19-16.268316,303,False
2020-06-06-19-19-16.280481,303,False
2020-06-06-19-19-16.291997,303,False
2020-06-06-19-19-16.302575,303,False
2020-06-06-19-19-16.314030,303,False
2020-06-06-19-19-16.325723,303,False
2020-06-06-19-19-16.337577,303,False
2020-06-06-19-19-16.348327,303,False
2020-06-06-19-19-16.360912,303,False
2020-06-06-19-19-16.371365,303,False
2020-06-06-19-19-16.383791,303,False
2020-06-06-19-19-16.394255,303,False
2020-06-06-19-19-16.405919,291,False
2020-06-06-19-19-16.416311,291,False
2020-06-06-19-19-16.428887,291,False
2020-06-06-19-19-16.440548,291,False
2020-06-06-19-19-16.452626,314,False
2020-06-06-19-19-16.463318,314,True
2020-06-06-19-19-16.474076,314,True
2020-06-06-19-19-16.484475,314,True
2020-06-06-19-19-16.494558,314,True
2020-06-06-19-19-16.504780,314,True
2020-06-06-19-19-16.515061,314,True
2020-06-06-19-19-16.526740,314,True
2020-06-06-19-19-16.539418,314,True
2020-06-06-19-19-16.551259,314,True
2020-06-06-19-19-16.563468,314,True
2020-06-06-19-19-16.574000,314,True
2020-06-06-19-19-16.584344,314,True
2020-06-06-19-19-16.595816,314,True
2020-06-06-19-19-16.608306,314,True
2020-06-06-19-19-16.619656,314,True
2020-06-06-19-19-16.630493,314,True
2020-06-06-19-19-16.642228,314,True
2020-06-06-19-19-16.654418,314,True
2020-06-06-19-19-16.665387,314,True
2020-06-06-19-19-16.676089,314,True
2020-06-06-19-19-16.691164,425,True
2020-06-06-19-19-16.701323,425,True
2020-06-06-19-19-16.713707,425,True
2020-06-06-19-19-16.724190,1267,True
2020-06-06-19-19-16.735070,1267,True
2020-06-06-19-19-16.747750,1267,True
2020-06-06-19-19-16.758283,1267,True
2020-06-06-19-19-16.770511,1267,True
2020-06-06-19-19-16.783259,1267,True
2020-06-06-19-19-16.794261,1292,True
2020-06-06-19-19-16.805163,3186,True
2020-06-06-19-19-16.816127,3186,True
2020-06-06-19-19-16.826304,3186,True
2020-06-06-19-19-16.837793,3186,True
2020-06-06-19-19-16.849257,3186,True
2020-06-06-19-19-16.860583,3186,True
2020-06-06-19-19-16.871241,3186,True
2020-06-06-19-19-16.883871,3186,True
2020-06-06-19-19-16.896628,3186,True
2020-06-06-19-19-16.908347,3186,True
2020-06-06-19-19-16.918690,3186,True
2020-06-06-19-19-16.930895,3186,True
2020-06-06-19-19-16.943603,3186,True
2020-06-06-19-19-16.954017,3186,True
2020-06-06-19-19-16.967417,3186,True
2020-06-06-19-19-16.980458,3186,True
2020-06-06-19-19-16.992547,3186,True
2020-06-06-19-19-17.004427,3186,True
2020-06-06-19-19-17.016788,3186,True
2020-06-06-19-19-17.028773,3186,True
2020-06-06-19-19-17.039034,3186,True
2020-06-06-19-19-17.050833,3186,True
2020-06-06-19-19-17.061866,3186,True
2020-06-06-19-19-17.074219,3186,True
2020-06-06-19-19-17.084754,3186,True
2020-06-06-19-19-17.094869,3186,True
2020-06-06-19-19-17.105537,3290,True
2020-06-06-19-19-17.117082,3290,True
2020-06-06-19-19-17.129606,3290,True
2020-06-06-19-19-17.141811,3290,True
2020-06-06-19-19-17.152421,3290,True
2020-06-06-19-19-17.163523,3290,True
2020-06-06-19-19-17.173988,3290,True
2020-06-06-19-19-17.184825,3290,True
2020-06-06-19-19-17.195060,3290,True
2020-06-06-19-19-17.206586,3290,True
2020-06-06-19-19-17.216792,3290,True
2020-06-06-19-19-17.228298,2875,True
2020-06-06-19-19-17.239690,2875,True
2020-06-06-19-19-17.250502,2875,True
2020-06-06-19-19-17.263286,2875,False
2020-06-06-19-19-17.273486,2875,False
2020-06-06-19-19-17.283868,2875,False
2020-06-06-19-19-17.294495,1676,False
2020-06-06-19-19-17.306603,1676,False
2020-06-06-19-19-17.318088,1676,False
2020-06-06-19-19-17.330718,1676,False
2020-06-06-19-19-17.341613,1574,False
2020-06-06-19-19-17.354331,1574,False
2020-06-06-19-19-17.366190,1574,False
2020-06-06-19-19-17.377336,1287,False
2020-06-06-19-19-17.388951,1287,False
2020-06-06-19-19-17.400999,1287,False
2020-06-06-19-19-17.412157,1056,False
2020-06-06-19-19-17.422522,1056,False
2020-06-06-19-19-17.434057,1074,False
2020-06-06-19-19-17.446020,1089,False
2020-06-06-19-19-17.456531,1089,False
2020-06-06-19-19-17.468309,1089,False
2020-06-06-19-19-17.480899,1146,False
2020-06-06-19-19-17.490998,1146,False
2020-06-06-19-19-17.501682,1146,False
2020-06-06-19-19-17.514398,1146,False
2020-06-06-19-19-17.525237,1211,False
2020-06-06-19-19-17.535783,1211,False
2020-06-06-19-19-17.548399,1211,False
2020-06-06-19-19-17.560693,1306,False
2020-06-06-19-19-17.571566,893,False
2020-06-06-19-19-17.583830,893,False
2020-06-06-19-19-17.595488,946,False
2020-06-06-19-19-17.606579,799,False
2020-06-06-19-19-17.618762,704,False
2020-06-06-19-19-17.630618,704,False
2020-06-06-19-19-17.641016,704,False
2020-06-06-19-19-17.652067,512,False
2020-06-06-19-19-17.663757,512,False
2020-06-06-19-19-17.675165,512,False
2020-06-06-19-19-17.687763,379,False
2020-06-06-19-19-17.699474,379,False
2020-06-06-19-19-17.710618,379,False
2020-06-06-19-19-17.721456,379,False
2020-06-06-19-19-17.733835,379,False
2020-06-06-19-19-17.745083,379,False
2020-06-06-19-19-17.755465,379,False
2020-06-06-19-19-17.766107,379,False
2020-06-06-19-19-17.776965,379,False
2020-06-06-19-19-17.788396,379,False
2020-06-06-19-19-17.799658,379,False
2020-06-06-19-19-17.810766,379,False
2020-06-06-19-19-17.822235,339,False
2020-06-06-19-19-17.833940,324,False
2020-06-06-19-19-17.844535,324,False
2020-06-06-19-19-17.856613,324,False
2020-06-06-19-19-17.868394,319,False
2020-06-06-19-19-17.878962,319,False
2020-06-06-19-19-17.890512,319,False
2020-06-06-19-19-17.902075,319,False
2020-06-06-19-19-17.914034,319,False
2020-06-06-19-19-17.924422,319,False
2020-06-06-19-19-17.937045,343,False
2020-06-06-19-19-17.948687,343,False
2020-06-06-19-19-17.959854,343,False
2020-06-06-19-19-17.972015,351,False
2020-06-06-19-19-17.983885,351,False
2020-06-06-19-19-17.994617,351,False
2020-06-06-19-19-18.005715,351,False
2020-06-06-19-19-18.017576,351,False
2020-06-06-19-19-18.028409,351,False
2020-06-06-19-19-18.039925,351,False
2020-06-06-19-19-18.051307,351,False
2020-06-06-19-19-18.064149,351,False
2020-06-06-19-19-18.074290,351,False
2020-06-06-19-19-18.084976,351,False
2020-06-06-19-19-18.096616,351,False
2020-06-06-19-19-18.108306,351,False
2020-06-06-19-19-18.119089,356,False
2020-06-06-19-19-18.130788,356,False
2020-06-06-19-19-18.142886,356,False
2020-06-06-19-19-18.155376,356,False
2020-06-06-19-19-18.166317,356,False
2020-06-06-19-19-18.177457,356,False
2020-06-06-19-19-18.188408,356,False
2020-06-06-19-19-18.200994,356,False
2020-06-06-19-19-18.211913,356,False
2020-06-06-19-19-18.223657,356,False
2020-06-06-19-19-18.235313,356,False
2020-06-06-19-19-18.247525,356,False
2020-06-06-19-19-18.259406,356,False
2020-06-06-19-19-18.271458,356,False
2020-06-06-19-19-18.283853,356,False
2020-06-06-19-19-18.295410,356,False
2020-06-06-19-19-18.307326,356,False
2020-06-06-19-19-18.317494,356,False
2020-06-06-19-19-18.328318,356,False
2020-06-06-19-19-18.339118,356,False
2020-06-06-19-19-18.351181,356,False
2020-06-06-19-19-18.364283,356,False
2020-06-06-19-19-18.375687,307,False
2020-06-06-19-19-18.385861,307,False
2020-06-06-19-19-18.396278,307,False
2020-06-06-19-19-18.408363,307,False
2020-06-06-19-19-18.419606,307,False
2020-06-06-19-19-18.430597,307,False
2020-06-06-19-19-18.441513,307,False
2020-06-06-19-19-18.451848,307,False
2020-06-06-19-19-18.464527,307,False
2020-06-06-19-19-18.476766,307,False
2020-06-06-19-19-18.488306,307,False
2020-06-06-19-19-18.499371,307,False
2020-06-06-19-19-18.510845,307,False
2020-06-06-19-19-18.521395,307,False
2020-06-06-19-19-18.533938,307,False
2020-06-06-19-19-18.546053,307,False
2020-06-06-19-19-18.556452,307,False
2020-06-06-19-19-18.568309,302,False
2020-06-06-19-19-18.579045,302,False
2020-06-06-19-19-18.591254,304,False
2020-06-06-19-19-18.602319,304,False
2020-06-06-19-19-18.614300,304,False
2020-06-06-19-19-18.625744,304,False
2020-06-06-19-19-18.637393,304,False
2020-06-06-19-19-18.648873,304,False
2020-06-06-19-19-18.659980,304,False
2020-06-06-19-19-18.671393,304,False
2020-06-06-19-19-18.684048,304,False
2020-06-06-19-19-18.694648,304,False
2020-06-06-19-19-18.705981,304,False
2020-06-06-19-19-18.716162,304,False
2020-06-06-19-19-18.728309,304,False
2020-06-06-19-19-18.738999,304,False
2020-06-06-19-19-18.750910,304,False
2020-06-06-19-19-18.763657,304,False
2020-06-06-19-19-18.774852,304,False
2020-06-06-19-19-18.787820,304,False
2020-06-06-19-19-18.800313,304,False
2020-06-06-19-19-18.810964,304,False
2020-06-06-19-19-18.821398,304,False
2020-06-06-19-19-18.834023,304,False
2020-06-06-19-19-18.844798,304,False
2020-06-06-19-19-18.855149,304,False
2020-06-06-19-19-18.866360,304,False
2020-06-06-19-19-18.877917,343,False
2020-06-06-19-19-18.889514,343,False
2020-06-06-19-19-18.899944,343,False
2020-06-06-19-19-18.910672,343,False
2020-06-06-19-19-18.922784,343,False
2020-06-06-19-19-18.933922,343,False
2020-06-06-19-19-18.945262,343,False
2020-06-06-19-19-18.955585,343,False
2020-06-06-19-19-18.966664,343,False
2020-06-06-19-19-18.979033,343,False
2020-06-06-19-19-18.990567,335,False
2020-06-06-19-19-19.001058,335,False
2020-06-06-19-19-19.012276,335,False
2020-06-06-19-19-19.023672,335,False
2020-06-06-19-19-19.034121,335,False
2020-06-06-19-19-19.046617,335,False
2020-06-06-19-19-19.058149,335,False
2020-06-06-19-19-19.070635,333,False
2020-06-06-19-19-19.082125,333,False
2020-06-06-19-19-19.092562,365,False
2020-06-06-19-19-19.105192,365,False
2020-06-06-19-19-19.116636,365,False
2020-06-06-19-19-19.128334,365,False
2020-06-06-19-19-19.141019,365,False
2020-06-06-19-19-19.151960,365,False
2020-06-06-19-19-19.162180,365,False
2020-06-06-19-19-19.174155,365,False
2020-06-06-19-19-19.184933,365,False
2020-06-06-19-19-19.196743,365,False
2020-06-06-19-19-19.208605,391,False
2020-06-06-19-19-19.219631,391,False
2020-06-06-19-19-19.231019,391,False
2020-06-06-19-19-19.242761,391,False
2020-06-06-19-19-19.253861,391,False
2020-06-06-19-19-19.264737,391,False
2020-06-06-19-19-19.275261,391,False
2020-06-06-19-19-19.285591,391,False
2020-06-06-19-19-19.297022,391,False
2020-06-06-19-19-19.308423,391,False
2020-06-06-19-19-19.318953,391,False
2020-06-06-19-19-19.330664,391,False
2020-06-06-19-19-19.340913,391,False
2020-06-06-19-19-19.353549,391,False
2020-06-06-19-19-19.366243,417,False
2020-06-06-19-19-19.377455,417,False
2020-06-06-19-19-19.391885,583,False
2020-06-06-19-19-19.404604,583,False
2020-06-06-19-19-19.416285,583,False
2020-06-06-19-19-19.428416,583,False
2020-06-06-19-19-19.440296,583,False
2020-06-06-19-19-19.451633,583,False
2020-06-06-19-19-19.464384,583,False
2020-06-06-19-19-19.475221,583,False
2020-06-06-19-19-19.485358,583,False
2020-06-06-19-19-19.496110,583,False
2020-06-06-19-19-19.508452,583,False
2020-06-06-19-19-19.519621,583,False
2020-06-06-19-19-19.530754,583,False
2020-06-06-19-19-19.543457,583,False
2020-06-06-19-19-19.555242,583,False
2020-06-06-19-19-19.566694,583,False
2020-06-06-19-19-19.577209,583,False
2020-06-06-19-19-19.587327,583,False
2020-06-06-19-19-19.598774,583,False
2020-06-06-19-19-19.610704,583,False
2020-06-06-19-19-19.621447,583,False
2020-06-06-19-19-19.633902,583,False
2020-06-06-19-19-19.646096,583,False
2020-06-06-19-19-19.657595,583,False
2020-06-06-19-19-19.668915,583,False
2020-06-06-19-19-19.681004,574,False
2020-06-06-19-19-19.691986,574,False
2020-06-06-19-19-19.702255,574,False
2020-06-06-19-19-19.713907,574,False
2020-06-06-19-19-19.724199,574,False
2020-06-06-19-19-19.734522,574,False
2020-06-06-19-19-19.746662,574,False
2020-06-06-19-19-19.759055,574,False
2020-06-06-19-19-19.771348,574,False
2020-06-06-19-19-19.783927,574,False
2020-06-06-19-19-19.795527,456,False
2020-06-06-19-19-19.807927,456,False
2020-06-06-19-19-19.818489,456,False
2020-06-06-19-19-19.830665,421,False
2020-06-06-19-19-19.841567,375,False
2020-06-06-19-19-19.852039,375,False
2020-06-06-19-19-19.862502,312,False
2020-06-06-19-19-19.874588,304,False
2020-06-06-19-19-19.886664,304,False
2020-06-06-19-19-19.897368,304,False
2020-06-06-19-19-19.908506,304,False
2020-06-06-19-19-19.919414,304,False
2020-06-06-19-19-19.931050,304,False
2020-06-06-19-19-19.943769,304,False
2020-06-06-19-19-19.955363,304,False
2020-06-06-19-19-19.966802,304,False
2020-06-06-19-19-19.977722,304,False
2020-06-06-19-19-19.989388,304,False
2020-06-06-19-19-19.999826,311,False
2020-06-06-19-19-20.010618,290,False
2020-06-06-19-19-20.021393,290,False
2020-06-06-19-19-20.033919,290,False
2020-06-06-19-19-20.045267,290,False
2020-06-06-19-19-20.056853,290,False
2020-06-06-19-19-20.068368,290,False
2020-06-06-19-19-20.079109,290,False
2020-06-06-19-19-20.091152,290,False
2020-06-06-19-19-20.101371,290,False
2020-06-06-19-19-20.112659,290,False
2020-06-06-19-19-20.123544,309,False
2020-06-06-19-19-20.133915,309,False
2020-06-06-19-19-20.145298,309,False
2020-06-06-19-19-20.157195,309,False
2020-06-06-19-19-20.169295,309,False
2020-06-06-19-19-20.180277,309,False
2020-06-06-19-19-20.191078,309,False
2020-06-06-19-19-20.201613,309,False
2020-06-06-19-19-20.212209,309,False
2020-06-06-19-19-20.224320,309,False
2020-06-06-19-19-20.234800,309,False
2020-06-06-19-19-20.246363,309,False
2020-06-06-19-19-20.257189,309,False
2020-06-06-19-19-20.268491,309,True
2020-06-06-19-19-20.279040,309,True
2020-06-06-19-19-20.290805,309,True
2020-06-06-19-19-20.301637,309,True
2020-06-06-19-19-20.312004,309,True
2020-06-06-19-19-20.322710,309,True
2020-06-06-19-19-20.333479,309,True
2020-06-06-19-19-20.345837,302,True
2020-06-06-19-19-20.356773,302,True
2020-06-06-19-19-20.368442,302,True
2020-06-06-19-19-20.379297,298,True
2020-06-06-19-19-20.389571,298,True
2020-06-06-19-19-20.399759,298,True
2020-06-06-19-19-20.410622,298,True
2020-06-06-19-19-20.422502,298,True
2020-06-06-19-19-20.433891,298,True
2020-06-06-19-19-20.446567,298,True
2020-06-06-19-19-20.457169,298,True
2020-06-06-19-19-20.468398,298,True
2020-06-06-19-19-20.481095,298,True
2020-06-06-19-19-20.491671,298,True
2020-06-06-19-19-20.502157,298,True
2020-06-06-19-19-20.512662,836,True
2020-06-06-19-19-20.524738,836,True
2020-06-06-19-19-20.535757,836,True
2020-06-06-19-19-20.546869,891,True
2020-06-06-19-19-20.557253,872,True
2020-06-06-19-19-20.568493,849,True
2020-06-06-19-19-20.579898,849,True
2020-06-06-19-19-20.591825,849,True
2020-06-06-19-19-20.602562,849,True
2020-06-06-19-19-20.613375,849,True
2020-06-06-19-19-20.625880,849,True
2020-06-06-19-19-20.636577,849,True
2020-06-06-19-19-20.648649,849,True
2020-06-06-19-19-20.660536,849,True
2020-06-06-19-19-20.671448,849,True
2020-06-06-19-19-20.682592,1209,True
2020-06-06-19-19-20.693341,1209,True
2020-06-06-19-19-20.705412,1209,True
2020-06-06-19-19-20.717354,1209,True
2020-06-06-19-19-20.731985,2035,True
2020-06-06-19-19-20.744046,2035,True
2020-06-06-19-19-20.754221,2035,True
2020-06-06-19-19-20.765871,2035,True
2020-06-06-19-19-20.777776,2134,True
2020-06-06-19-19-20.789202,2134,True
2020-06-06-19-19-20.800064,2134,True
2020-06-06-19-19-20.810629,2134,True
2020-06-06-19-19-20.822217,2134,True
2020-06-06-19-19-20.833943,2134,True
2020-06-06-19-19-20.845617,2134,True
2020-06-06-19-19-20.856332,2134,True
2020-06-06-19-19-20.868363,2134,True
2020-06-06-19-19-20.881057,2134,True
2020-06-06-19-19-20.891307,2134,True
2020-06-06-19-19-20.901425,2134,True
2020-06-06-19-19-20.913921,2134,True
2020-06-06-19-19-20.924581,2134,True
2020-06-06-19-19-20.935064,2134,True
2020-06-06-19-19-20.946445,2094,True
2020-06-06-19-19-20.956660,2094,True
2020-06-06-19-19-20.968408,2094,True
2020-06-06-19-19-20.979110,2094,True
2020-06-06-19-19-20.990974,1805,True
2020-06-06-19-19-21.003124,1805,True
2020-06-06-19-19-21.014917,1805,True
2020-06-06-19-19-21.026342,1794,True
2020-06-06-19-19-21.036638,1794,True
2020-06-06-19-19-21.048461,1794,True
2020-06-06-19-19-21.060625,1794,False
2020-06-06-19-19-21.072239,1794,False
2020-06-06-19-19-21.083992,1794,False
2020-06-06-19-19-21.094551,1794,False
2020-06-06-19-19-21.105865,1794,False
2020-06-06-19-19-21.117425,1794,False
2020-06-06-19-19-21.129775,1794,False
2020-06-06-19-19-21.141685,1794,False
2020-06-06-19-19-21.152357,1794,False
2020-06-06-19-19-21.162577,1794,False
2020-06-06-19-19-21.174771,1310,False
2020-06-06-19-19-21.187395,1310,False
2020-06-06-19-19-21.197806,1310,False
2020-06-06-19-19-21.208532,1085,False
2020-06-06-19-19-21.221395,835,False
2020-06-06-19-19-21.234329,835,False
2020-06-06-19-19-21.245872,835,False
2020-06-06-19-19-21.257527,454,False
2020-06-06-19-19-21.268467,527,False
2020-06-06-19-19-21.281169,546,False
2020-06-06-19-19-21.291657,546,False
2020-06-06-19-19-21.303317,546,False
2020-06-06-19-19-21.313572,546,False
2020-06-06-19-19-21.324614,546,False
2020-06-06-19-19-21.335920,546,False
2020-06-06-19-19-21.348487,546,False
2020-06-06-19-19-21.360959,546,False
2020-06-06-19-19-21.371758,546,False
2020-06-06-19-19-21.384120,546,False
2020-06-06-19-19-21.395754,546,False
2020-06-06-19-19-21.407415,546,False
2020-06-06-19-19-21.419354,542,False
2020-06-06-19-19-21.430888,542,False
2020-06-06-19-19-21.442496,542,False
2020-06-06-19-19-21.454119,542,False
2020-06-06-19-19-21.466225,542,False
2020-06-06-19-19-21.477252,517,False
2020-06-06-19-19-21.488456,517,False
2020-06-06-19-19-21.500168,517,False
2020-06-06-19-19-21.510682,396,False
2020-06-06-19-19-21.521429,396,False
2020-06-06-19-19-21.534222,396,False
2020-06-06-19-19-21.545786,353,False
2020-06-06-19-19-21.556428,326,False
2020-06-06-19-19-21.568410,326,False
2020-06-06-19-19-21.581103,326,False
2020-06-06-19-19-21.591346,326,False
2020-06-06-19-19-21.602686,326,False
2020-06-06-19-19-21.614515,326,False
2020-06-06-19-19-21.625187,326,False
2020-06-06-19-19-21.637566,326,False
2020-06-06-19-19-21.648505,326,False
2020-06-06-19-19-21.661126,326,False
2020-06-06-19-19-21.671447,326,False
2020-06-06-19-19-21.684027,326,False
2020-06-06-19-19-21.695907,326,False
2020-06-06-19-19-21.708510,314,False
2020-06-06-19-19-21.719301,314,False
2020-06-06-19-19-21.731352,314,False
2020-06-06-19-19-21.742575,314,False
2020-06-06-19-19-21.754122,314,False
2020-06-06-19-19-21.765976,314,False
2020-06-06-19-19-21.777899,314,False
2020-06-06-19-19-21.789473,314,False
2020-06-06-19-19-21.801602,314,False
2020-06-06-19-19-21.813267,314,False
2020-06-06-19-19-21.824730,314,False
2020-06-06-19-19-21.834828,314,False
2020-06-06-19-19-21.844908,314,False
2020-06-06-19-19-21.856814,314,False
2020-06-06-19-19-21.870598,289,False
2020-06-06-19-19-21.883305,289,False
2020-06-06-19-19-21.895255,289,False
2020-06-06-19-19-21.905579,289,False
2020-06-06-19-19-21.918124,289,False
2020-06-06-19-19-21.931091,289,False
2020-06-06-19-19-21.941246,289,False
2020-06-06-19-19-21.951899,289,False
2020-06-06-19-19-21.964546,289,False
2020-06-06-19-19-21.976391,289,False
2020-06-06-19-19-21.986496,289,False
2020-06-06-19-19-21.997759,293,False
2020-06-06-19-19-22.010732,293,False
2020-06-06-19-19-22.021442,293,False
2020-06-06-19-19-22.034029,293,False
2020-06-06-19-19-22.045489,293,False
2020-06-06-19-19-22.056028,293,False
2020-06-06-19-19-22.068441,293,False
2020-06-06-19-19-22.079809,293,False
2020-06-06-19-19-22.091114,293,False
2020-06-06-19-19-22.101720,293,False
2020-06-06-19-19-22.111861,293,False
2020-06-06-19-19-22.121981,293,False
2020-06-06-19-19-22.134047,293,False
2020-06-06-19-19-22.144270,293,False
2020-06-06-19-19-22.155485,293,False
2020-06-06-19-19-22.165824,293,False
2020-06-06-19-19-22.176721,293,False
2020-06-06-19-19-22.188819,293,False
2020-06-06-19-19-22.199783,293,False
2020-06-06-19-19-22.210506,293,False
2020-06-06-19-19-22.221516,264,False
2020-06-06-19-19-22.234063,264,False
2020-06-06-19-19-22.244353,264,False
2020-06-06-19-19-22.255084,264,False
2020-06-06-19-19-22.266662,264,False
2020-06-06-19-19-22.277151,264,False
2020-06-06-19-19-22.289548,274,False
2020-06-06-19-19-22.301231,274,False
2020-06-06-19-19-22.311560,274,False
2020-06-06-19-19-22.323124,274,False
2020-06-06-19-19-22.334110,274,False
2020-06-06-19-19-22.345353,274,False
2020-06-06-19-19-22.355940,274,False
2020-06-06-19-19-22.368480,274,False
2020-06-06-19-19-22.378829,274,False
2020-06-06-19-19-22.390808,274,False
2020-06-06-19-19-22.401994,274,False
2020-06-06-19-19-22.413759,274,False
2020-06-06-19-19-22.426277,274,False
2020-06-06-19-19-22.436975,295,False
2020-06-06-19-19-22.448584,295,False
2020-06-06-19-19-22.460192,295,False
2020-06-06-19-19-22.471419,295,False
2020-06-06-19-19-22.483978,295,False
2020-06-06-19-19-22.495050,295,False
2020-06-06-19-19-22.506246,295,False
2020-06-06-19-19-22.517865,295,False
2020-06-06-19-19-22.528699,295,False
2020-06-06-19-19-22.540044,295,False
2020-06-06-19-19-22.550920,295,False
2020-06-06-19-19-22.561856,295,False
2020-06-06-19-19-22.573542,295,False
2020-06-06-19-19-22.585017,295,False
2020-06-06-19-19-22.597140,295,False
2020-06-06-19-19-22.608457,295,False
2020-06-06-19-19-22.619793,295,False
2020-06-06-19-19-22.630980,295,False
2020-06-06-19-19-22.641648,295,False
2020-06-06-19-19-22.651738,295,False
2020-06-06-19-19-22.661889,295,False
2020-06-06-19-19-22.672737,295,False
2020-06-06-19-19-22.684022,295,False
2020-06-06-19-19-22.694193,295,False
2020-06-06-19-19-22.704835,289,False
2020-06-06-19-19-22.716017,289,False
2020-06-06-19-19-22.728418,289,False
2020-06-06-19-19-22.739182,289,False
2020-06-06-19-19-22.751048,289,False
2020-06-06-19-19-22.761378,289,False
2020-06-06-19-19-22.772260,289,False
2020-06-06-19-19-22.784007,289,False
2020-06-06-19-19-22.794631,289,False
2020-06-06-19-19-22.805019,289,False
2020-06-06-19-19-22.816523,289,False
2020-06-06-19-19-22.828457,289,False
2020-06-06-19-19-22.839167,289,False
2020-06-06-19-19-22.851063,277,False
2020-06-06-19-19-22.863785,277,False
2020-06-06-19-19-22.874008,277,False
2020-06-06-19-19-22.884370,277,False
2020-06-06-19-19-22.897249,269,False
2020-06-06-19-19-22.914748,269,False
2020-06-06-19-19-22.931487,269,False
2020-06-06-19-19-22.948016,269,False
2020-06-06-19-19-22.966074,269,False
2020-06-06-19-19-22.979403,269,False
2020-06-06-19-19-22.994687,269,False
2020-06-06-19-19-23.019482,269,False
2020-06-06-19-19-23.039962,269,False
2020-06-06-19-19-23.052179,269,False
2020-06-06-19-19-23.064836,269,False
2020-06-06-19-19-23.077423,269,False
2020-06-06-19-19-23.090991,269,False
2020-06-06-19-19-23.101152,269,False
2020-06-06-19-19-23.112049,269,False
2020-06-06-19-19-23.123073,267,False
2020-06-06-19-19-23.133995,267,False
2020-06-06-19-19-23.146153,267,False
2020-06-06-19-19-23.158721,267,False
2020-06-06-19-19-23.168867,267,False
2020-06-06-19-19-23.179245,267,False
2020-06-06-19-19-23.190773,267,False
2020-06-06-19-19-23.201873,267,False
2020-06-06-19-19-23.213920,267,False
2020-06-06-19-19-23.224698,269,False
2020-06-06-19-19-23.235643,269,False
2020-06-06-19-19-23.247228,269,False
2020-06-06-19-19-23.258246,269,False
2020-06-06-19-19-23.271110,269,False
2020-06-06-19-19-23.281849,269,False
2020-06-06-19-19-23.294248,269,False
2020-06-06-19-19-23.305954,269,False
2020-06-06-19-19-23.322169,269,False
2020-06-06-19-19-23.332364,269,False
2020-06-06-19-19-23.345073,269,False
2020-06-06-19-19-23.356364,269,False
2020-06-06-19-19-23.368447,269,False
2020-06-06-19-19-23.381182,269,False
2020-06-06-19-19-23.393217,269,False
2020-06-06-19-19-23.404895,269,False
2020-06-06-19-19-23.416866,269,False
2020-06-06-19-19-23.428443,269,False
2020-06-06-19-19-23.440117,290,False
2020-06-06-19-19-23.450776,290,False
2020-06-06-19-19-23.461741,290,False
2020-06-06-19-19-23.472804,290,False
2020-06-06-19-19-23.484029,290,False
2020-06-06-19-19-23.494372,290,False
2020-06-06-19-19-23.505259,290,False
2020-06-06-19-19-23.517155,290,False
2020-06-06-19-19-23.529728,290,False
2020-06-06-19-19-23.541957,290,False
2020-06-06-19-19-23.552141,290,False
2020-06-06-19-19-23.562962,290,False
2020-06-06-19-19-23.574166,290,False
2020-06-06-19-19-23.586461,290,False
2020-06-06-19-19-23.599176,330,False
2020-06-06-19-19-23.610909,330,False
2020-06-06-19-19-23.622985,330,False
2020-06-06-19-19-23.633994,330,False
2020-06-06-19-19-23.645705,330,False
2020-06-06-19-19-23.656419,330,False
2020-06-06-19-19-23.668495,330,False
2020-06-06-19-19-23.680996,330,False
2020-06-06-19-19-23.691761,330,False
2020-06-06-19-19-23.702268,330,False
2020-06-06-19-19-23.712434,330,False
2020-06-06-19-19-23.722844,330,False
2020-06-06-19-19-23.734150,330,False
2020-06-06-19-19-23.745603,330,False
2020-06-06-19-19-23.756302,330,False
2020-06-06-19-19-23.768557,330,False
2020-06-06-19-19-23.780346,330,False
2020-06-06-19-19-23.791100,330,False
2020-06-06-19-19-23.801369,330,False
2020-06-06-19-19-23.813427,330,False
2020-06-06-19-19-23.825299,330,False
2020-06-06-19-19-23.836692,330,False
2020-06-06-19-19-23.848559,330,False
2020-06-06-19-19-23.858930,330,False
2020-06-06-19-19-23.871451,323,False
2020-06-06-19-19-23.884073,323,False
2020-06-06-19-19-23.894870,323,False
2020-06-06-19-19-23.906457,323,False
2020-06-06-19-19-23.918581,323,False
2020-06-06-19-19-23.930935,323,False
2020-06-06-19-19-23.941562,323,False
2020-06-06-19-19-23.952088,323,False
2020-06-06-19-19-23.964710,323,False
2020-06-06-19-19-23.977027,323,False
2020-06-06-19-19-23.989403,323,False
2020-06-06-19-19-24.001335,323,False
2020-06-06-19-19-24.013446,291,False
2020-06-06-19-19-24.023583,285,False
2020-06-06-19-19-24.034099,285,False
2020-06-06-19-19-24.044991,285,False
2020-06-06-19-19-24.056942,285,False
2020-06-06-19-19-24.068540,285,False
2020-06-06-19-19-24.081287,285,False
2020-06-06-19-19-24.094159,285,False
2020-06-06-19-19-24.105459,285,False
2020-06-06-19-19-24.118255,285,False
2020-06-06-19-19-24.131155,285,False
2020-06-06-19-19-24.143784,285,False
2020-06-06-19-19-24.153940,285,False
2020-06-06-19-19-24.164550,285,False
2020-06-06-19-19-24.176013,285,False
2020-06-06-19-19-24.188579,285,False
2020-06-06-19-19-24.198764,285,False
2020-06-06-19-19-24.210745,285,False
2020-06-06-19-19-24.221614,243,False
2020-06-06-19-19-24.234137,243,False
2020-06-06-19-19-24.245907,243,False
2020-06-06-19-19-24.257113,243,False
2020-06-06-19-19-24.268519,243,False
2020-06-06-19-19-24.281209,243,False
2020-06-06-19-19-24.292834,243,False
2020-06-06-19-19-24.304236,267,False
2020-06-06-19-19-24.317294,267,False
2020-06-06-19-19-24.328665,267,False
2020-06-06-19-19-24.340916,267,False
2020-06-06-19-19-24.351170,267,False
2020-06-06-19-19-24.363377,267,False
2020-06-06-19-19-24.374840,267,False
2020-06-06-19-19-24.387586,267,False
2020-06-06-19-19-24.398396,267,False
2020-06-06-19-19-24.410997,267,False
2020-06-06-19-19-24.422994,267,False
2020-06-06-19-19-24.434175,267,False
2020-06-06-19-19-24.446346,267,False
2020-06-06-19-19-24.457187,268,False
2020-06-06-19-19-24.468528,268,False
2020-06-06-19-19-24.480352,268,False
2020-06-06-19-19-24.491981,285,False
2020-06-06-19-19-24.502279,285,False
2020-06-06-19-19-24.513501,285,False
2020-06-06-19-19-24.524863,285,False
2020-06-06-19-19-24.535104,285,True
2020-06-06-19-19-24.546183,285,True
2020-06-06-19-19-24.557305,285,True
2020-06-06-19-19-24.568514,285,True
2020-06-06-19-19-24.581228,285,True
2020-06-06-19-19-24.591551,285,True
2020-06-06-19-19-24.601919,285,True
2020-06-06-19-19-24.612894,285,True
2020-06-06-19-19-24.623743,285,True
2020-06-06-19-19-24.635614,285,True
2020-06-06-19-19-24.648373,285,True
2020-06-06-19-19-24.661006,285,True
2020-06-06-19-19-24.671489,285,True
2020-06-06-19-19-24.684065,285,True
2020-06-06-19-19-24.694931,285,True
2020-06-06-19-19-24.705338,285,True
2020-06-06-19-19-24.718138,768,True
2020-06-06-19-19-24.730895,768,True
2020-06-06-19-19-24.742697,768,True
2020-06-06-19-19-24.755428,818,True
2020-06-06-19-19-24.765890,818,True
2020-06-06-19-19-24.778587,818,True
2020-06-06-19-19-24.790771,818,True
2020-06-06-19-19-24.803268,818,True
2020-06-06-19-19-24.815519,818,True
2020-06-06-19-19-24.827284,818,True
2020-06-06-19-19-24.837395,818,True
2020-06-06-19-19-24.848546,818,True
2020-06-06-19-19-24.860311,896,True
2020-06-06-19-19-24.872114,896,True
2020-06-06-19-19-24.883685,896,True
2020-06-06-19-19-24.894598,896,True
2020-06-06-19-19-24.905337,896,True
2020-06-06-19-19-24.918016,896,True
2020-06-06-19-19-24.928641,1420,True
2020-06-06-19-19-24.938781,2362,True
2020-06-06-19-19-24.950740,2362,True
2020-06-06-19-19-24.961173,2362,True
2020-06-06-19-19-24.971525,2362,True
2020-06-06-19-19-24.984102,2595,True
2020-06-06-19-19-24.994966,2595,True
2020-06-06-19-19-25.005196,2595,True
2020-06-06-19-19-25.017450,2595,True
2020-06-06-19-19-25.028527,2595,True
2020-06-06-19-19-25.039930,2595,True
2020-06-06-19-19-25.051108,2595,True
2020-06-06-19-19-25.061765,2595,True
2020-06-06-19-19-25.073697,2595,True
2020-06-06-19-19-25.084087,2595,True
2020-06-06-19-19-25.094880,2595,True
2020-06-06-19-19-25.105605,2595,True
2020-06-06-19-19-25.118324,2595,True
2020-06-06-19-19-25.131034,2595,True
2020-06-06-19-19-25.143714,2595,True
2020-06-06-19-19-25.154551,2595,True
2020-06-06-19-19-25.167209,2595,True
2020-06-06-19-19-25.178739,2476,True
2020-06-06-19-19-25.190836,2476,True
2020-06-06-19-19-25.201389,2476,True
2020-06-06-19-19-25.213100,2476,True
2020-06-06-19-19-25.225460,2476,True
2020-06-06-19-19-25.235598,2476,True
2020-06-06-19-19-25.246522,2476,True
2020-06-06-19-19-25.258379,2476,True
2020-06-06-19-19-25.269263,2476,True
2020-06-06-19-19-25.280804,2476,True
2020-06-06-19-19-25.291739,2476,True
2020-06-06-19-19-25.301987,2476,True
2020-06-06-19-19-25.312150,2476,True
2020-06-06-19-19-25.323357,2476,True
2020-06-06-19-19-25.335158,2476,False
2020-06-06-19-19-25.346559,2476,False
2020-06-06-19-19-25.358383,2476,False
2020-06-06-19-19-25.370736,2476,False
2020-06-06-19-19-25.382843,2476,False
2020-06-06-19-19-25.395192,2476,False
2020-06-06-19-19-25.406346,1592,False
2020-06-06-19-19-25.418095,1592,False
2020-06-06-19-19-25.429491,1592,False
2020-06-06-19-19-25.439766,661,False
2020-06-06-19-19-25.452136,661,False
2020-06-06-19-19-25.463621,661,False
2020-06-06-19-19-25.475468,407,False
2020-06-06-19-19-25.487653,407,False
2020-06-06-19-19-25.497925,489,False
2020-06-06-19-19-25.508576,489,False
2020-06-06-19-19-25.521305,489,False
2020-06-06-19-19-25.533201,595,False
2020-06-06-19-19-25.544443,611,False
2020-06-06-19-19-25.555637,599,False
2020-06-06-19-19-25.567258,554,False
2020-06-06-19-19-25.579258,640,False
2020-06-06-19-19-25.589655,547,False
2020-06-06-19-19-25.603621,547,False
2020-06-06-19-19-25.619536,547,False
2020-06-06-19-19-25.631416,441,False
2020-06-06-19-19-25.643784,441,False
2020-06-06-19-19-25.656121,441,False
2020-06-06-19-19-25.668569,441,False
2020-06-06-19-19-25.680885,396,False
2020-06-06-19-19-25.691144,396,False
2020-06-06-19-19-25.702085,396,False
2020-06-06-19-19-25.713299,396,False
2020-06-06-19-19-25.725475,396,False
2020-06-06-19-19-25.740739,396,False
2020-06-06-19-19-25.750996,396,False
2020-06-06-19-19-25.761852,396,False
2020-06-06-19-19-25.774157,396,False
2020-06-06-19-19-25.785314,396,False
2020-06-06-19-19-25.795835,396,False
2020-06-06-19-19-25.808411,396,False
2020-06-06-19-19-25.819453,368,False
2020-06-06-19-19-25.831401,365,False
2020-06-06-19-19-25.844240,365,False
2020-06-06-19-19-25.856566,365,False
2020-06-06-19-19-25.868592,291,False
2020-06-06-19-19-25.880316,291,False
2020-06-06-19-19-25.891216,291,False
2020-06-06-19-19-25.901688,291,False
2020-06-06-19-19-25.912235,291,False
2020-06-06-19-19-25.924922,291,False
2020-06-06-19-19-25.936179,291,False
2020-06-06-19-19-25.948546,291,False
2020-06-06-19-19-25.959219,319,False
2020-06-06-19-19-25.971521,319,False
2020-06-06-19-19-25.984120,319,False
2020-06-06-19-19-25.994981,319,False
2020-06-06-19-19-26.007884,319,False
2020-06-06-19-19-26.019579,319,False
2020-06-06-19-19-26.031008,319,False
2020-06-06-19-19-26.043013,319,False
2020-06-06-19-19-26.054777,319,False
2020-06-06-19-19-26.065959,319,False
2020-06-06-19-19-26.078408,319,False
2020-06-06-19-19-26.090886,319,False
2020-06-06-19-19-26.102429,319,False
2020-06-06-19-19-26.112854,319,False
2020-06-06-19-19-26.123473,319,False
2020-06-06-19-19-26.134210,319,False
2020-06-06-19-19-26.146784,319,False
2020-06-06-19-19-26.158868,319,False
2020-06-06-19-19-26.170773,319,False
2020-06-06-19-19-26.181644,319,False
2020-06-06-19-19-26.192027,319,False
2020-06-06-19-19-26.203598,294,False
2020-06-06-19-19-26.214439,294,False
2020-06-06-19-19-26.225325,294,False
2020-06-06-19-19-26.236893,294,False
2020-06-06-19-19-26.248535,294,False
2020-06-06-19-19-26.259152,294,False
2020-06-06-19-19-26.271528,286,False
2020-06-06-19-19-26.284111,286,False
2020-06-06-19-19-26.294643,286,False
2020-06-06-19-19-26.305665,286,False
2020-06-06-19-19-26.317536,286,False
2020-06-06-19-19-26.328549,286,False
2020-06-06-19-19-26.338693,286,False
2020-06-06-19-19-26.350813,286,False
2020-06-06-19-19-26.361365,286,False
2020-06-06-19-19-26.373556,286,False
2020-06-06-19-19-26.384139,256,False
2020-06-06-19-19-26.394982,256,False
2020-06-06-19-19-26.405709,256,False
2020-06-06-19-19-26.417217,256,False
2020-06-06-19-19-26.428646,256,False
2020-06-06-19-19-26.441206,256,False
2020-06-06-19-19-26.453519,256,False
2020-06-06-19-19-26.465019,256,False
2020-06-06-19-19-26.475526,256,False
2020-06-06-19-19-26.488388,256,False
2020-06-06-19-19-26.499822,256,False
2020-06-06-19-19-26.512401,256,False
2020-06-06-19-19-26.523563,256,False
2020-06-06-19-19-26.536986,256,False
2020-06-06-19-19-26.548570,256,False
2020-06-06-19-19-26.559645,256,False
2020-06-06-19-19-26.571526,252,False
2020-06-06-19-19-26.584110,252,False
2020-06-06-19-19-26.594270,252,False
2020-06-06-19-19-26.605743,252,False
2020-06-06-19-19-26.615965,255,False
2020-06-06-19-19-26.626193,255,False
2020-06-06-19-19-26.637407,255,False
2020-06-06-19-19-26.649044,255,False
2020-06-06-19-19-26.659898,255,False
2020-06-06-19-19-26.671532,255,False
2020-06-06-19-19-26.684149,255,False
2020-06-06-19-19-26.695711,255,False
2020-06-06-19-19-26.706838,255,False
2020-06-06-19-19-26.718509,255,False
2020-06-06-19-19-26.731039,255,False
2020-06-06-19-19-26.741363,255,False
2020-06-06-19-19-26.752705,255,False
2020-06-06-19-19-26.763925,255,False
2020-06-06-19-19-26.774709,255,False
2020-06-06-19-19-26.786514,255,False
2020-06-06-19-19-26.798665,255,False
2020-06-06-19-19-26.810972,255,False
2020-06-06-19-19-26.821635,255,False
2020-06-06-19-19-26.834643,255,False
2020-06-06-19-19-26.846809,255,False
2020-06-06-19-19-26.857367,255,False
2020-06-06-19-19-26.869318,255,False
2020-06-06-19-19-26.880273,255,False
2020-06-06-19-19-26.890793,275,False
2020-06-06-19-19-26.902535,275,False
2020-06-06-19-19-26.913509,275,False
2020-06-06-19-19-26.925497,275,False
2020-06-06-19-19-26.936797,275,False
2020-06-06-19-19-26.948634,275,False
2020-06-06-19-19-26.959752,275,False
2020-06-06-19-19-26.972105,275,False
2020-06-06-19-19-26.984129,275,False
2020-06-06-19-19-26.995127,275,False
2020-06-06-19-19-27.005488,275,False
2020-06-06-19-19-27.016219,275,False
2020-06-06-19-19-27.028656,275,False
2020-06-06-19-19-27.041165,275,False
2020-06-06-19-19-27.052289,263,False
2020-06-06-19-19-27.064894,263,False
2020-06-06-19-19-27.075096,269,False
2020-06-06-19-19-27.087792,278,False
2020-06-06-19-19-27.100232,278,False
2020-06-06-19-19-27.112098,278,False
2020-06-06-19-19-27.124588,278,False
2020-06-06-19-19-27.137244,278,False
2020-06-06-19-19-27.148801,278,False
2020-06-06-19-19-27.159721,278,False
2020-06-06-19-19-27.171595,278,False
2020-06-06-19-19-27.182208,278,False
2020-06-06-19-19-27.193867,278,False
2020-06-06-19-19-27.204402,278,False
2020-06-06-19-19-27.215270,278,False
2020-06-06-19-19-27.226419,278,False
2020-06-06-19-19-27.237549,278,False
2020-06-06-19-19-27.248618,278,False
2020-06-06-19-19-27.259736,278,False
2020-06-06-19-19-27.271883,278,False
2020-06-06-19-19-27.284152,278,False
2020-06-06-19-19-27.294251,278,False
2020-06-06-19-19-27.304737,278,False
2020-06-06-19-19-27.315890,264,False
2020-06-06-19-19-27.326966,264,False
2020-06-06-19-19-27.339597,264,False
2020-06-06-19-19-27.351177,264,False
2020-06-06-19-19-27.361428,264,False
2020-06-06-19-19-27.372423,264,False
2020-06-06-19-19-27.382780,264,False
2020-06-06-19-19-27.393786,264,False
2020-06-06-19-19-27.405371,264,False
2020-06-06-19-19-27.415726,264,False
2020-06-06-19-19-27.427202,264,False
2020-06-06-19-19-27.437659,264,False
2020-06-06-19-19-27.448814,264,False
2020-06-06-19-19-27.459991,264,False
2020-06-06-19-19-27.472360,264,False
2020-06-06-19-19-27.484123,264,False
2020-06-06-19-19-27.494474,264,False
2020-06-06-19-19-27.505494,262,False
2020-06-06-19-19-27.515644,262,False
2020-06-06-19-19-27.527544,262,False
2020-06-06-19-19-27.538210,262,False
2020-06-06-19-19-27.549982,262,False
2020-06-06-19-19-27.560713,262,False
2020-06-06-19-19-27.571559,262,False
2020-06-06-19-19-27.584116,262,False
2020-06-06-19-19-27.594445,262,False
2020-06-06-19-19-27.607118,262,False
2020-06-06-19-19-27.617470,262,False
2020-06-06-19-19-27.629164,262,False
2020-06-06-19-19-27.641110,262,False
2020-06-06-19-19-27.652184,262,False
2020-06-06-19-19-27.664612,262,False
2020-06-06-19-19-27.676993,262,False
2020-06-06-19-19-27.688715,251,False
2020-06-06-19-19-27.698899,251,False
2020-06-06-19-19-27.711085,251,False
2020-06-06-19-19-27.723220,251,False
2020-06-06-19-19-27.734173,251,False
2020-06-06-19-19-27.745769,251,False
2020-06-06-19-19-27.755868,251,False
2020-06-06-19-19-27.766741,251,False
2020-06-06-19-19-27.778535,251,False
2020-06-06-19-19-27.790989,251,False
2020-06-06-19-19-27.801430,251,False
2020-06-06-19-19-27.812706,251,False
2020-06-06-19-19-27.823805,251,False
2020-06-06-19-19-27.834462,251,False
2020-06-06-19-19-27.845737,235,False
2020-06-06-19-19-27.856179,235,False
2020-06-06-19-19-27.868628,221,False
2020-06-06-19-19-27.881322,221,False
2020-06-06-19-19-27.892384,221,False
2020-06-06-19-19-27.905074,221,False
2020-06-06-19-19-27.916210,221,False
2020-06-06-19-19-27.928641,221,False
2020-06-06-19-19-27.939093,221,False
2020-06-06-19-19-27.949269,221,False
2020-06-06-19-19-27.959637,221,False
2020-06-06-19-19-27.971585,226,False
2020-06-06-19-19-27.984167,226,False
2020-06-06-19-19-27.994971,226,False
2020-06-06-19-19-28.006090,226,False
2020-06-06-19-19-28.017188,226,False
2020-06-06-19-19-28.028628,226,False
2020-06-06-19-19-28.039134,226,False
2020-06-06-19-19-28.051259,239,False
2020-06-06-19-19-28.062626,239,False
2020-06-06-19-19-28.074335,239,False
2020-06-06-19-19-28.086991,239,False
2020-06-06-19-19-28.097267,251,False
2020-06-06-19-19-28.108621,251,False
2020-06-06-19-19-28.121203,251,False
2020-06-06-19-19-28.132790,273,False
2020-06-06-19-19-28.144753,273,False
2020-06-06-19-19-28.155353,273,True
2020-06-06-19-19-28.165731,273,True
2020-06-06-19-19-28.178456,273,True
2020-06-06-19-19-28.189029,273,True
2020-06-06-19-19-28.199247,273,True
2020-06-06-19-19-28.210829,273,True
2020-06-06-19-19-28.221619,273,True
2020-06-06-19-19-28.234152,273,True
2020-06-06-19-19-28.245189,273,True
2020-06-06-19-19-28.255771,273,True
2020-06-06-19-19-28.266068,273,True
2020-06-06-19-19-28.276346,273,True
2020-06-06-19-19-28.288660,273,True
2020-06-06-19-19-28.300120,273,True
2020-06-06-19-19-28.310924,273,True
2020-06-06-19-19-28.321702,273,True
2020-06-06-19-19-28.334206,273,True
2020-06-06-19-19-28.346842,273,True
2020-06-06-19-19-28.356992,713,True
2020-06-06-19-19-28.369409,713,True
2020-06-06-19-19-28.382120,713,True
2020-06-06-19-19-28.393965,713,True
2020-06-06-19-19-28.404947,1060,True
2020-06-06-19-19-28.415556,1060,True
2020-06-06-19-19-28.426559,1060,True
2020-06-06-19-19-28.437538,1060,True
2020-06-06-19-19-28.448640,2999,True
2020-06-06-19-19-28.458781,2999,True
2020-06-06-19-19-28.471781,2999,True
2020-06-06-19-19-28.484148,2999,True
2020-06-06-19-19-28.495610,2999,True
2020-06-06-19-19-28.506552,2999,True
2020-06-06-19-19-28.517566,2999,True
2020-06-06-19-19-28.531304,2999,True
2020-06-06-19-19-28.542567,2999,True
2020-06-06-19-19-28.554768,2999,True
2020-06-06-19-19-28.564979,2999,True
2020-06-06-19-19-28.576142,2999,True
2020-06-06-19-19-28.588705,2999,True
2020-06-06-19-19-28.598797,2999,True
2020-06-06-19-19-28.612164,2999,True
2020-06-06-19-19-28.624128,2999,True
2020-06-06-19-19-28.635783,2999,True
2020-06-06-19-19-28.646424,2999,True
2020-06-06-19-19-28.656993,2999,True
2020-06-06-19-19-28.669251,2999,True
2020-06-06-19-19-28.680222,2999,True
2020-06-06-19-19-28.690899,2999,True
2020-06-06-19-19-28.701283,2999,True
2020-06-06-19-19-28.713803,2999,True
2020-06-06-19-19-28.725533,2999,True
2020-06-06-19-19-28.737650,2999,True
2020-06-06-19-19-28.748675,2999,True
2020-06-06-19-19-28.761486,2999,True
2020-06-06-19-19-28.771586,2999,True
2020-06-06-19-19-28.784180,2999,True
2020-06-06-19-19-28.794735,3162,True
2020-06-06-19-19-28.805807,3162,True
2020-06-06-19-19-28.817463,3162,True
2020-06-06-19-19-28.831528,3178,True
2020-06-06-19-19-28.842596,3178,True
2020-06-06-19-19-28.853801,3178,True
2020-06-06-19-19-28.864163,3178,True
2020-06-06-19-19-28.874594,3178,True
2020-06-06-19-19-28.887393,2675,True
2020-06-06-19-19-28.898764,2675,True
2020-06-06-19-19-28.912028,2675,True
2020-06-06-19-19-28.924715,2407,True
2020-06-06-19-19-28.936471,2407,True
2020-06-06-19-19-28.948671,2407,True
2020-06-06-19-19-28.958772,2407,False
2020-06-06-19-19-28.971063,2407,False
2020-06-06-19-19-28.982834,2407,False
2020-06-06-19-19-28.994948,2407,False
2020-06-06-19-19-29.005272,2407,False
2020-06-06-19-19-29.017256,2291,False
2020-06-06-19-19-29.028861,2291,False
2020-06-06-19-19-29.039696,1987,False
2020-06-06-19-19-29.051234,1713,False
2020-06-06-19-19-29.063899,1713,False
2020-06-06-19-19-29.074953,1713,False
2020-06-06-19-19-29.087631,1381,False
2020-06-06-19-19-29.099230,1381,False
2020-06-06-19-19-29.111064,1381,False
2020-06-06-19-19-29.121728,1060,False
2020-06-06-19-19-29.135177,1060,False
2020-06-06-19-19-29.145633,1060,False
2020-06-06-19-19-29.156151,975,False
2020-06-06-19-19-29.171519,975,False
2020-06-06-19-19-29.184231,1172,False
2020-06-06-19-19-29.194741,1172,False
2020-06-06-19-19-29.205286,1172,False
2020-06-06-19-19-29.217279,1219,False
2020-06-06-19-19-29.229431,1219,False
2020-06-06-19-19-29.241047,1219,False
2020-06-06-19-19-29.252706,1286,False
2020-06-06-19-19-29.264476,1410,False
2020-06-06-19-19-29.275312,1150,False
2020-06-06-19-19-29.286622,1129,False
2020-06-06-19-19-29.297190,1129,False
2020-06-06-19-19-29.308973,944,False
2020-06-06-19-19-29.321621,944,False
2020-06-06-19-19-29.334172,944,False
2020-06-06-19-19-29.344498,820,False
2020-06-06-19-19-29.357323,820,False
2020-06-06-19-19-29.369141,820,False
2020-06-06-19-19-29.380367,787,False
2020-06-06-19-19-29.390867,787,False
2020-06-06-19-19-29.402040,787,False
2020-06-06-19-19-29.413889,787,False
2020-06-06-19-19-29.425067,787,False
2020-06-06-19-19-29.436062,708,False
2020-06-06-19-19-29.448733,668,False
2020-06-06-19-19-29.461411,668,False
2020-06-06-19-19-29.472088,600,False
2020-06-06-19-19-29.483230,569,False
2020-06-06-19-19-29.495036,569,False
2020-06-06-19-19-29.505646,569,False
2020-06-06-19-19-29.515842,435,False
2020-06-06-19-19-29.529843,435,False
2020-06-06-19-19-29.541939,435,False
2020-06-06-19-19-29.553164,435,False
2020-06-06-19-19-29.563316,435,False
2020-06-06-19-19-29.573683,429,False
2020-06-06-19-19-29.584181,429,False
2020-06-06-19-19-29.595037,429,False
2020-06-06-19-19-29.606346,429,False
2020-06-06-19-19-29.616605,429,False
2020-06-06-19-19-29.628772,429,False
2020-06-06-19-19-29.641385,429,False
2020-06-06-19-19-29.651793,429,False
2020-06-06-19-19-29.662700,429,False
2020-06-06-19-19-29.674510,429,False
2020-06-06-19-19-29.685753,399,False
2020-06-06-19-19-29.696064,399,False
2020-06-06-19-19-29.707199,399,False
2020-06-06-19-19-29.718050,285,False
2020-06-06-19-19-29.728818,285,False
2020-06-06-19-19-29.739932,285,False
2020-06-06-19-19-29.751320,285,False
2020-06-06-19-19-29.762018,285,False
2020-06-06-19-19-29.772732,285,False
2020-06-06-19-19-29.784233,285,False
2020-06-06-19-19-29.795361,285,False
2020-06-06-19-19-29.806931,285,False
2020-06-06-19-19-29.817298,285,False
2020-06-06-19-19-29.828773,285,False
2020-06-06-19-19-29.839524,285,False
2020-06-06-19-19-29.850880,266,False
2020-06-06-19-19-29.861946,266,False
2020-06-06-19-19-29.872492,266,False
2020-06-06-19-19-29.884234,266,False
2020-06-06-19-19-29.895408,266,False
2020-06-06-19-19-29.905943,266,False
2020-06-06-19-19-29.916127,266,False
2020-06-06-19-19-29.928762,266,False
2020-06-06-19-19-29.938926,266,False
2020-06-06-19-19-29.950995,266,False
2020-06-06-19-19-29.962742,288,False
2020-06-06-19-19-29.973774,288,False
2020-06-06-19-19-29.984953,288,False
2020-06-06-19-19-29.995970,288,False
2020-06-06-19-19-30.007907,288,False
2020-06-06-19-19-30.018811,288,False
2020-06-06-19-19-30.030891,288,False
2020-06-06-19-19-30.042887,288,False
2020-06-06-19-19-30.053831,288,False
2020-06-06-19-19-30.064049,288,False
2020-06-06-19-19-30.074463,288,False
2020-06-06-19-19-30.085487,288,False
2020-06-06-19-19-30.096851,288,False
2020-06-06-19-19-30.108773,288,False
2020-06-06-19-19-30.119199,293,False
2020-06-06-19-19-30.131305,318,False
2020-06-06-19-19-30.143770,318,False
2020-06-06-19-19-30.154888,318,False
2020-06-06-19-19-30.165281,318,False
2020-06-06-19-19-30.175593,318,False
2020-06-06-19-19-30.185817,318,False
2020-06-06-19-19-30.196295,318,False
2020-06-06-19-19-30.208688,318,False
2020-06-06-19-19-30.218944,318,False
2020-06-06-19-19-30.231068,318,False
2020-06-06-19-19-30.243608,318,False
2020-06-06-19-19-30.254115,318,False
2020-06-06-19-19-30.264426,318,False
2020-06-06-19-19-30.275325,318,False
2020-06-06-19-19-30.287584,318,False
2020-06-06-19-19-30.298110,318,False
2020-06-06-19-19-30.308690,318,False
2020-06-06-19-19-30.321322,318,False
2020-06-06-19-19-30.333373,318,False
2020-06-06-19-19-30.346072,318,False
2020-06-06-19-19-30.356629,295,False
2020-06-06-19-19-30.368768,295,False
2020-06-06-19-19-30.381398,295,False
2020-06-06-19-19-30.393975,295,False
2020-06-06-19-19-30.406470,295,False
2020-06-06-19-19-30.418317,295,False
2020-06-06-19-19-30.431115,295,False
2020-06-06-19-19-30.442908,295,False
2020-06-06-19-19-30.454865,295,False
2020-06-06-19-19-30.466287,295,False
2020-06-06-19-19-30.477760,295,False
2020-06-06-19-19-30.489369,295,False
2020-06-06-19-19-30.500907,295,False
2020-06-06-19-19-30.511045,295,False
2020-06-06-19-19-30.521651,295,False
2020-06-06-19-19-30.534211,295,False
2020-06-06-19-19-30.545155,292,False
2020-06-06-19-19-30.556342,292,False
2020-06-06-19-19-30.568781,292,False
2020-06-06-19-19-30.581246,292,False
2020-06-06-19-19-30.592770,292,False
2020-06-06-19-19-30.604607,292,False
2020-06-06-19-19-30.616305,292,False
2020-06-06-19-19-30.628695,292,False
2020-06-06-19-19-30.641296,292,False
2020-06-06-19-19-30.651827,292,False
2020-06-06-19-19-30.662351,292,False
2020-06-06-19-19-30.672797,292,False
2020-06-06-19-19-30.684220,292,False
2020-06-06-19-19-30.695144,292,False
2020-06-06-19-19-30.706127,292,False
2020-06-06-19-19-30.718824,292,False
2020-06-06-19-19-30.731116,292,False
2020-06-06-19-19-30.741473,292,False
2020-06-06-19-19-30.752982,292,False
2020-06-06-19-19-30.763649,280,False
2020-06-06-19-19-30.776386,280,False
2020-06-06-19-19-30.788738,280,False
2020-06-06-19-19-30.799852,280,False
2020-06-06-19-19-30.811295,280,False
2020-06-06-19-19-30.821904,280,False
2020-06-06-19-19-30.834273,280,False
2020-06-06-19-19-30.845865,280,False
2020-06-06-19-19-30.856982,280,False
2020-06-06-19-19-30.869702,280,False
2020-06-06-19-19-30.882623,280,False
2020-06-06-19-19-30.895148,278,False
2020-06-06-19-19-30.914174,290,False
2020-06-06-19-19-30.925803,290,False
2020-06-06-19-19-30.937639,290,False
2020-06-06-19-19-30.948732,290,False
2020-06-06-19-19-30.960963,290,False
2020-06-06-19-19-30.973659,290,False
2020-06-06-19-19-30.986250,290,False
2020-06-06-19-19-31.000201,290,False
2020-06-06-19-19-31.011249,290,False
2020-06-06-19-19-31.021663,290,False
2020-06-06-19-19-31.034482,290,False
2020-06-06-19-19-31.046925,290,False
2020-06-06-19-19-31.059633,290,False
2020-06-06-19-19-31.072148,290,False
2020-06-06-19-19-31.084254,290,False
2020-06-06-19-19-31.096048,290,False
2020-06-06-19-19-31.106476,290,False
2020-06-06-19-19-31.117423,290,False
2020-06-06-19-19-31.130033,290,False
2020-06-06-19-19-31.141773,290,False
2020-06-06-19-19-31.153722,290,False
2020-06-06-19-19-31.164973,290,False
2020-06-06-19-19-31.175369,290,False
2020-06-06-19-19-31.186993,290,False
2020-06-06-19-19-31.199324,274,False
2020-06-06-19-19-31.211081,274,False
2020-06-06-19-19-31.221744,274,False
2020-06-06-19-19-31.234433,274,False
2020-06-06-19-19-31.245318,274,False
2020-06-06-19-19-31.258098,274,False
2020-06-06-19-19-31.269911,274,False
2020-06-06-19-19-31.281144,274,False
2020-06-06-19-19-31.291550,274,False
2020-06-06-19-19-31.303127,274,False
2020-06-06-19-19-31.313290,274,False
2020-06-06-19-19-31.325992,274,False
2020-06-06-19-19-31.337313,274,False
2020-06-06-19-19-31.349139,274,False
2020-06-06-19-19-31.361677,274,False
2020-06-06-19-19-31.371918,274,False
2020-06-06-19-19-31.384251,264,False
2020-06-06-19-19-31.395155,253,False
2020-06-06-19-19-31.406293,253,False
2020-06-06-19-19-31.416596,266,False
2020-06-06-19-19-31.428647,266,False
2020-06-06-19-19-31.439773,266,False
2020-06-06-19-19-31.451607,266,False
2020-06-06-19-19-31.463335,266,False
2020-06-06-19-19-31.475076,266,False
2020-06-06-19-19-31.486328,266,False
2020-06-06-19-19-31.500243,266,False
2020-06-06-19-19-31.511820,266,False
2020-06-06-19-19-31.523936,266,False
2020-06-06-19-19-31.535109,293,False
2020-06-06-19-19-31.547275,293,False
2020-06-06-19-19-31.558650,293,False
2020-06-06-19-19-31.572273,293,False
2020-06-06-19-19-31.584249,293,False
2020-06-06-19-19-31.594487,293,False
2020-06-06-19-19-31.606871,293,False
2020-06-06-19-19-31.621933,293,False
2020-06-06-19-19-31.634801,293,False
2020-06-06-19-19-31.646199,293,False
2020-06-06-19-19-31.657240,293,False
2020-06-06-19-19-31.667729,293,False
2020-06-06-19-19-31.679550,293,False
2020-06-06-19-19-31.691368,293,False
2020-06-06-19-19-31.703445,293,False
2020-06-06-19-19-31.714278,293,False
2020-06-06-19-19-31.725414,293,False
2020-06-06-19-19-31.736572,293,False
2020-06-06-19-19-31.747083,293,False
2020-06-06-19-19-31.757830,293,False
2020-06-06-19-19-31.769374,293,False
2020-06-06-19-19-31.779634,293,False
2020-06-06-19-19-31.791281,293,False
2020-06-06-19-19-31.801822,293,False
2020-06-06-19-19-31.812896,293,False
2020-06-06-19-19-31.823200,293,False
2020-06-06-19-19-31.835967,293,False
2020-06-06-19-19-31.848686,282,False
2020-06-06-19-19-31.861357,282,False
2020-06-06-19-19-31.871869,282,False
2020-06-06-19-19-31.884360,282,False
2020-06-06-19-19-31.896821,282,False
2020-06-06-19-19-31.908665,282,False
2020-06-06-19-19-31.919391,282,False
2020-06-06-19-19-31.931284,282,False
2020-06-06-19-19-31.942923,271,False
2020-06-06-19-19-31.954423,271,False
2020-06-06-19-19-31.966019,271,False
2020-06-06-19-19-31.976971,271,False
2020-06-06-19-19-31.988792,271,False
2020-06-06-19-19-31.999395,271,False
2020-06-06-19-19-32.011780,271,False
2020-06-06-19-19-32.022951,271,False
2020-06-06-19-19-32.035832,271,False
2020-06-06-19-19-32.047268,271,False
2020-06-06-19-19-32.058396,271,False
2020-06-06-19-19-32.070983,271,False
2020-06-06-19-19-32.081138,271,False
2020-06-06-19-19-32.091334,271,False
2020-06-06-19-19-32.102153,271,False
2020-06-06-19-19-32.113220,271,False
2020-06-06-19-19-32.125311,271,False
2020-06-06-19-19-32.136181,271,False
2020-06-06-19-19-32.147674,271,False
2020-06-06-19-19-32.158053,271,False
2020-06-06-19-19-32.169606,271,False
2020-06-06-19-19-32.180386,271,False
2020-06-06-19-19-32.192855,271,False
2020-06-06-19-19-32.205220,271,False
2020-06-06-19-19-32.215889,271,False
2020-06-06-19-19-32.227889,271,False
2020-06-06-19-19-32.240152,271,False
2020-06-06-19-19-32.250944,271,False
2020-06-06-19-19-32.263260,229,False
2020-06-06-19-19-32.274722,229,False
2020-06-06-19-19-32.286964,229,False
2020-06-06-19-19-32.302282,229,False
2020-06-06-19-19-32.314185,262,False
2020-06-06-19-19-32.325323,262,False
2020-06-06-19-19-32.337626,262,False
2020-06-06-19-19-32.349764,262,False
2020-06-06-19-19-32.361976,262,False
2020-06-06-19-19-32.373162,262,False
2020-06-06-19-19-32.384445,262,False
2020-06-06-19-19-32.395786,262,False
2020-06-06-19-19-32.406007,262,False
2020-06-06-19-19-32.417293,262,False
2020-06-06-19-19-32.428829,262,False
2020-06-06-19-19-32.439425,262,False
2020-06-06-19-19-32.451540,262,False
2020-06-06-19-19-32.462263,262,False
2020-06-06-19-19-32.472415,279,False
2020-06-06-19-19-32.484282,279,False
2020-06-06-19-19-32.496908,279,False
2020-06-06-19-19-32.507501,279,False
2020-06-06-19-19-32.518235,279,False
2020-06-06-19-19-32.531307,279,False
2020-06-06-19-19-32.543382,279,False
2020-06-06-19-19-32.554665,279,False
2020-06-06-19-19-32.564857,279,False
2020-06-06-19-19-32.575492,279,False
2020-06-06-19-19-32.586188,279,False
2020-06-06-19-19-32.598884,279,False
2020-06-06-19-19-32.610944,279,False
2020-06-06-19-19-32.622337,279,False
2020-06-06-19-19-32.634348,279,False
2020-06-06-19-19-32.646495,279,False
2020-06-06-19-19-32.658553,279,False
2020-06-06-19-19-32.671337,279,False
2020-06-06-19-19-32.682162,279,False
2020-06-06-19-19-32.694190,279,False
2020-06-06-19-19-32.706576,279,False
2020-06-06-19-19-32.716947,279,False
2020-06-06-19-19-32.728834,239,False
2020-06-06-19-19-32.739267,238,False
2020-06-06-19-19-32.751192,238,False
2020-06-06-19-19-32.763038,238,False
2020-06-06-19-19-32.773684,238,False
2020-06-06-19-19-32.784741,238,False
