2020-06-15-16-40-57.146212,29
2020-06-15-16-40-57.157038,29
2020-06-15-16-40-57.168484,17
2020-06-15-16-40-57.180295,17
2020-06-15-16-40-57.192806,17
2020-06-15-16-40-57.205135,76
2020-06-15-16-40-57.215854,76
2020-06-15-16-40-57.227347,76
2020-06-15-16-40-57.239784,71
2020-06-15-16-40-57.250905,71
2020-06-15-16-40-57.262601,71
2020-06-15-16-40-57.274429,42
2020-06-15-16-40-57.286247,54
2020-06-15-16-40-57.296401,54
2020-06-15-16-40-57.308110,54
2020-06-15-16-40-57.320458,76
2020-06-15-16-40-57.332694,76
2020-06-15-16-40-57.343797,76
2020-06-15-16-40-57.356764,51
2020-06-15-16-40-57.368064,51
2020-06-15-16-40-57.380921,51
2020-06-15-16-40-57.393578,28
2020-06-15-16-40-57.405551,28
2020-06-15-16-40-57.417170,28
2020-06-15-16-40-57.429143,37
2020-06-15-16-40-57.440487,42
2020-06-15-16-40-57.452589,9
2020-06-15-16-40-57.464856,9
2020-06-15-16-40-57.476732,9
2020-06-15-16-40-57.488903,28
2020-06-15-16-40-57.500653,28
2020-06-15-16-40-57.512726,28
2020-06-15-16-40-57.523603,-19
2020-06-15-16-40-57.534757,-19
2020-06-15-16-40-57.546410,-19
2020-06-15-16-40-57.558152,-19
2020-06-15-16-40-57.570824,32
2020-06-15-16-40-57.582956,-12
2020-06-15-16-40-57.594062,-12
2020-06-15-16-40-57.606377,-12
2020-06-15-16-40-57.616616,66
2020-06-15-16-40-57.628362,66
2020-06-15-16-40-57.640260,66
2020-06-15-16-40-57.652612,38
2020-06-15-16-40-57.664984,38
2020-06-15-16-40-57.676211,38
2020-06-15-16-40-57.687165,43
2020-06-15-16-40-57.698363,43
2020-06-15-16-40-57.715645,43
2020-06-15-16-40-57.730088,43
2020-06-15-16-40-57.743887,43
2020-06-15-16-40-57.758959,59
2020-06-15-16-40-57.771335,59
2020-06-15-16-40-57.783763,20
2020-06-15-16-40-57.794793,-13
2020-06-15-16-40-57.807374,-13
2020-06-15-16-40-57.819066,-13
2020-06-15-16-40-57.831578,9
2020-06-15-16-40-57.843363,9
2020-06-15-16-40-57.855161,9
2020-06-15-16-40-57.867733,9
2020-06-15-16-40-57.880256,28
2020-06-15-16-40-57.896070,28
2020-06-15-16-40-57.907020,28
2020-06-15-16-40-57.918377,22
2020-06-15-16-40-57.930318,22
2020-06-15-16-40-57.942705,22
2020-06-15-16-40-57.954280,32
2020-06-15-16-40-57.966995,32
2020-06-15-16-40-57.978263,32
2020-06-15-16-40-57.990610,52
2020-06-15-16-40-58.002617,60
2020-06-15-16-40-58.012937,60
2020-06-15-16-40-58.025110,34
2020-06-15-16-40-58.036900,34
2020-06-15-16-40-58.048839,34
2020-06-15-16-40-58.060274,33
2020-06-15-16-40-58.072642,33
2020-06-15-16-40-58.084703,33
2020-06-15-16-40-58.096829,33
2020-06-15-16-40-58.108426,33
2020-06-15-16-40-58.120568,33
2020-06-15-16-40-58.132844,33
2020-06-15-16-40-58.144157,33
2020-06-15-16-40-58.155947,33
2020-06-15-16-40-58.167856,33
2020-06-15-16-40-58.180334,19
2020-06-15-16-40-58.192611,19
2020-06-15-16-40-58.204007,19
2020-06-15-16-40-58.215712,16
2020-06-15-16-40-58.226759,16
2020-06-15-16-40-58.238089,16
2020-06-15-16-40-58.250549,21
2020-06-15-16-40-58.262623,21
2020-06-15-16-40-58.275125,21
2020-06-15-16-40-58.286207,32
2020-06-15-16-40-58.296340,32
2020-06-15-16-40-58.307252,32
2020-06-15-16-40-58.318577,44
2020-06-15-16-40-58.330318,44
2020-06-15-16-40-58.342724,44
2020-06-15-16-40-58.354850,44
2020-06-15-16-40-58.366347,44
2020-06-15-16-40-58.376594,529
2020-06-15-16-40-58.387751,529
2020-06-15-16-40-58.400362,529
2020-06-15-16-40-58.412936,1062
2020-06-15-16-40-58.423289,1062
2020-06-15-16-40-58.434630,1062
2020-06-15-16-40-58.445585,1062
2020-06-15-16-40-58.457687,1062
2020-06-15-16-40-58.470281,904
2020-06-15-16-40-58.482710,354
2020-06-15-16-40-58.494356,354
2020-06-15-16-40-58.505858,354
2020-06-15-16-40-58.517230,-841
2020-06-15-16-40-58.527806,-841
2020-06-15-16-40-58.540419,-841
2020-06-15-16-40-58.552723,-1172
2020-06-15-16-40-58.565286,-1172
2020-06-15-16-40-58.575967,-1172
2020-06-15-16-40-58.587574,-844
2020-06-15-16-40-58.597794,-844
2020-06-15-16-40-58.610379,-844
2020-06-15-16-40-58.622607,-380
2020-06-15-16-40-58.635144,-380
2020-06-15-16-40-58.646800,-380
2020-06-15-16-40-58.658785,-234
2020-06-15-16-40-58.670375,-85
2020-06-15-16-40-58.682902,-85
2020-06-15-16-40-58.694432,-85
2020-06-15-16-40-58.706215,148
2020-06-15-16-40-58.718965,148
2020-06-15-16-40-58.730398,148
2020-06-15-16-40-58.742795,210
2020-06-15-16-40-58.755140,210
2020-06-15-16-40-58.767563,210
2020-06-15-16-40-58.779488,251
2020-06-15-16-40-58.790535,251
2020-06-15-16-40-58.802702,251
2020-06-15-16-40-58.814745,228
2020-06-15-16-40-58.826609,200
2020-06-15-16-40-58.838498,200
2020-06-15-16-40-58.850619,200
2020-06-15-16-40-58.862704,154
2020-06-15-16-40-58.874406,154
2020-06-15-16-40-58.886477,154
2020-06-15-16-40-58.896659,135
2020-06-15-16-40-58.907548,135
2020-06-15-16-40-58.918680,135
2020-06-15-16-40-58.930347,73
2020-06-15-16-40-58.942743,104
2020-06-15-16-40-58.954682,104
2020-06-15-16-40-58.965500,104
2020-06-15-16-40-58.978156,74
2020-06-15-16-40-58.990380,74
2020-06-15-16-40-59.002055,74
2020-06-15-16-40-59.012820,51
2020-06-15-16-40-59.023846,51
2020-06-15-16-40-59.034638,51
2020-06-15-16-40-59.046914,51
2020-06-15-16-40-59.057737,51
2020-06-15-16-40-59.070351,80
2020-06-15-16-40-59.082712,58
2020-06-15-16-40-59.093556,58
2020-06-15-16-40-59.104769,58
2020-06-15-16-40-59.115217,80
2020-06-15-16-40-59.125617,80
2020-06-15-16-40-59.136899,80
2020-06-15-16-40-59.148273,52
2020-06-15-16-40-59.160318,52
2020-06-15-16-40-59.172766,52
2020-06-15-16-40-59.183857,54
2020-06-15-16-40-59.194620,59
2020-06-15-16-40-59.206226,59
2020-06-15-16-40-59.218004,59
2020-06-15-16-40-59.230391,-4
2020-06-15-16-40-59.242783,-4
2020-06-15-16-40-59.253315,24
2020-06-15-16-40-59.264607,-4
2020-06-15-16-40-59.275683,-4
2020-06-15-16-40-59.287670,19
2020-06-15-16-40-59.299192,-26
2020-06-15-16-40-59.310513,-26
2020-06-15-16-40-59.323016,-26
2020-06-15-16-40-59.334522,-17
2020-06-15-16-40-59.346225,-17
2020-06-15-16-40-59.357558,-17
2020-06-15-16-40-59.369347,7
2020-06-15-16-40-59.380477,-7
2020-06-15-16-40-59.392811,-7
2020-06-15-16-40-59.404519,-7
2020-06-15-16-40-59.415198,92
2020-06-15-16-40-59.426855,92
2020-06-15-16-40-59.437341,92
2020-06-15-16-40-59.448155,19
2020-06-15-16-40-59.460315,48
2020-06-15-16-40-59.472693,48
2020-06-15-16-40-59.483038,48
2020-06-15-16-40-59.494645,83
2020-06-15-16-40-59.506756,83
2020-06-15-16-40-59.518159,83
2020-06-15-16-40-59.530444,59
2020-06-15-16-40-59.542798,59
2020-06-15-16-40-59.554625,59
2020-06-15-16-40-59.567339,22
2020-06-15-16-40-59.578047,55
2020-06-15-16-40-59.590431,55
2020-06-15-16-40-59.602767,42
2020-06-15-16-40-59.614261,41
2020-06-15-16-40-59.625814,41
2020-06-15-16-40-59.636841,41
2020-06-15-16-40-59.648003,41
2020-06-15-16-40-59.660315,41
2020-06-15-16-40-59.672712,41
2020-06-15-16-40-59.682982,-2
2020-06-15-16-40-59.694957,-4
2020-06-15-16-40-59.705948,-4
2020-06-15-16-40-59.718143,-4
2020-06-15-16-40-59.730546,19
2020-06-15-16-40-59.742826,19
2020-06-15-16-40-59.754562,19
2020-06-15-16-40-59.767281,11
2020-06-15-16-40-59.778608,11
2020-06-15-16-40-59.790440,11
2020-06-15-16-40-59.802703,27
2020-06-15-16-40-59.814827,27
2020-06-15-16-40-59.827301,27
2020-06-15-16-40-59.839261,28
2020-06-15-16-40-59.850425,37
2020-06-15-16-40-59.862673,37
2020-06-15-16-40-59.874391,48
2020-06-15-16-40-59.886149,49
2020-06-15-16-40-59.896865,49
2020-06-15-16-40-59.908393,49
2020-06-15-16-40-59.920540,12
2020-06-15-16-40-59.932707,12
2020-06-15-16-40-59.944230,12
2020-06-15-16-40-59.955593,12
2020-06-15-16-40-59.967744,67
2020-06-15-16-40-59.980367,44
2020-06-15-16-40-59.992774,44
2020-06-15-16-41-00.003707,44
2020-06-15-16-41-00.014813,40
2020-06-15-16-41-00.026403,23
2020-06-15-16-41-00.037949,23
2020-06-15-16-41-00.050341,36
2020-06-15-16-41-00.062671,50
2020-06-15-16-41-00.074414,50
2020-06-15-16-41-00.085337,50
2020-06-15-16-41-00.097591,-1
2020-06-15-16-41-00.110193,-1
2020-06-15-16-41-00.123020,-1
2020-06-15-16-41-00.133677,-8
2020-06-15-16-41-00.143939,-8
2020-06-15-16-41-00.155496,-8
2020-06-15-16-41-00.167566,13
2020-06-15-16-41-00.177941,18
2020-06-15-16-41-00.190444,18
2020-06-15-16-41-00.202875,35
2020-06-15-16-41-00.215058,89
2020-06-15-16-41-00.226309,89
2020-06-15-16-41-00.237670,89
2020-06-15-16-41-00.250295,89
2020-06-15-16-41-00.262430,89
2020-06-15-16-41-00.274494,89
2020-06-15-16-41-00.286249,59
2020-06-15-16-41-00.297920,59
2020-06-15-16-41-00.310528,50
2020-06-15-16-41-00.322708,26
2020-06-15-16-41-00.334050,26
2020-06-15-16-41-00.345152,26
2020-06-15-16-41-00.356241,34
2020-06-15-16-41-00.368591,51
2020-06-15-16-41-00.380874,51
2020-06-15-16-41-00.393285,51
2020-06-15-16-41-00.405787,40
2020-06-15-16-41-00.416874,40
2020-06-15-16-41-00.427261,-1
2020-06-15-16-41-00.438520,16
2020-06-15-16-41-00.450466,16
2020-06-15-16-41-00.460640,16
2020-06-15-16-41-00.472726,2
2020-06-15-16-41-00.485034,2
2020-06-15-16-41-00.497857,2
2020-06-15-16-41-00.510550,4
2020-06-15-16-41-00.522833,22
2020-06-15-16-41-00.534329,22
2020-06-15-16-41-00.545792,22
2020-06-15-16-41-00.556863,22
2020-06-15-16-41-00.568792,39
2020-06-15-16-41-00.580896,25
2020-06-15-16-41-00.592975,25
2020-06-15-16-41-00.604337,25
2020-06-15-16-41-00.614484,67
2020-06-15-16-41-00.625459,67
2020-06-15-16-41-00.636649,67
2020-06-15-16-41-00.646912,72
2020-06-15-16-41-00.657981,54
2020-06-15-16-41-00.670407,54
2020-06-15-16-41-00.682811,54
2020-06-15-16-41-00.694380,33
2020-06-15-16-41-00.705244,33
2020-06-15-16-41-00.715627,33
2020-06-15-16-41-00.728444,7
2020-06-15-16-41-00.740428,7
2020-06-15-16-41-00.752868,7
2020-06-15-16-41-00.765444,32
2020-06-15-16-41-00.777964,32
2020-06-15-16-41-00.790417,32
2020-06-15-16-41-00.802768,8
2020-06-15-16-41-00.815231,20
2020-06-15-16-41-00.827406,20
2020-06-15-16-41-00.838951,9
2020-06-15-16-41-00.850338,9
2020-06-15-16-41-00.862984,9
2020-06-15-16-41-00.874948,34
2020-06-15-16-41-00.886900,34
2020-06-15-16-41-00.897826,34
2020-06-15-16-41-00.910360,34
2020-06-15-16-41-00.922903,34
2020-06-15-16-41-00.933535,50
2020-06-15-16-41-00.943681,52
2020-06-15-16-41-00.955116,52
2020-06-15-16-41-00.966152,34
2020-06-15-16-41-00.977346,34
2020-06-15-16-41-00.988298,34
2020-06-15-16-41-01.000385,80
2020-06-15-16-41-01.012813,55
2020-06-15-16-41-01.024023,55
2020-06-15-16-41-01.035481,55
2020-06-15-16-41-01.047556,40
2020-06-15-16-41-01.058197,40
2020-06-15-16-41-01.070358,40
2020-06-15-16-41-01.082785,44
2020-06-15-16-41-01.095153,44
2020-06-15-16-41-01.106292,44
2020-06-15-16-41-01.118829,12
2020-06-15-16-41-01.130319,12
2020-06-15-16-41-01.142752,12
2020-06-15-16-41-01.154766,12
2020-06-15-16-41-01.166046,12
2020-06-15-16-41-01.176927,27
2020-06-15-16-41-01.187049,27
2020-06-15-16-41-01.197231,27
2020-06-15-16-41-01.207854,13
2020-06-15-16-41-01.220375,38
2020-06-15-16-41-01.230755,38
2020-06-15-16-41-01.242202,38
2020-06-15-16-41-01.253096,39
2020-06-15-16-41-01.264567,39
2020-06-15-16-41-01.275873,39
2020-06-15-16-41-01.288179,42
2020-06-15-16-41-01.300381,39
2020-06-15-16-41-01.312799,39
2020-06-15-16-41-01.324967,13
2020-06-15-16-41-01.337572,13
2020-06-15-16-41-01.349703,13
2020-06-15-16-41-01.360450,40
2020-06-15-16-41-01.372762,40
2020-06-15-16-41-01.385444,40
2020-06-15-16-41-01.398277,59
2020-06-15-16-41-01.410467,59
2020-06-15-16-41-01.422712,59
2020-06-15-16-41-01.434330,53
2020-06-15-16-41-01.446714,53
2020-06-15-16-41-01.456946,53
2020-06-15-16-41-01.467923,39
2020-06-15-16-41-01.480373,20
2020-06-15-16-41-01.492684,20
2020-06-15-16-41-01.503204,20
2020-06-15-16-41-01.514234,36
2020-06-15-16-41-01.526538,44
2020-06-15-16-41-01.537761,44
2020-06-15-16-41-01.548869,44
2020-06-15-16-41-01.560971,44
2020-06-15-16-41-01.572710,-14
2020-06-15-16-41-01.585207,-14
2020-06-15-16-41-01.596567,-14
2020-06-15-16-41-01.607871,8
2020-06-15-16-41-01.620381,-19
2020-06-15-16-41-01.632720,-19
2020-06-15-16-41-01.645063,2
2020-06-15-16-41-01.656497,7
2020-06-15-16-41-01.668113,7
2020-06-15-16-41-01.680429,27
2020-06-15-16-41-01.693345,27
2020-06-15-16-41-01.703887,27
2020-06-15-16-41-01.714927,70
2020-06-15-16-41-01.726099,70
2020-06-15-16-41-01.737613,70
2020-06-15-16-41-01.749961,70
2020-06-15-16-41-01.761464,70
2020-06-15-16-41-01.772826,45
2020-06-15-16-41-01.784073,45
2020-06-15-16-41-01.796320,45
2020-06-15-16-41-01.807590,70
2020-06-15-16-41-01.819323,70
2020-06-15-16-41-01.830372,70
2020-06-15-16-41-01.842700,52
2020-06-15-16-41-01.854249,48
2020-06-15-16-41-01.865632,48
2020-06-15-16-41-01.876657,48
2020-06-15-16-41-01.888293,69
2020-06-15-16-41-01.900484,69
2020-06-15-16-41-01.912889,69
2020-06-15-16-41-01.924534,38
2020-06-15-16-41-01.936605,38
2020-06-15-16-41-01.948530,38
2020-06-15-16-41-01.961024,13
2020-06-15-16-41-01.972730,2
2020-06-15-16-41-01.985139,2
2020-06-15-16-41-01.995227,-29
2020-06-15-16-41-02.007494,3
2020-06-15-16-41-02.019728,3
2020-06-15-16-41-02.031554,3
2020-06-15-16-41-02.044064,3
2020-06-15-16-41-02.055487,3
2020-06-15-16-41-02.066791,-1
2020-06-15-16-41-02.079548,33
2020-06-15-16-41-02.091333,33
2020-06-15-16-41-02.103586,52
2020-06-15-16-41-02.114938,39
2020-06-15-16-41-02.126121,39
2020-06-15-16-41-02.137790,39
2020-06-15-16-41-02.150449,66
2020-06-15-16-41-02.162822,66
2020-06-15-16-41-02.174575,66
2020-06-15-16-41-02.186516,66
2020-06-15-16-41-02.198250,66
2020-06-15-16-41-02.210529,50
2020-06-15-16-41-02.223048,56
2020-06-15-16-41-02.235415,56
2020-06-15-16-41-02.248055,56
2020-06-15-16-41-02.260391,37
2020-06-15-16-41-02.272851,37
2020-06-15-16-41-02.283365,37
2020-06-15-16-41-02.295326,49
2020-06-15-16-41-02.306935,49
2020-06-15-16-41-02.319101,49
2020-06-15-16-41-02.330400,311
2020-06-15-16-41-02.342793,311
2020-06-15-16-41-02.354907,311
2020-06-15-16-41-02.366813,1340
2020-06-15-16-41-02.378729,963
2020-06-15-16-41-02.390498,963
2020-06-15-16-41-02.402901,1083
2020-06-15-16-41-02.414034,851
2020-06-15-16-41-02.424882,851
2020-06-15-16-41-02.436669,851
2020-06-15-16-41-02.446772,-181
2020-06-15-16-41-02.458587,-181
2020-06-15-16-41-02.469326,-181
2020-06-15-16-41-02.481022,-1325
2020-06-15-16-41-02.492767,-1325
2020-06-15-16-41-02.504251,-1325
2020-06-15-16-41-02.515897,-1115
2020-06-15-16-41-02.526923,-1115
2020-06-15-16-41-02.538639,-1115
2020-06-15-16-41-02.550407,-780
2020-06-15-16-41-02.562746,-487
2020-06-15-16-41-02.574072,-487
2020-06-15-16-41-02.586296,-278
2020-06-15-16-41-02.598033,-278
2020-06-15-16-41-02.610563,-278
2020-06-15-16-41-02.622742,70
2020-06-15-16-41-02.634609,70
2020-06-15-16-41-02.645654,70
2020-06-15-16-41-02.656760,70
2020-06-15-16-41-02.668163,183
2020-06-15-16-41-02.680493,202
2020-06-15-16-41-02.693307,202
2020-06-15-16-41-02.705982,202
2020-06-15-16-41-02.716983,228
2020-06-15-16-41-02.729296,228
2020-06-15-16-41-02.740435,228
2020-06-15-16-41-02.752798,215
2020-06-15-16-41-02.765172,215
2020-06-15-16-41-02.777023,215
2020-06-15-16-41-02.788443,196
2020-06-15-16-41-02.800402,200
2020-06-15-16-41-02.812792,200
2020-06-15-16-41-02.824453,200
2020-06-15-16-41-02.835791,200
2020-06-15-16-41-02.846660,200
2020-06-15-16-41-02.857907,203
2020-06-15-16-41-02.870429,107
2020-06-15-16-41-02.882874,107
2020-06-15-16-41-02.894977,107
2020-06-15-16-41-02.906831,93
2020-06-15-16-41-02.918590,93
2020-06-15-16-41-02.930556,93
2020-06-15-16-41-02.943077,93
2020-06-15-16-41-02.954729,93
2020-06-15-16-41-02.965564,108
2020-06-15-16-41-02.976404,54
2020-06-15-16-41-02.987699,54
2020-06-15-16-41-02.998577,54
2020-06-15-16-41-03.010532,71
2020-06-15-16-41-03.023109,71
2020-06-15-16-41-03.035692,71
2020-06-15-16-41-03.046562,59
2020-06-15-16-41-03.057884,59
2020-06-15-16-41-03.070520,59
2020-06-15-16-41-03.082884,56
2020-06-15-16-41-03.093689,56
2020-06-15-16-41-03.106270,56
2020-06-15-16-41-03.117285,28
2020-06-15-16-41-03.128533,41
2020-06-15-16-41-03.140479,41
2020-06-15-16-41-03.152868,41
2020-06-15-16-41-03.164584,67
2020-06-15-16-41-03.176038,67
2020-06-15-16-41-03.187814,67
2020-06-15-16-41-03.200489,64
2020-06-15-16-41-03.212858,64
2020-06-15-16-41-03.224420,64
2020-06-15-16-41-03.234854,64
2020-06-15-16-41-03.247104,64
2020-06-15-16-41-03.258892,64
2020-06-15-16-41-03.270482,73
2020-06-15-16-41-03.282805,73
2020-06-15-16-41-03.294320,73
2020-06-15-16-41-03.304842,59
2020-06-15-16-41-03.316210,36
2020-06-15-16-41-03.328771,36
2020-06-15-16-41-03.340544,41
2020-06-15-16-41-03.352858,19
2020-06-15-16-41-03.364472,19
2020-06-15-16-41-03.375860,19
2020-06-15-16-41-03.387687,44
2020-06-15-16-41-03.399309,44
2020-06-15-16-41-03.410601,44
2020-06-15-16-41-03.423054,13
2020-06-15-16-41-03.434839,13
2020-06-15-16-41-03.446394,13
2020-06-15-16-41-03.457392,16
2020-06-15-16-41-03.470046,16
2020-06-15-16-41-03.480992,16
2020-06-15-16-41-03.493264,10
2020-06-15-16-41-03.503420,10
2020-06-15-16-41-03.514425,10
2020-06-15-16-41-03.525199,5
2020-06-15-16-41-03.537305,5
2020-06-15-16-41-03.550001,5
2020-06-15-16-41-03.561139,5
2020-06-15-16-41-03.572802,8
2020-06-15-16-41-03.585337,8
2020-06-15-16-41-03.597605,8
2020-06-15-16-41-03.608298,22
2020-06-15-16-41-03.620533,22
2020-06-15-16-41-03.632759,22
2020-06-15-16-41-03.645535,56
2020-06-15-16-41-03.658160,56
2020-06-15-16-41-03.670558,56
2020-06-15-16-41-03.683076,70
2020-06-15-16-41-03.693552,70
2020-06-15-16-41-03.704761,70
2020-06-15-16-41-03.717145,40
2020-06-15-16-41-03.728790,40
2020-06-15-16-41-03.740580,40
2020-06-15-16-41-03.752765,33
2020-06-15-16-41-03.764862,48
2020-06-15-16-41-03.776223,48
2020-06-15-16-41-03.787881,9
2020-06-15-16-41-03.800964,33
2020-06-15-16-41-03.813201,33
2020-06-15-16-41-03.825060,18
2020-06-15-16-41-03.837361,33
2020-06-15-16-41-03.848585,33
2020-06-15-16-41-03.861141,33
2020-06-15-16-41-03.873828,-4
2020-06-15-16-41-03.886030,-4
2020-06-15-16-41-03.898392,-4
2020-06-15-16-41-03.910476,23
2020-06-15-16-41-03.922812,23
2020-06-15-16-41-03.934640,23
2020-06-15-16-41-03.944766,38
2020-06-15-16-41-03.956035,36
2020-06-15-16-41-03.966883,36
2020-06-15-16-41-03.978282,36
2020-06-15-16-41-03.990460,64
2020-06-15-16-41-04.001482,64
2020-06-15-16-41-04.012843,64
2020-06-15-16-41-04.025170,44
2020-06-15-16-41-04.037761,44
2020-06-15-16-41-04.049272,44
2020-06-15-16-41-04.061046,57
2020-06-15-16-41-04.072999,73
2020-06-15-16-41-04.085400,73
2020-06-15-16-41-04.096728,73
2020-06-15-16-41-04.109287,64
2020-06-15-16-41-04.121341,64
2020-06-15-16-41-04.132817,-7
2020-06-15-16-41-04.144424,-7
2020-06-15-16-41-04.155732,-7
2020-06-15-16-41-04.166053,34
2020-06-15-16-41-04.178551,34
2020-06-15-16-41-04.190433,34
2020-06-15-16-41-04.202796,18
2020-06-15-16-41-04.213495,18
2020-06-15-16-41-04.225533,18
2020-06-15-16-41-04.235641,-2
2020-06-15-16-41-04.245751,-11
2020-06-15-16-41-04.258038,-11
2020-06-15-16-41-04.270451,-11
2020-06-15-16-41-04.282868,21
2020-06-15-16-41-04.295113,21
2020-06-15-16-41-04.306902,21
2020-06-15-16-41-04.317996,35
2020-06-15-16-41-04.330555,35
2020-06-15-16-41-04.342823,35
2020-06-15-16-41-04.352932,27
2020-06-15-16-41-04.363123,27
2020-06-15-16-41-04.374612,27
2020-06-15-16-41-04.386758,57
2020-06-15-16-41-04.399086,50
2020-06-15-16-41-04.411414,50
2020-06-15-16-41-04.423483,35
2020-06-15-16-41-04.436266,54
2020-06-15-16-41-04.448845,54
2020-06-15-16-41-04.462014,54
2020-06-15-16-41-04.474491,37
2020-06-15-16-41-04.486082,37
2020-06-15-16-41-04.496817,37
2020-06-15-16-41-04.509326,36
2020-06-15-16-41-04.520457,36
2020-06-15-16-41-04.532919,36
2020-06-15-16-41-04.543288,18
2020-06-15-16-41-04.554851,18
2020-06-15-16-41-04.567097,18
2020-06-15-16-41-04.578871,26
2020-06-15-16-41-04.590472,32
2020-06-15-16-41-04.602819,32
2020-06-15-16-41-04.614700,12
2020-06-15-16-41-04.625568,12
2020-06-15-16-41-04.637944,12
2020-06-15-16-41-04.650530,16
2020-06-15-16-41-04.662915,16
2020-06-15-16-41-04.674390,16
2020-06-15-16-41-04.686481,17
2020-06-15-16-41-04.697905,17
2020-06-15-16-41-04.710474,17
2020-06-15-16-41-04.722889,41
2020-06-15-16-41-04.735223,41
2020-06-15-16-41-04.745788,41
2020-06-15-16-41-04.756632,41
2020-06-15-16-41-04.768340,41
2020-06-15-16-41-04.780807,41
2020-06-15-16-41-04.792954,59
2020-06-15-16-41-04.803071,38
2020-06-15-16-41-04.814186,38
2020-06-15-16-41-04.825905,38
2020-06-15-16-41-04.837757,42
2020-06-15-16-41-04.850416,42
2020-06-15-16-41-04.862824,42
2020-06-15-16-41-04.874368,20
2020-06-15-16-41-04.886611,20
2020-06-15-16-41-04.902047,20
2020-06-15-16-41-04.912956,-9
2020-06-15-16-41-04.924748,-9
2020-06-15-16-41-04.937369,-9
2020-06-15-16-41-04.947832,-27
2020-06-15-16-41-04.960135,-1
2020-06-15-16-41-04.970851,-1
2020-06-15-16-41-04.982848,-1
2020-06-15-16-41-04.994677,40
2020-06-15-16-41-05.006856,40
2020-06-15-16-41-05.018228,40
2020-06-15-16-41-05.031062,23
2020-06-15-16-41-05.042946,23
2020-06-15-16-41-05.055698,23
2020-06-15-16-41-05.066424,27
2020-06-15-16-41-05.076771,68
2020-06-15-16-41-05.087470,68
2020-06-15-16-41-05.098574,68
2020-06-15-16-41-05.110488,41
2020-06-15-16-41-05.122880,41
2020-06-15-16-41-05.134440,41
2020-06-15-16-41-05.145977,42
2020-06-15-16-41-05.156884,42
2020-06-15-16-41-05.168479,42
2020-06-15-16-41-05.180567,54
2020-06-15-16-41-05.192935,28
2020-06-15-16-41-05.204154,28
2020-06-15-16-41-05.216705,35
2020-06-15-16-41-05.227562,23
2020-06-15-16-41-05.240115,23
2020-06-15-16-41-05.251082,23
2020-06-15-16-41-05.262859,17
2020-06-15-16-41-05.274436,17
2020-06-15-16-41-05.286077,17
2020-06-15-16-41-05.296687,42
2020-06-15-16-41-05.308309,39
2020-06-15-16-41-05.320581,39
2020-06-15-16-41-05.332869,39
2020-06-15-16-41-05.344607,39
2020-06-15-16-41-05.355775,39
2020-06-15-16-41-05.366696,19
2020-06-15-16-41-05.377862,27
2020-06-15-16-41-05.390160,27
2020-06-15-16-41-05.401201,27
2020-06-15-16-41-05.412868,27
2020-06-15-16-41-05.424558,21
2020-06-15-16-41-05.435772,21
2020-06-15-16-41-05.447935,-6
2020-06-15-16-41-05.461130,-6
2020-06-15-16-41-05.472857,3
2020-06-15-16-41-05.482993,3
2020-06-15-16-41-05.494930,3
2020-06-15-16-41-05.505039,23
2020-06-15-16-41-05.517011,23
2020-06-15-16-41-05.528967,23
2020-06-15-16-41-05.540649,6
2020-06-15-16-41-05.552943,51
2020-06-15-16-41-05.563194,51
2020-06-15-16-41-05.574443,51
2020-06-15-16-41-05.586472,57
2020-06-15-16-41-05.598249,57
2020-06-15-16-41-05.610735,57
2020-06-15-16-41-05.623117,68
2020-06-15-16-41-05.634963,68
2020-06-15-16-41-05.645749,68
2020-06-15-16-41-05.656138,68
2020-06-15-16-41-05.667939,55
2020-06-15-16-41-05.680482,55
2020-06-15-16-41-05.692949,55
2020-06-15-16-41-05.703560,26
2020-06-15-16-41-05.716146,26
2020-06-15-16-41-05.727543,26
2020-06-15-16-41-05.738140,-27
2020-06-15-16-41-05.750563,26
2020-06-15-16-41-05.763263,26
2020-06-15-16-41-05.775928,21
2020-06-15-16-41-05.788011,32
2020-06-15-16-41-05.800517,32
2020-06-15-16-41-05.812857,13
2020-06-15-16-41-05.825208,35
2020-06-15-16-41-05.837644,35
2020-06-15-16-41-05.848044,35
2020-06-15-16-41-05.860473,-10
2020-06-15-16-41-05.873140,-10
2020-06-15-16-41-05.885030,-10
2020-06-15-16-41-05.897007,44
2020-06-15-16-41-05.908801,44
2020-06-15-16-41-05.920926,44
2020-06-15-16-41-05.932901,65
2020-06-15-16-41-05.943115,65
2020-06-15-16-41-05.955766,65
2020-06-15-16-41-05.968056,74
2020-06-15-16-41-05.980612,26
2020-06-15-16-41-05.992890,26
2020-06-15-16-41-06.005221,45
2020-06-15-16-41-06.017123,45
2020-06-15-16-41-06.028415,45
2020-06-15-16-41-06.040589,45
2020-06-15-16-41-06.052998,9
2020-06-15-16-41-06.065147,9
2020-06-15-16-41-06.076283,9
2020-06-15-16-41-06.087078,24
2020-06-15-16-41-06.098614,3
2020-06-15-16-41-06.110596,3
2020-06-15-16-41-06.123268,5
2020-06-15-16-41-06.134694,5
2020-06-15-16-41-06.144944,5
2020-06-15-16-41-06.156493,5
2020-06-15-16-41-06.168576,41
2020-06-15-16-41-06.180581,41
2020-06-15-16-41-06.192908,41
2020-06-15-16-41-06.203857,25
2020-06-15-16-41-06.215244,36
2020-06-15-16-41-06.227482,36
2020-06-15-16-41-06.238347,36
2020-06-15-16-41-06.250599,36
2020-06-15-16-41-06.263294,57
2020-06-15-16-41-06.275079,456
2020-06-15-16-41-06.285738,456
2020-06-15-16-41-06.296877,456
2020-06-15-16-41-06.309078,694
2020-06-15-16-41-06.320581,694
2020-06-15-16-41-06.332873,694
2020-06-15-16-41-06.344340,1184
2020-06-15-16-41-06.355269,1184
2020-06-15-16-41-06.367659,1184
2020-06-15-16-41-06.378831,-210
2020-06-15-16-41-06.390581,-210
2020-06-15-16-41-06.402855,-210
2020-06-15-16-41-06.414536,-1892
2020-06-15-16-41-06.426101,-1892
2020-06-15-16-41-06.436282,-1892
2020-06-15-16-41-06.447971,-2048
2020-06-15-16-41-06.460518,-1842
2020-06-15-16-41-06.472977,-1842
2020-06-15-16-41-06.485516,-1308
2020-06-15-16-41-06.497501,-809
2020-06-15-16-41-06.508357,-809
2020-06-15-16-41-06.520611,-809
2020-06-15-16-41-06.532858,64
2020-06-15-16-41-06.545358,64
2020-06-15-16-41-06.556413,64
2020-06-15-16-41-06.568952,538
2020-06-15-16-41-06.580570,538
2020-06-15-16-41-06.592850,538
2020-06-15-16-41-06.605165,742
2020-06-15-16-41-06.616503,742
2020-06-15-16-41-06.628228,742
2020-06-15-16-41-06.640570,679
2020-06-15-16-41-06.652962,660
2020-06-15-16-41-06.663571,660
2020-06-15-16-41-06.674968,660
2020-06-15-16-41-06.686502,550
2020-06-15-16-41-06.699024,550
2020-06-15-16-41-06.710520,550
2020-06-15-16-41-06.722977,419
2020-06-15-16-41-06.734931,419
2020-06-15-16-41-06.745098,419
2020-06-15-16-41-06.757789,385
2020-06-15-16-41-06.770197,327
2020-06-15-16-41-06.782868,327
2020-06-15-16-41-06.795210,275
2020-06-15-16-41-06.806371,194
2020-06-15-16-41-06.817684,194
2020-06-15-16-41-06.830026,194
2020-06-15-16-41-06.841418,194
2020-06-15-16-41-06.853588,194
2020-06-15-16-41-06.865274,161
2020-06-15-16-41-06.876361,124
2020-06-15-16-41-06.886595,124
2020-06-15-16-41-06.902443,86
2020-06-15-16-41-06.914716,99
2020-06-15-16-41-06.927173,99
2020-06-15-16-41-06.938786,42
2020-06-15-16-41-06.950636,42
2020-06-15-16-41-06.963397,42
2020-06-15-16-41-06.975056,55
2020-06-15-16-41-06.987281,55
2020-06-15-16-41-06.998411,55
2020-06-15-16-41-07.010669,28
2020-06-15-16-41-07.022886,56
2020-06-15-16-41-07.034342,56
2020-06-15-16-41-07.046948,64
2020-06-15-16-41-07.058988,50
2020-06-15-16-41-07.071028,50
2020-06-15-16-41-07.083177,50
2020-06-15-16-41-07.093887,-8
2020-06-15-16-41-07.104017,-8
2020-06-15-16-41-07.114135,-8
2020-06-15-16-41-07.125326,5
2020-06-15-16-41-07.136275,5
2020-06-15-16-41-07.147341,5
2020-06-15-16-41-07.157688,5
2020-06-15-16-41-07.170500,-4
2020-06-15-16-41-07.182886,-4
2020-06-15-16-41-07.194755,-4
2020-06-15-16-41-07.205914,10
2020-06-15-16-41-07.217481,10
2020-06-15-16-41-07.229851,10
2020-06-15-16-41-07.240605,26
2020-06-15-16-41-07.252988,26
2020-06-15-16-41-07.264197,26
2020-06-15-16-41-07.275555,7
2020-06-15-16-41-07.287813,7
2020-06-15-16-41-07.299182,7
2020-06-15-16-41-07.310640,7
2020-06-15-16-41-07.322991,-26
2020-06-15-16-41-07.334512,-3
2020-06-15-16-41-07.345315,-3
2020-06-15-16-41-07.357795,-3
2020-06-15-16-41-07.369141,10
2020-06-15-16-41-07.381240,10
2020-06-15-16-41-07.392917,10
2020-06-15-16-41-07.403590,6
2020-06-15-16-41-07.414257,6
2020-06-15-16-41-07.425713,6
2020-06-15-16-41-07.437881,6
2020-06-15-16-41-07.449443,6
2020-06-15-16-41-07.461146,20
2020-06-15-16-41-07.472884,33
2020-06-15-16-41-07.485427,33
2020-06-15-16-41-07.496886,33
2020-06-15-16-41-07.508550,20
2020-06-15-16-41-07.520573,20
2020-06-15-16-41-07.533240,20
2020-06-15-16-41-07.545109,25
2020-06-15-16-41-07.556901,25
2020-06-15-16-41-07.568565,25
2020-06-15-16-41-07.580601,-24
2020-06-15-16-41-07.593309,-24
2020-06-15-16-41-07.603540,-24
2020-06-15-16-41-07.613854,-8
2020-06-15-16-41-07.625963,-8
2020-06-15-16-41-07.637802,-8
2020-06-15-16-41-07.650236,-12
2020-06-15-16-41-07.661906,-12
2020-06-15-16-41-07.674216,-12
2020-06-15-16-41-07.685626,-6
2020-06-15-16-41-07.697268,50
2020-06-15-16-41-07.708783,50
2020-06-15-16-41-07.720614,17
2020-06-15-16-41-07.733023,-13
2020-06-15-16-41-07.743947,-13
2020-06-15-16-41-07.754997,-13
2020-06-15-16-41-07.767499,49
2020-06-15-16-41-07.779020,49
2020-06-15-16-41-07.790631,49
2020-06-15-16-41-07.802894,28
2020-06-15-16-41-07.815278,28
2020-06-15-16-41-07.826763,28
2020-06-15-16-41-07.838706,68
2020-06-15-16-41-07.850806,16
2020-06-15-16-41-07.865567,16
2020-06-15-16-41-07.877743,72
2020-06-15-16-41-07.888534,1
2020-06-15-16-41-07.902818,1
2020-06-15-16-41-07.915010,19
2020-06-15-16-41-07.926235,-7
2020-06-15-16-41-07.937636,-7
2020-06-15-16-41-07.950084,-7
2020-06-15-16-41-07.961272,-7
2020-06-15-16-41-07.972912,-7
2020-06-15-16-41-07.984659,-13
2020-06-15-16-41-07.995560,-13
2020-06-15-16-41-08.007826,-13
2020-06-15-16-41-08.019898,5
2020-06-15-16-41-08.030884,5
2020-06-15-16-41-08.043016,5
2020-06-15-16-41-08.054983,5
2020-06-15-16-41-08.067670,36
2020-06-15-16-41-08.079659,36
2020-06-15-16-41-08.090651,36
2020-06-15-16-41-08.103025,26
2020-06-15-16-41-08.115714,26
2020-06-15-16-41-08.127261,26
2020-06-15-16-41-08.137946,42
2020-06-15-16-41-08.150640,42
2020-06-15-16-41-08.163606,42
2020-06-15-16-41-08.175453,37
2020-06-15-16-41-08.187992,37
2020-06-15-16-41-08.200532,37
2020-06-15-16-41-08.212977,44
2020-06-15-16-41-08.223134,44
2020-06-15-16-41-08.235197,44
2020-06-15-16-41-08.247714,23
2020-06-15-16-41-08.259924,41
2020-06-15-16-41-08.271259,41
2020-06-15-16-41-08.282922,48
2020-06-15-16-41-08.294618,-13
2020-06-15-16-41-08.307209,-13
2020-06-15-16-41-08.318199,-13
2020-06-15-16-41-08.330622,8
2020-06-15-16-41-08.343012,8
2020-06-15-16-41-08.354679,8
2020-06-15-16-41-08.365098,23
2020-06-15-16-41-08.376890,23
2020-06-15-16-41-08.389295,23
2020-06-15-16-41-08.401295,21
2020-06-15-16-41-08.413015,21
2020-06-15-16-41-08.425785,21
2020-06-15-16-41-08.436043,25
2020-06-15-16-41-08.448394,25
2020-06-15-16-41-08.460775,25
2020-06-15-16-41-08.472903,10
2020-06-15-16-41-08.484276,35
2020-06-15-16-41-08.495058,35
2020-06-15-16-41-08.506068,35
2020-06-15-16-41-08.517432,50
2020-06-15-16-41-08.529884,50
2020-06-15-16-41-08.540991,50
2020-06-15-16-41-08.552992,32
2020-06-15-16-41-08.564402,32
2020-06-15-16-41-08.576517,32
2020-06-15-16-41-08.588615,32
2020-06-15-16-41-08.600613,41
2020-06-15-16-41-08.613018,43
2020-06-15-16-41-08.623145,43
2020-06-15-16-41-08.634410,43
2020-06-15-16-41-08.645868,43
2020-06-15-16-41-08.656158,4
2020-06-15-16-41-08.668791,56
2020-06-15-16-41-08.680646,56
2020-06-15-16-41-08.693354,56
2020-06-15-16-41-08.704171,22
2020-06-15-16-41-08.715140,22
2020-06-15-16-41-08.727229,22
2020-06-15-16-41-08.739008,-13
2020-06-15-16-41-08.750693,-13
2020-06-15-16-41-08.763324,-13
2020-06-15-16-41-08.774872,28
2020-06-15-16-41-08.787241,28
2020-06-15-16-41-08.799261,28
2020-06-15-16-41-08.810680,45
2020-06-15-16-41-08.822988,45
2020-06-15-16-41-08.835260,45
2020-06-15-16-41-08.847817,51
2020-06-15-16-41-08.861792,51
2020-06-15-16-41-08.873072,51
2020-06-15-16-41-08.883810,37
2020-06-15-16-41-08.894752,37
2020-06-15-16-41-08.906882,37
2020-06-15-16-41-08.918918,39
2020-06-15-16-41-08.930674,19
2020-06-15-16-41-08.943040,19
2020-06-15-16-41-08.954286,19
2020-06-15-16-41-08.965469,59
2020-06-15-16-41-08.977728,59
2020-06-15-16-41-08.989154,59
2020-06-15-16-41-09.000699,2
2020-06-15-16-41-09.013067,2
2020-06-15-16-41-09.023759,2
2020-06-15-16-41-09.035456,40
2020-06-15-16-41-09.046470,24
2020-06-15-16-41-09.058508,24
2020-06-15-16-41-09.070575,24
2020-06-15-16-41-09.083230,-4
2020-06-15-16-41-09.094823,-4
2020-06-15-16-41-09.105947,-4
2020-06-15-16-41-09.118286,38
2020-06-15-16-41-09.130697,38
2020-06-15-16-41-09.143048,38
2020-06-15-16-41-09.155262,23
2020-06-15-16-41-09.167597,23
2020-06-15-16-41-09.179795,23
2020-06-15-16-41-09.191971,3
2020-06-15-16-41-09.203897,11
2020-06-15-16-41-09.215506,11
2020-06-15-16-41-09.226522,11
2020-06-15-16-41-09.237986,11
2020-06-15-16-41-09.250149,11
2020-06-15-16-41-09.261627,11
2020-06-15-16-41-09.273402,45
2020-06-15-16-41-09.285752,39
2020-06-15-16-41-09.297165,39
2020-06-15-16-41-09.307658,39
2020-06-15-16-41-09.318861,70
2020-06-15-16-41-09.330627,70
2020-06-15-16-41-09.343055,70
2020-06-15-16-41-09.354446,68
2020-06-15-16-41-09.364936,68
2020-06-15-16-41-09.376365,68
2020-06-15-16-41-09.388411,56
2020-06-15-16-41-09.401243,56
2020-06-15-16-41-09.412961,56
2020-06-15-16-41-09.424191,9
2020-06-15-16-41-09.435883,9
2020-06-15-16-41-09.448280,19
2020-06-15-16-41-09.460691,19
2020-06-15-16-41-09.473340,19
2020-06-15-16-41-09.485482,-5
2020-06-15-16-41-09.497606,-5
2020-06-15-16-41-09.508803,-5
2020-06-15-16-41-09.520712,23
2020-06-15-16-41-09.533145,23
2020-06-15-16-41-09.544400,23
2020-06-15-16-41-09.555213,23
2020-06-15-16-41-09.565690,39
2020-06-15-16-41-09.578030,39
2020-06-15-16-41-09.590708,39
2020-06-15-16-41-09.603088,11
2020-06-15-16-41-09.615777,11
2020-06-15-16-41-09.627293,11
2020-06-15-16-41-09.638039,42
2020-06-15-16-41-09.648844,42
2020-06-15-16-41-09.661168,42
2020-06-15-16-41-09.673338,37
2020-06-15-16-41-09.684964,36
2020-06-15-16-41-09.697572,36
2020-06-15-16-41-09.708623,35
2020-06-15-16-41-09.720654,28
2020-06-15-16-41-09.733084,28
2020-06-15-16-41-09.745414,52
2020-06-15-16-41-09.757515,36
2020-06-15-16-41-09.770095,36
2020-06-15-16-41-09.781777,36
2020-06-15-16-41-09.793931,44
2020-06-15-16-41-09.805023,44
2020-06-15-16-41-09.816482,44
2020-06-15-16-41-09.828125,44
2020-06-15-16-41-09.840740,44
2020-06-15-16-41-09.853105,44
2020-06-15-16-41-09.865421,34
2020-06-15-16-41-09.876986,34
2020-06-15-16-41-09.888045,34
2020-06-15-16-41-09.904487,21
2020-06-15-16-41-09.917057,23
2020-06-15-16-41-09.928858,23
2020-06-15-16-41-09.940607,23
2020-06-15-16-41-09.952970,38
2020-06-15-16-41-09.963842,38
2020-06-15-16-41-09.974350,38
2020-06-15-16-41-09.985576,2
2020-06-15-16-41-09.995758,41
2020-06-15-16-41-10.006760,41
2020-06-15-16-41-10.018212,41
2020-06-15-16-41-10.030726,59
2020-06-15-16-41-10.043047,59
2020-06-15-16-41-10.055550,59
2020-06-15-16-41-10.066419,39
2020-06-15-16-41-10.079085,39
2020-06-15-16-41-10.090746,39
2020-06-15-16-41-10.103079,38
2020-06-15-16-41-10.114873,38
2020-06-15-16-41-10.126555,38
2020-06-15-16-41-10.137473,38
2020-06-15-16-41-10.149723,38
2020-06-15-16-41-10.161342,22
2020-06-15-16-41-10.173038,22
2020-06-15-16-41-10.185436,22
2020-06-15-16-41-10.197315,26
2020-06-15-16-41-10.208190,26
2020-06-15-16-41-10.220721,26
2020-06-15-16-41-10.233077,28
2020-06-15-16-41-10.244641,18
2020-06-15-16-41-10.256884,18
2020-06-15-16-41-10.269209,18
2020-06-15-16-41-10.281139,11
2020-06-15-16-41-10.293127,11
2020-06-15-16-41-10.303906,11
2020-06-15-16-41-10.315177,26
2020-06-15-16-41-10.327528,26
2020-06-15-16-41-10.339531,26
2020-06-15-16-41-10.351453,-8
2020-06-15-16-41-10.363304,-8
2020-06-15-16-41-10.375165,-8
2020-06-15-16-41-10.386802,60
2020-06-15-16-41-10.398387,60
2020-06-15-16-41-10.410733,60
2020-06-15-16-41-10.423134,74
2020-06-15-16-41-10.434622,74
2020-06-15-16-41-10.445076,74
2020-06-15-16-41-10.456657,21
2020-06-15-16-41-10.468525,21
2020-06-15-16-41-10.480728,21
2020-06-15-16-41-10.493016,37
2020-06-15-16-41-10.503564,37
2020-06-15-16-41-10.515239,37
2020-06-15-16-41-10.527481,16
2020-06-15-16-41-10.537936,20
2020-06-15-16-41-10.549064,20
2020-06-15-16-41-10.560680,20
2020-06-15-16-41-10.573472,17
2020-06-15-16-41-10.585562,17
2020-06-15-16-41-10.596523,17
2020-06-15-16-41-10.608174,26
2020-06-15-16-41-10.620706,26
2020-06-15-16-41-10.633407,26
2020-06-15-16-41-10.645253,-19
2020-06-15-16-41-10.656175,-19
2020-06-15-16-41-10.667453,-19
2020-06-15-16-41-10.679716,44
2020-06-15-16-41-10.690753,44
2020-06-15-16-41-10.703028,44
2020-06-15-16-41-10.715540,26
2020-06-15-16-41-10.726542,26
2020-06-15-16-41-10.737447,26
2020-06-15-16-41-10.748934,26
2020-06-15-16-41-10.761175,59
2020-06-15-16-41-10.773147,59
2020-06-15-16-41-10.783977,59
2020-06-15-16-41-10.795225,76
2020-06-15-16-41-10.806582,76
2020-06-15-16-41-10.817426,76
2020-06-15-16-41-10.829135,64
2020-06-15-16-41-10.840651,105
2020-06-15-16-41-10.850779,105
2020-06-15-16-41-10.863381,105
2020-06-15-16-41-10.874723,358
2020-06-15-16-41-10.886738,358
2020-06-15-16-41-10.898663,358
2020-06-15-16-41-10.910657,1285
2020-06-15-16-41-10.923107,1285
2020-06-15-16-41-10.934449,1285
2020-06-15-16-41-10.946474,1141
2020-06-15-16-41-10.958513,1141
2020-06-15-16-41-10.970650,868
2020-06-15-16-41-10.983073,325
2020-06-15-16-41-10.994985,325
2020-06-15-16-41-11.007045,-642
2020-06-15-16-41-11.019553,-1838
2020-06-15-16-41-11.031410,-1838
2020-06-15-16-41-11.043398,-1838
2020-06-15-16-41-11.055644,-1940
2020-06-15-16-41-11.067390,-1940
2020-06-15-16-41-11.078762,-1940
2020-06-15-16-41-11.090665,-1410
2020-06-15-16-41-11.103009,-828
2020-06-15-16-41-11.113575,-828
2020-06-15-16-41-11.124845,-578
2020-06-15-16-41-11.136547,-42
2020-06-15-16-41-11.146976,-42
2020-06-15-16-41-11.159289,230
2020-06-15-16-41-11.170771,230
2020-06-15-16-41-11.182985,230
2020-06-15-16-41-11.194924,540
2020-06-15-16-41-11.207112,567
2020-06-15-16-41-11.218579,567
2020-06-15-16-41-11.230680,567
2020-06-15-16-41-11.243010,520
2020-06-15-16-41-11.255018,520
2020-06-15-16-41-11.267233,520
2020-06-15-16-41-11.279762,502
2020-06-15-16-41-11.292559,502
2020-06-15-16-41-11.303662,502
2020-06-15-16-41-11.315392,405
2020-06-15-16-41-11.326177,405
2020-06-15-16-41-11.338586,405
2020-06-15-16-41-11.350776,405
2020-06-15-16-41-11.363356,314
2020-06-15-16-41-11.375330,314
2020-06-15-16-41-11.385858,314
2020-06-15-16-41-11.397441,215
2020-06-15-16-41-11.409407,215
2020-06-15-16-41-11.420808,215
2020-06-15-16-41-11.433114,147
2020-06-15-16-41-11.444967,147
2020-06-15-16-41-11.456564,147
2020-06-15-16-41-11.467646,125
2020-06-15-16-41-11.479131,132
2020-06-15-16-41-11.490708,132
2020-06-15-16-41-11.503490,133
2020-06-15-16-41-11.515285,133
2020-06-15-16-41-11.527250,133
2020-06-15-16-41-11.539618,122
2020-06-15-16-41-11.550797,101
2020-06-15-16-41-11.563412,101
2020-06-15-16-41-11.575075,86
2020-06-15-16-41-11.586621,66
2020-06-15-16-41-11.598162,66
2020-06-15-16-41-11.610756,66
2020-06-15-16-41-11.623135,92
2020-06-15-16-41-11.635067,92
2020-06-15-16-41-11.647426,92
2020-06-15-16-41-11.659892,49
2020-06-15-16-41-11.671422,49
2020-06-15-16-41-11.683081,49
2020-06-15-16-41-11.695121,4
2020-06-15-16-41-11.706654,27
2020-06-15-16-41-11.716872,27
2020-06-15-16-41-11.728216,27
2020-06-15-16-41-11.740927,-1
2020-06-15-16-41-11.753037,-1
2020-06-15-16-41-11.765228,-1
2020-06-15-16-41-11.776655,-24
2020-06-15-16-41-11.788108,-24
2020-06-15-16-41-11.800914,33
2020-06-15-16-41-11.813373,33
2020-06-15-16-41-11.826069,33
2020-06-15-16-41-11.838596,10
2020-06-15-16-41-11.850755,10
2020-06-15-16-41-11.863337,10
2020-06-15-16-41-11.875900,56
2020-06-15-16-41-11.886846,56
2020-06-15-16-41-11.897446,56
2020-06-15-16-41-11.908267,12
2020-06-15-16-41-11.920783,12
2020-06-15-16-41-11.933030,12
2020-06-15-16-41-11.944902,12
2020-06-15-16-41-11.956508,29
2020-06-15-16-41-11.968894,50
2020-06-15-16-41-11.980732,50
2020-06-15-16-41-11.993071,43
2020-06-15-16-41-12.004708,38
2020-06-15-16-41-12.017141,38
2020-06-15-16-41-12.029437,17
2020-06-15-16-41-12.042366,12
2020-06-15-16-41-12.054758,12
2020-06-15-16-41-12.066776,9
2020-06-15-16-41-12.078222,23
2020-06-15-16-41-12.090740,23
2020-06-15-16-41-12.103125,3
2020-06-15-16-41-12.113781,4
2020-06-15-16-41-12.124448,4
2020-06-15-16-41-12.136212,4
2020-06-15-16-41-12.146622,2
2020-06-15-16-41-12.159052,2
2020-06-15-16-41-12.170768,2
2020-06-15-16-41-12.183037,21
2020-06-15-16-41-12.195448,1
2020-06-15-16-41-12.206110,1
2020-06-15-16-41-12.218468,29
2020-06-15-16-41-12.231366,29
2020-06-15-16-41-12.243011,29
2020-06-15-16-41-12.254651,37
2020-06-15-16-41-12.265486,26
2020-06-15-16-41-12.277125,26
2020-06-15-16-41-12.288141,26
2020-06-15-16-41-12.300659,40
2020-06-15-16-41-12.313068,40
2020-06-15-16-41-12.324664,40
2020-06-15-16-41-12.335396,60
2020-06-15-16-41-12.347466,60
2020-06-15-16-41-12.358410,60
2020-06-15-16-41-12.370684,20
2020-06-15-16-41-12.383048,20
2020-06-15-16-41-12.395147,20
2020-06-15-16-41-12.405579,28
2020-06-15-16-41-12.417138,5
2020-06-15-16-41-12.428450,5
2020-06-15-16-41-12.440814,7
2020-06-15-16-41-12.453184,7
2020-06-15-16-41-12.465477,7
2020-06-15-16-41-12.477960,6
2020-06-15-16-41-12.489695,6
2020-06-15-16-41-12.501371,6
2020-06-15-16-41-12.513198,10
2020-06-15-16-41-12.523455,11
2020-06-15-16-41-12.535658,11
2020-06-15-16-41-12.547013,11
2020-06-15-16-41-12.559390,26
2020-06-15-16-41-12.570789,26
2020-06-15-16-41-12.583110,26
2020-06-15-16-41-12.595905,17
2020-06-15-16-41-12.607761,17
2020-06-15-16-41-12.619016,17
2020-06-15-16-41-12.632062,70
2020-06-15-16-41-12.644995,70
2020-06-15-16-41-12.657842,70
2020-06-15-16-41-12.668633,54
2020-06-15-16-41-12.681239,54
2020-06-15-16-41-12.693172,54
2020-06-15-16-41-12.704313,50
2020-06-15-16-41-12.714916,50
2020-06-15-16-41-12.727205,50
2020-06-15-16-41-12.739529,23
2020-06-15-16-41-12.750799,23
2020-06-15-16-41-12.761468,23
2020-06-15-16-41-12.773046,17
2020-06-15-16-41-12.785191,20
2020-06-15-16-41-12.797620,20
2020-06-15-16-41-12.808040,20
2020-06-15-16-41-12.818956,-12
2020-06-15-16-41-12.830747,-12
2020-06-15-16-41-12.843044,-12
2020-06-15-16-41-12.855626,25
2020-06-15-16-41-12.867869,25
2020-06-15-16-41-12.878639,25
2020-06-15-16-41-12.890822,-1
2020-06-15-16-41-12.904868,22
2020-06-15-16-41-12.916479,22
2020-06-15-16-41-12.927792,11
2020-06-15-16-41-12.939106,34
2020-06-15-16-41-12.950822,34
2020-06-15-16-41-12.963119,34
2020-06-15-16-41-12.975391,58
2020-06-15-16-41-12.986955,58
2020-06-15-16-41-12.997121,58
2020-06-15-16-41-13.009492,56
2020-06-15-16-41-13.020821,48
2020-06-15-16-41-13.033109,48
2020-06-15-16-41-13.043427,48
2020-06-15-16-41-13.055799,55
2020-06-15-16-41-13.067616,55
2020-06-15-16-41-13.078838,55
2020-06-15-16-41-13.090820,64
2020-06-15-16-41-13.103168,64
2020-06-15-16-41-13.113640,64
2020-06-15-16-41-13.125141,64
2020-06-15-16-41-13.135351,64
2020-06-15-16-41-13.145739,64
2020-06-15-16-41-13.155900,27
2020-06-15-16-41-13.168211,39
2020-06-15-16-41-13.180708,39
2020-06-15-16-41-13.193131,-2
2020-06-15-16-41-13.204147,-18
2020-06-15-16-41-13.214408,-18
2020-06-15-16-41-13.225566,-18
2020-06-15-16-41-13.237516,-22
2020-06-15-16-41-13.248176,-22
2020-06-15-16-41-13.260788,-22
2020-06-15-16-41-13.273231,-8
2020-06-15-16-41-13.284778,-4
2020-06-15-16-41-13.296669,-4
2020-06-15-16-41-13.307044,-4
2020-06-15-16-41-13.319575,24
2020-06-15-16-41-13.332270,24
2020-06-15-16-41-13.344768,24
2020-06-15-16-41-13.356645,19
2020-06-15-16-41-13.369098,19
2020-06-15-16-41-13.379789,19
2020-06-15-16-41-13.390958,45
2020-06-15-16-41-13.403087,45
2020-06-15-16-41-13.414991,45
2020-06-15-16-41-13.427570,45
2020-06-15-16-41-13.438727,45
2020-06-15-16-41-13.450762,45
2020-06-15-16-41-13.463065,43
2020-06-15-16-41-13.474802,74
2020-06-15-16-41-13.486398,74
2020-06-15-16-41-13.499001,74
2020-06-15-16-41-13.510839,68
2020-06-15-16-41-13.523051,68
2020-06-15-16-41-13.533546,68
2020-06-15-16-41-13.545495,27
2020-06-15-16-41-13.557162,35
2020-06-15-16-41-13.568677,35
2020-06-15-16-41-13.580713,39
2020-06-15-16-41-13.593128,22
2020-06-15-16-41-13.603341,22
2020-06-15-16-41-13.615025,22
2020-06-15-16-41-13.626221,-17
2020-06-15-16-41-13.638173,8
2020-06-15-16-41-13.650722,8
2020-06-15-16-41-13.663140,13
2020-06-15-16-41-13.675394,13
2020-06-15-16-41-13.687551,5
2020-06-15-16-41-13.698734,5
2020-06-15-16-41-13.710703,5
2020-06-15-16-41-13.723164,35
2020-06-15-16-41-13.734849,35
2020-06-15-16-41-13.746969,35
2020-06-15-16-41-13.758623,33
2020-06-15-16-41-13.771095,37
2020-06-15-16-41-13.783217,37
2020-06-15-16-41-13.795681,37
2020-06-15-16-41-13.806700,57
2020-06-15-16-41-13.818302,57
2020-06-15-16-41-13.830721,57
2020-06-15-16-41-13.843184,49
2020-06-15-16-41-13.855780,49
2020-06-15-16-41-13.867696,49
2020-06-15-16-41-13.880275,17
2020-06-15-16-41-13.890842,17
2020-06-15-16-41-13.905201,17
2020-06-15-16-41-13.917732,54
2020-06-15-16-41-13.929956,54
2020-06-15-16-41-13.940753,54
2020-06-15-16-41-13.953173,38
2020-06-15-16-41-13.963756,2
2020-06-15-16-41-13.974974,2
2020-06-15-16-41-13.986754,2
2020-06-15-16-41-13.999013,35
2020-06-15-16-41-14.010992,35
2020-06-15-16-41-14.023168,35
2020-06-15-16-41-14.035166,35
2020-06-15-16-41-14.046255,35
2020-06-15-16-41-14.058137,10
2020-06-15-16-41-14.070730,5
2020-06-15-16-41-14.083081,5
2020-06-15-16-41-14.095317,50
2020-06-15-16-41-14.106849,50
2020-06-15-16-41-14.118340,50
2020-06-15-16-41-14.131508,39
2020-06-15-16-41-14.143172,60
2020-06-15-16-41-14.155018,60
2020-06-15-16-41-14.166922,19
2020-06-15-16-41-14.178627,35
2020-06-15-16-41-14.190779,35
2020-06-15-16-41-14.203533,51
2020-06-15-16-41-14.214767,45
2020-06-15-16-41-14.227485,45
2020-06-15-16-41-14.239682,37
2020-06-15-16-41-14.251121,76
2020-06-15-16-41-14.263196,76
2020-06-15-16-41-14.274423,76
2020-06-15-16-41-14.286835,64
2020-06-15-16-41-14.298824,64
2020-06-15-16-41-14.310815,64
2020-06-15-16-41-14.323081,50
2020-06-15-16-41-14.334219,50
2020-06-15-16-41-14.346063,50
2020-06-15-16-41-14.357377,50
2020-06-15-16-41-14.368913,50
2020-06-15-16-41-14.381504,35
2020-06-15-16-41-14.393141,35
2020-06-15-16-41-14.404856,35
2020-06-15-16-41-14.417372,13
2020-06-15-16-41-14.428554,13
2020-06-15-16-41-14.440890,13
2020-06-15-16-41-14.451776,24
2020-06-15-16-41-14.463221,40
2020-06-15-16-41-14.474141,40
2020-06-15-16-41-14.485842,40
2020-06-15-16-41-14.497653,44
2020-06-15-16-41-14.509304,44
2020-06-15-16-41-14.521568,44
2020-06-15-16-41-14.534128,53
2020-06-15-16-41-14.546281,53
2020-06-15-16-41-14.556511,53
2020-06-15-16-41-14.568775,29
2020-06-15-16-41-14.580882,55
2020-06-15-16-41-14.593189,55
2020-06-15-16-41-14.604241,308
2020-06-15-16-41-14.614979,737
2020-06-15-16-41-14.626428,737
2020-06-15-16-41-14.637940,737
2020-06-15-16-41-14.648282,737
2020-06-15-16-41-14.660877,1330
2020-06-15-16-41-14.673119,1330
2020-06-15-16-41-14.683409,1330
2020-06-15-16-41-14.695357,-1965
2020-06-15-16-41-14.707827,-1965
2020-06-15-16-41-14.718278,-1965
2020-06-15-16-41-14.730913,-2048
2020-06-15-16-41-14.743126,-2048
2020-06-15-16-41-14.754810,-2048
2020-06-15-16-41-14.765329,-1070
2020-06-15-16-41-14.775963,-1070
2020-06-15-16-41-14.788165,-1070
2020-06-15-16-41-14.801394,-532
2020-06-15-16-41-14.813269,-491
2020-06-15-16-41-14.823386,-491
2020-06-15-16-41-14.834908,-342
2020-06-15-16-41-14.846111,-195
2020-06-15-16-41-14.857859,-195
2020-06-15-16-41-14.869211,-195
2020-06-15-16-41-14.881772,257
2020-06-15-16-41-14.893224,257
2020-06-15-16-41-14.904423,257
2020-06-15-16-41-14.916426,618
2020-06-15-16-41-14.928663,1013
2020-06-15-16-41-14.940877,1013
2020-06-15-16-41-14.953201,1013
2020-06-15-16-41-14.963626,1224
2020-06-15-16-41-14.976095,1224
2020-06-15-16-41-14.988273,1224
2020-06-15-16-41-15.001294,1097
2020-06-15-16-41-15.013891,1080
2020-06-15-16-41-15.025589,1080
2020-06-15-16-41-15.037422,897
2020-06-15-16-41-15.048654,897
2020-06-15-16-41-15.061087,897
2020-06-15-16-41-15.073251,730
2020-06-15-16-41-15.084305,601
2020-06-15-16-41-15.095862,601
2020-06-15-16-41-15.107910,601
2020-06-15-16-41-15.120111,412
2020-06-15-16-41-15.130917,412
2020-06-15-16-41-15.143102,412
2020-06-15-16-41-15.153871,312
2020-06-15-16-41-15.165549,312
2020-06-15-16-41-15.178165,312
2020-06-15-16-41-15.190497,244
2020-06-15-16-41-15.203128,215
2020-06-15-16-41-15.215224,215
2020-06-15-16-41-15.225336,215
2020-06-15-16-41-15.235726,215
2020-06-15-16-41-15.248040,215
2020-06-15-16-41-15.259097,115
2020-06-15-16-41-15.271450,84
2020-06-15-16-41-15.283257,84
2020-06-15-16-41-15.294397,84
2020-06-15-16-41-15.304560,67
2020-06-15-16-41-15.315730,67
2020-06-15-16-41-15.327450,67
2020-06-15-16-41-15.339983,3
2020-06-15-16-41-15.351337,3
2020-06-15-16-41-15.363205,3
2020-06-15-16-41-15.375439,2
2020-06-15-16-41-15.386688,2
2020-06-15-16-41-15.397023,2
2020-06-15-16-41-15.408215,2
2020-06-15-16-41-15.420844,1
2020-06-15-16-41-15.433375,1
2020-06-15-16-41-15.445090,-45
2020-06-15-16-41-15.457467,-45
2020-06-15-16-41-15.468657,-45
2020-06-15-16-41-15.480824,-51
2020-06-15-16-41-15.493194,-51
2020-06-15-16-41-15.505271,-51
2020-06-15-16-41-15.516510,-43
2020-06-15-16-41-15.528410,-43
2020-06-15-16-41-15.540872,-43
2020-06-15-16-41-15.553395,-40
2020-06-15-16-41-15.565540,-38
2020-06-15-16-41-15.577987,-38
2020-06-15-16-41-15.588495,3
2020-06-15-16-41-15.600870,-52
2020-06-15-16-41-15.612500,-52
2020-06-15-16-41-15.623212,-52
2020-06-15-16-41-15.635325,-52
2020-06-15-16-41-15.646370,-29
2020-06-15-16-41-15.657165,0
2020-06-15-16-41-15.668575,0
2020-06-15-16-41-15.680799,0
2020-06-15-16-41-15.693280,-8
2020-06-15-16-41-15.705391,-8
2020-06-15-16-41-15.715947,-8
2020-06-15-16-41-15.726872,2
2020-06-15-16-41-15.738783,10
2020-06-15-16-41-15.750920,10
2020-06-15-16-41-15.763278,-8
2020-06-15-16-41-15.774896,-6
2020-06-15-16-41-15.786159,-6
2020-06-15-16-41-15.798404,-6
2020-06-15-16-41-15.810927,-26
2020-06-15-16-41-15.823217,-26
2020-06-15-16-41-15.835450,-26
2020-06-15-16-41-15.847795,-26
2020-06-15-16-41-15.860360,-25
2020-06-15-16-41-15.871488,-25
2020-06-15-16-41-15.883216,-25
2020-06-15-16-41-15.894774,-29
2020-06-15-16-41-15.907467,-29
2020-06-15-16-41-15.920073,-29
2020-06-15-16-41-15.932087,-13
2020-06-15-16-41-15.943506,-13
2020-06-15-16-41-15.954757,-13
2020-06-15-16-41-15.966640,4
2020-06-15-16-41-15.978256,4
2020-06-15-16-41-15.990910,4
2020-06-15-16-41-16.003536,10
2020-06-15-16-41-16.015735,10
2020-06-15-16-41-16.027498,10
2020-06-15-16-41-16.038353,18
2020-06-15-16-41-16.050909,18
2020-06-15-16-41-16.063184,18
2020-06-15-16-41-16.075374,1
2020-06-15-16-41-16.086866,-4
2020-06-15-16-41-16.098389,-4
2020-06-15-16-41-16.111101,-14
2020-06-15-16-41-16.123264,2
2020-06-15-16-41-16.134997,2
2020-06-15-16-41-16.146318,2
2020-06-15-16-41-16.158249,-13
2020-06-15-16-41-16.170877,-13
2020-06-15-16-41-16.183152,-13
2020-06-15-16-41-16.194219,-26
2020-06-15-16-41-16.204398,-26
2020-06-15-16-41-16.216125,-26
2020-06-15-16-41-16.226821,-11
2020-06-15-16-41-16.239154,23
2020-06-15-16-41-16.250912,23
2020-06-15-16-41-16.263277,23
2020-06-15-16-41-16.274452,23
2020-06-15-16-41-16.286725,-3
2020-06-15-16-41-16.297836,-3
2020-06-15-16-41-16.308340,-3
2020-06-15-16-41-16.320780,4
2020-06-15-16-41-16.333298,27
2020-06-15-16-41-16.344028,27
2020-06-15-16-41-16.355884,11
2020-06-15-16-41-16.367893,22
2020-06-15-16-41-16.380483,22
2020-06-15-16-41-16.390840,22
2020-06-15-16-41-16.403187,18
2020-06-15-16-41-16.414807,18
2020-06-15-16-41-16.427416,18
2020-06-15-16-41-16.437837,18
2020-06-15-16-41-16.450105,18
2020-06-15-16-41-16.462640,11
2020-06-15-16-41-16.474572,11
2020-06-15-16-41-16.486642,11
2020-06-15-16-41-16.498866,6
2020-06-15-16-41-16.510868,6
2020-06-15-16-41-16.523238,6
2020-06-15-16-41-16.535319,-5
2020-06-15-16-41-16.546654,0
2020-06-15-16-41-16.558280,0
2020-06-15-16-41-16.570812,18
2020-06-15-16-41-16.583173,3
2020-06-15-16-41-16.593325,3
2020-06-15-16-41-16.606020,3
2020-06-15-16-41-16.618327,-8
2020-06-15-16-41-16.630890,-8
2020-06-15-16-41-16.643149,-8
2020-06-15-16-41-16.654792,-1
2020-06-15-16-41-16.665051,-1
2020-06-15-16-41-16.675381,-1
2020-06-15-16-41-16.686913,-3
2020-06-15-16-41-16.697363,4
2020-06-15-16-41-16.709684,4
2020-06-15-16-41-16.721608,-6
2020-06-15-16-41-16.733210,-6
2020-06-15-16-41-16.745596,-6
2020-06-15-16-41-16.756705,33
2020-06-15-16-41-16.768894,33
2020-06-15-16-41-16.780804,33
2020-06-15-16-41-16.793322,37
2020-06-15-16-41-16.804320,37
2020-06-15-16-41-16.815374,37
2020-06-15-16-41-16.827517,64
2020-06-15-16-41-16.839350,64
2020-06-15-16-41-16.850876,64
2020-06-15-16-41-16.863186,19
2020-06-15-16-41-16.874842,17
2020-06-15-16-41-16.886668,17
2020-06-15-16-41-16.897802,17
2020-06-15-16-41-16.908388,17
2020-06-15-16-41-16.920811,-27
2020-06-15-16-41-16.933193,-27
2020-06-15-16-41-16.944343,-27
2020-06-15-16-41-16.954557,21
2020-06-15-16-41-16.967167,21
2020-06-15-16-41-16.977288,21
2020-06-15-16-41-16.988057,-10
2020-06-15-16-41-17.000191,-9
2020-06-15-16-41-17.011531,-9
2020-06-15-16-41-17.024177,-9
2020-06-15-16-41-17.035140,-9
2020-06-15-16-41-17.046250,-9
2020-06-15-16-41-17.058362,27
2020-06-15-16-41-17.071568,18
2020-06-15-16-41-17.083965,18
2020-06-15-16-41-17.095263,37
2020-06-15-16-41-17.107196,27
2020-06-15-16-41-17.117915,27
2020-06-15-16-41-17.128362,27
2020-06-15-16-41-17.140937,51
2020-06-15-16-41-17.153290,51
2020-06-15-16-41-17.165397,51
2020-06-15-16-41-17.176844,50
2020-06-15-16-41-17.188364,44
2020-06-15-16-41-17.200900,44
2020-06-15-16-41-17.213178,44
2020-06-15-16-41-17.225931,4
2020-06-15-16-41-17.238060,4
2020-06-15-16-41-17.249375,4
2020-06-15-16-41-17.260924,25
2020-06-15-16-41-17.273328,25
2020-06-15-16-41-17.286735,25
2020-06-15-16-41-17.298769,6
2020-06-15-16-41-17.310823,6
2020-06-15-16-41-17.323305,6
2020-06-15-16-41-17.333530,6
2020-06-15-16-41-17.344556,6
2020-06-15-16-41-17.355412,0
2020-06-15-16-41-17.365701,3
2020-06-15-16-41-17.377020,3
2020-06-15-16-41-17.388086,3
2020-06-15-16-41-17.400740,29
2020-06-15-16-41-17.413296,29
2020-06-15-16-41-17.424907,-3
2020-06-15-16-41-17.436706,-3
2020-06-15-16-41-17.448857,4
2020-06-15-16-41-17.460840,4
2020-06-15-16-41-17.473493,4
2020-06-15-16-41-17.483705,35
2020-06-15-16-41-17.496361,35
2020-06-15-16-41-17.506875,35
2020-06-15-16-41-17.518734,44
2020-06-15-16-41-17.531022,44
2020-06-15-16-41-17.543190,44
2020-06-15-16-41-17.555705,33
2020-06-15-16-41-17.565846,33
2020-06-15-16-41-17.576346,33
2020-06-15-16-41-17.587942,73
2020-06-15-16-41-17.598766,35
2020-06-15-16-41-17.610725,35
2020-06-15-16-41-17.623212,35
2020-06-15-16-41-17.634872,35
2020-06-15-16-41-17.646826,35
2020-06-15-16-41-17.658132,33
2020-06-15-16-41-17.670745,33
2020-06-15-16-41-17.683563,33
2020-06-15-16-41-17.696166,32
2020-06-15-16-41-17.707856,5
2020-06-15-16-41-17.719067,5
2020-06-15-16-41-17.731193,25
2020-06-15-16-41-17.743304,7
2020-06-15-16-41-17.755860,7
2020-06-15-16-41-17.767749,3
2020-06-15-16-41-17.778988,12
2020-06-15-16-41-17.791306,12
2020-06-15-16-41-17.803253,12
2020-06-15-16-41-17.815216,1
2020-06-15-16-41-17.826395,1
2020-06-15-16-41-17.837691,1
2020-06-15-16-41-17.847850,12
2020-06-15-16-41-17.860062,23
2020-06-15-16-41-17.871814,23
2020-06-15-16-41-17.883455,23
2020-06-15-16-41-17.895700,52
2020-06-15-16-41-17.907910,52
2020-06-15-16-41-17.918771,52
2020-06-15-16-41-17.930875,52
2020-06-15-16-41-17.943283,52
2020-06-15-16-41-17.954883,60
2020-06-15-16-41-17.967203,60
2020-06-15-16-41-17.978497,60
2020-06-15-16-41-17.991038,52
2020-06-15-16-41-18.003630,65
2020-06-15-16-41-18.015136,65
2020-06-15-16-41-18.026980,8
2020-06-15-16-41-18.038992,18
2020-06-15-16-41-18.050848,18
2020-06-15-16-41-18.063200,18
2020-06-15-16-41-18.074406,13
2020-06-15-16-41-18.086211,13
2020-06-15-16-41-18.098830,13
2020-06-15-16-41-18.110849,4
2020-06-15-16-41-18.123312,4
2020-06-15-16-41-18.134031,4
2020-06-15-16-41-18.144946,34
2020-06-15-16-41-18.157649,34
2020-06-15-16-41-18.170052,34
2020-06-15-16-41-18.180887,34
2020-06-15-16-41-18.193303,34
2020-06-15-16-41-18.203647,9
2020-06-15-16-41-18.216313,27
2020-06-15-16-41-18.228695,27
2020-06-15-16-41-18.240864,27
2020-06-15-16-41-18.253256,65
2020-06-15-16-41-18.264945,77
2020-06-15-16-41-18.276905,77
2020-06-15-16-41-18.287913,77
2020-06-15-16-41-18.299915,45
2020-06-15-16-41-18.311019,45
2020-06-15-16-41-18.323297,45
2020-06-15-16-41-18.334759,7
2020-06-15-16-41-18.346589,7
2020-06-15-16-41-18.358200,7
2020-06-15-16-41-18.368817,68
2020-06-15-16-41-18.380853,68
2020-06-15-16-41-18.393203,68
2020-06-15-16-41-18.404792,11
2020-06-15-16-41-18.416402,34
2020-06-15-16-41-18.427665,34
2020-06-15-16-41-18.440169,26
2020-06-15-16-41-18.450981,5
2020-06-15-16-41-18.463324,5
2020-06-15-16-41-18.475839,38
2020-06-15-16-41-18.488019,32
2020-06-15-16-41-18.499793,32
2020-06-15-16-41-18.511839,32
2020-06-15-16-41-18.523259,32
2020-06-15-16-41-18.535348,32
2020-06-15-16-41-18.546849,32
2020-06-15-16-41-18.557629,45
2020-06-15-16-41-18.569093,18
2020-06-15-16-41-18.580892,18
2020-06-15-16-41-18.593732,39
2020-06-15-16-41-18.604688,8
2020-06-15-16-41-18.615020,8
2020-06-15-16-41-18.626163,8
2020-06-15-16-41-18.637188,27
2020-06-15-16-41-18.648353,68
2020-06-15-16-41-18.660908,68
2020-06-15-16-41-18.673273,56
2020-06-15-16-41-18.684182,73
2020-06-15-16-41-18.696288,73
2020-06-15-16-41-18.707954,73
2020-06-15-16-41-18.720020,32
2020-06-15-16-41-18.731477,32
2020-06-15-16-41-18.743619,32
2020-06-15-16-41-18.753830,29
2020-06-15-16-41-18.766240,29
2020-06-15-16-41-18.777379,29
2020-06-15-16-41-18.788211,21
2020-06-15-16-41-18.799953,10
2020-06-15-16-41-18.811932,10
2020-06-15-16-41-18.823265,10
2020-06-15-16-41-18.833930,10
2020-06-15-16-41-18.845273,10
2020-06-15-16-41-18.857886,10
2020-06-15-16-41-18.868679,0
2020-06-15-16-41-18.880894,24
2020-06-15-16-41-18.893334,24
2020-06-15-16-41-18.904297,24
2020-06-15-16-41-18.915849,27
2020-06-15-16-41-18.927556,27
2020-06-15-16-41-18.938913,27
2020-06-15-16-41-18.950983,37
2020-06-15-16-41-18.963655,37
2020-06-15-16-41-18.975489,37
2020-06-15-16-41-18.986566,71
2020-06-15-16-41-18.998486,41
2020-06-15-16-41-19.010968,41
2020-06-15-16-41-19.023324,65
2020-06-15-16-41-19.034700,54
2020-06-15-16-41-19.047058,54
2020-06-15-16-41-19.058310,54
2020-06-15-16-41-19.070917,87
2020-06-15-16-41-19.083931,87
2020-06-15-16-41-19.095744,87
2020-06-15-16-41-19.107816,60
2020-06-15-16-41-19.120487,60
2020-06-15-16-41-19.131557,60
2020-06-15-16-41-19.143301,60
2020-06-15-16-41-19.156006,498
2020-06-15-16-41-19.168062,498
2020-06-15-16-41-19.179639,498
2020-06-15-16-41-19.190951,1185
2020-06-15-16-41-19.203582,1185
2020-06-15-16-41-19.215054,1185
2020-06-15-16-41-19.226453,778
2020-06-15-16-41-19.239126,778
2020-06-15-16-41-19.251560,778
2020-06-15-16-41-19.263303,-1076
2020-06-15-16-41-19.275381,-1076
2020-06-15-16-41-19.287749,-1076
2020-06-15-16-41-19.298666,-2048
2020-06-15-16-41-19.310942,-2048
2020-06-15-16-41-19.323270,-2048
2020-06-15-16-41-19.334981,-2048
2020-06-15-16-41-19.346543,-1550
2020-06-15-16-41-19.358939,-1550
2020-06-15-16-41-19.371070,-1044
2020-06-15-16-41-19.383282,-625
2020-06-15-16-41-19.395809,-625
2020-06-15-16-41-19.406892,-241
2020-06-15-16-41-19.418359,130
2020-06-15-16-41-19.430997,130
2020-06-15-16-41-19.443347,130
2020-06-15-16-41-19.455216,130
2020-06-15-16-41-19.466780,130
2020-06-15-16-41-19.477790,772
2020-06-15-16-41-19.488697,772
2020-06-15-16-41-19.501640,772
2020-06-15-16-41-19.513322,806
2020-06-15-16-41-19.523487,806
2020-06-15-16-41-19.535932,806
2020-06-15-16-41-19.548095,729
2020-06-15-16-41-19.560304,657
2020-06-15-16-41-19.572424,657
2020-06-15-16-41-19.583943,628
2020-06-15-16-41-19.594825,560
2020-06-15-16-41-19.607494,560
2020-06-15-16-41-19.619968,468
2020-06-15-16-41-19.632125,380
2020-06-15-16-41-19.643233,380
2020-06-15-16-41-19.654946,341
2020-06-15-16-41-19.665659,256
2020-06-15-16-41-19.675817,256
2020-06-15-16-41-19.688291,256
2020-06-15-16-41-19.699024,213
2020-06-15-16-41-19.709407,212
2020-06-15-16-41-19.721031,212
2020-06-15-16-41-19.733389,212
2020-06-15-16-41-19.745003,212
2020-06-15-16-41-19.757599,165
2020-06-15-16-41-19.768798,165
2020-06-15-16-41-19.780940,165
2020-06-15-16-41-19.793315,112
2020-06-15-16-41-19.804240,112
2020-06-15-16-41-19.816287,112
2020-06-15-16-41-19.826909,98
2020-06-15-16-41-19.837846,98
2020-06-15-16-41-19.849352,98
2020-06-15-16-41-19.861417,53
2020-06-15-16-41-19.873341,53
2020-06-15-16-41-19.884949,53
2020-06-15-16-41-19.897186,35
2020-06-15-16-41-19.909687,35
2020-06-15-16-41-19.920598,35
2020-06-15-16-41-19.932668,27
2020-06-15-16-41-19.944501,27
2020-06-15-16-41-19.954788,27
2020-06-15-16-41-19.966610,-6
2020-06-15-16-41-19.977953,-4
2020-06-15-16-41-19.990249,-4
2020-06-15-16-41-20.002225,-4
2020-06-15-16-41-20.013282,-23
2020-06-15-16-41-20.023676,-23
2020-06-15-16-41-20.035318,-23
2020-06-15-16-41-20.048001,12
2020-06-15-16-41-20.059576,-17
2020-06-15-16-41-20.071570,-17
2020-06-15-16-41-20.084791,-4
2020-06-15-16-41-20.096824,-4
2020-06-15-16-41-20.108824,32
2020-06-15-16-41-20.121022,6
2020-06-15-16-41-20.133671,6
2020-06-15-16-41-20.145741,6
2020-06-15-16-41-20.157366,17
2020-06-15-16-41-20.169088,17
2020-06-15-16-41-20.180948,17
2020-06-15-16-41-20.193340,18
2020-06-15-16-41-20.203645,18
2020-06-15-16-41-20.215442,18
2020-06-15-16-41-20.227797,49
2020-06-15-16-41-20.239968,49
2020-06-15-16-41-20.251226,49
2020-06-15-16-41-20.263380,18
2020-06-15-16-41-20.275479,18
2020-06-15-16-41-20.286949,18
2020-06-15-16-41-20.299155,-17
2020-06-15-16-41-20.310934,-17
2020-06-15-16-41-20.323270,-17
2020-06-15-16-41-20.334982,-17
2020-06-15-16-41-20.347171,-17
2020-06-15-16-41-20.359372,2
2020-06-15-16-41-20.372046,2
2020-06-15-16-41-20.383757,2
2020-06-15-16-41-20.395070,-2
2020-06-15-16-41-20.406536,-2
2020-06-15-16-41-20.419104,-2
2020-06-15-16-41-20.431028,-6
2020-06-15-16-41-20.443355,-6
2020-06-15-16-41-20.455378,-6
2020-06-15-16-41-20.467119,16
2020-06-15-16-41-20.479517,9
2020-06-15-16-41-20.491208,9
2020-06-15-16-41-20.503400,18
2020-06-15-16-41-20.515585,84
2020-06-15-16-41-20.526150,84
2020-06-15-16-41-20.537895,84
2020-06-15-16-41-20.549805,38
2020-06-15-16-41-20.561058,38
2020-06-15-16-41-20.573973,38
2020-06-15-16-41-20.585078,27
2020-06-15-16-41-20.597741,27
2020-06-15-16-41-20.608506,27
2020-06-15-16-41-20.621050,27
2020-06-15-16-41-20.633541,27
2020-06-15-16-41-20.645265,27
2020-06-15-16-41-20.656891,37
2020-06-15-16-41-20.669006,37
2020-06-15-16-41-20.681053,37
2020-06-15-16-41-20.693386,6
2020-06-15-16-41-20.705715,6
2020-06-15-16-41-20.716756,6
2020-06-15-16-41-20.726891,-6
2020-06-15-16-41-20.737983,-6
2020-06-15-16-41-20.750172,-6
2020-06-15-16-41-20.761133,20
2020-06-15-16-41-20.773351,-21
2020-06-15-16-41-20.785127,-21
2020-06-15-16-41-20.795809,-21
2020-06-15-16-41-20.807592,3
2020-06-15-16-41-20.819470,3
2020-06-15-16-41-20.831134,3
2020-06-15-16-41-20.843278,37
2020-06-15-16-41-20.855504,37
2020-06-15-16-41-20.866475,37
2020-06-15-16-41-20.877439,49
2020-06-15-16-41-20.888223,49
2020-06-15-16-41-20.900394,49
2020-06-15-16-41-20.912377,37
2020-06-15-16-41-20.924662,44
2020-06-15-16-41-20.936596,44
2020-06-15-16-41-20.948182,44
2020-06-15-16-41-20.958531,43
2020-06-15-16-41-20.971030,43
2020-06-15-16-41-20.983330,43
2020-06-15-16-41-20.995230,37
2020-06-15-16-41-21.007286,37
2020-06-15-16-41-21.018245,37
2020-06-15-16-41-21.029518,18
2020-06-15-16-41-21.041739,-14
2020-06-15-16-41-21.054349,-14
2020-06-15-16-41-21.066200,29
2020-06-15-16-41-21.077059,25
2020-06-15-16-41-21.088115,25
2020-06-15-16-41-21.099438,25
2020-06-15-16-41-21.110987,4
2020-06-15-16-41-21.123312,4
2020-06-15-16-41-21.135781,4
2020-06-15-16-41-21.147006,2
2020-06-15-16-41-21.159582,27
2020-06-15-16-41-21.171053,27
2020-06-15-16-41-21.183416,21
2020-06-15-16-41-21.195589,21
2020-06-15-16-41-21.207509,21
2020-06-15-16-41-21.219619,51
2020-06-15-16-41-21.231317,51
2020-06-15-16-41-21.243416,51
2020-06-15-16-41-21.255492,6
2020-06-15-16-41-21.266013,18
2020-06-15-16-41-21.277583,18
2020-06-15-16-41-21.290254,18
2020-06-15-16-41-21.301926,22
2020-06-15-16-41-21.314452,22
2020-06-15-16-41-21.325760,22
2020-06-15-16-41-21.337904,51
2020-06-15-16-41-21.350627,51
2020-06-15-16-41-21.363002,51
2020-06-15-16-41-21.374786,51
2020-06-15-16-41-21.386038,51
2020-06-15-16-41-21.397212,56
2020-06-15-16-41-21.411670,56
2020-06-15-16-41-21.423359,56
2020-06-15-16-41-21.435028,13
2020-06-15-16-41-21.446539,7
2020-06-15-16-41-21.459075,7
2020-06-15-16-41-21.471048,7
2020-06-15-16-41-21.483556,0
2020-06-15-16-41-21.494413,27
2020-06-15-16-41-21.504983,27
2020-06-15-16-41-21.516304,27
2020-06-15-16-41-21.527142,27
2020-06-15-16-41-21.539116,27
2020-06-15-16-41-21.551018,17
2020-06-15-16-41-21.563383,5
2020-06-15-16-41-21.575704,5
2020-06-15-16-41-21.587471,13
2020-06-15-16-41-21.598735,5
2020-06-15-16-41-21.611035,5
2020-06-15-16-41-21.623384,11
2020-06-15-16-41-21.634328,41
2020-06-15-16-41-21.646575,41
2020-06-15-16-41-21.658938,41
2020-06-15-16-41-21.671058,65
2020-06-15-16-41-21.683377,65
2020-06-15-16-41-21.694831,65
2020-06-15-16-41-21.706256,72
2020-06-15-16-41-21.717133,72
2020-06-15-16-41-21.729426,72
2020-06-15-16-41-21.741531,41
2020-06-15-16-41-21.752330,41
2020-06-15-16-41-21.763551,41
2020-06-15-16-41-21.774460,39
2020-06-15-16-41-21.786094,39
2020-06-15-16-41-21.796471,39
2020-06-15-16-41-21.808147,20
2020-06-15-16-41-21.819029,20
2020-06-15-16-41-21.831034,20
2020-06-15-16-41-21.843347,20
2020-06-15-16-41-21.855113,12
2020-06-15-16-41-21.867177,12
2020-06-15-16-41-21.879201,12
2020-06-15-16-41-21.891164,-2
2020-06-15-16-41-21.903403,-2
2020-06-15-16-41-21.914979,-2
2020-06-15-16-41-21.925720,21
2020-06-15-16-41-21.936271,21
2020-06-15-16-41-21.946995,21
2020-06-15-16-41-21.957652,25
2020-06-15-16-41-21.970176,49
2020-06-15-16-41-21.981387,49
2020-06-15-16-41-21.993327,40
2020-06-15-16-41-22.003981,40
2020-06-15-16-41-22.015170,40
2020-06-15-16-41-22.027530,40
2020-06-15-16-41-22.038152,41
2020-06-15-16-41-22.049654,41
2020-06-15-16-41-22.061522,41
2020-06-15-16-41-22.073899,-20
2020-06-15-16-41-22.084618,69
2020-06-15-16-41-22.097107,69
2020-06-15-16-41-22.107594,6
2020-06-15-16-41-22.120075,49
2020-06-15-16-41-22.131100,49
2020-06-15-16-41-22.143527,49
2020-06-15-16-41-22.155104,-1
2020-06-15-16-41-22.166380,-1
2020-06-15-16-41-22.177553,-1
2020-06-15-16-41-22.189299,3
2020-06-15-16-41-22.201078,28
2020-06-15-16-41-22.213362,28
2020-06-15-16-41-22.225637,64
2020-06-15-16-41-22.238216,1
2020-06-15-16-41-22.249751,1
2020-06-15-16-41-22.261445,-18
2020-06-15-16-41-22.273764,27
2020-06-15-16-41-22.286399,27
2020-06-15-16-41-22.299089,34
2020-06-15-16-41-22.310892,34
2020-06-15-16-41-22.323418,34
2020-06-15-16-41-22.334923,-4
2020-06-15-16-41-22.346636,12
2020-06-15-16-41-22.357656,12
2020-06-15-16-41-22.368828,12
2020-06-15-16-41-22.381116,44
2020-06-15-16-41-22.393363,44
2020-06-15-16-41-22.403765,44
2020-06-15-16-41-22.415146,44
2020-06-15-16-41-22.426633,54
2020-06-15-16-41-22.438237,54
2020-06-15-16-41-22.450715,69
2020-06-15-16-41-22.463419,33
2020-06-15-16-41-22.474827,33
2020-06-15-16-41-22.486830,33
2020-06-15-16-41-22.497602,48
2020-06-15-16-41-22.508496,48
2020-06-15-16-41-22.521018,48
2020-06-15-16-41-22.533745,24
2020-06-15-16-41-22.544303,24
2020-06-15-16-41-22.554932,24
2020-06-15-16-41-22.566534,21
2020-06-15-16-41-22.578062,-10
2020-06-15-16-41-22.590053,-10
2020-06-15-16-41-22.602192,-10
2020-06-15-16-41-22.614447,53
2020-06-15-16-41-22.625232,53
2020-06-15-16-41-22.636072,53
2020-06-15-16-41-22.648227,32
2020-06-15-16-41-22.660678,32
2020-06-15-16-41-22.671663,39
2020-06-15-16-41-22.683597,39
2020-06-15-16-41-22.695917,39
2020-06-15-16-41-22.706396,39
2020-06-15-16-41-22.718080,23
2020-06-15-16-41-22.729513,23
2020-06-15-16-41-22.741628,23
2020-06-15-16-41-22.753562,42
2020-06-15-16-41-22.765645,42
2020-06-15-16-41-22.777427,42
2020-06-15-16-41-22.788681,72
2020-06-15-16-41-22.801127,72
2020-06-15-16-41-22.813353,72
2020-06-15-16-41-22.824435,82
2020-06-15-16-41-22.835217,82
2020-06-15-16-41-22.847664,82
2020-06-15-16-41-22.859650,27
2020-06-15-16-41-22.871474,26
2020-06-15-16-41-22.883705,26
2020-06-15-16-41-22.895828,40
2020-06-15-16-41-22.908668,17
2020-06-15-16-41-22.921113,17
2020-06-15-16-41-22.933429,17
2020-06-15-16-41-22.944660,-7
2020-06-15-16-41-22.955506,-7
2020-06-15-16-41-22.967147,-7
2020-06-15-16-41-22.978655,-20
2020-06-15-16-41-22.991120,20
2020-06-15-16-41-23.003395,20
2020-06-15-16-41-23.014962,20
2020-06-15-16-41-23.025195,20
2020-06-15-16-41-23.036283,20
2020-06-15-16-41-23.046509,20
2020-06-15-16-41-23.057378,54
2020-06-15-16-41-23.068491,20
2020-06-15-16-41-23.081593,20
2020-06-15-16-41-23.093439,38
2020-06-15-16-41-23.105503,29
2020-06-15-16-41-23.117002,29
2020-06-15-16-41-23.129453,29
2020-06-15-16-41-23.142127,54
2020-06-15-16-41-23.153770,54
2020-06-15-16-41-23.164895,54
2020-06-15-16-41-23.176023,38
2020-06-15-16-41-23.187997,38
2020-06-15-16-41-23.198841,38
2020-06-15-16-41-23.209870,34
2020-06-15-16-41-23.220993,54
2020-06-15-16-41-23.233437,54
2020-06-15-16-41-23.245341,101
2020-06-15-16-41-23.257887,37
2020-06-15-16-41-23.269114,37
2020-06-15-16-41-23.281256,37
2020-06-15-16-41-23.293446,61
2020-06-15-16-41-23.305250,61
2020-06-15-16-41-23.317043,61
2020-06-15-16-41-23.327498,61
2020-06-15-16-41-23.339082,61
2020-06-15-16-41-23.351010,64
2020-06-15-16-41-23.363588,1031
2020-06-15-16-41-23.375004,1031
2020-06-15-16-41-23.386598,1031
2020-06-15-16-41-23.398853,1049
2020-06-15-16-41-23.411196,1049
2020-06-15-16-41-23.423479,1049
2020-06-15-16-41-23.434952,637
2020-06-15-16-41-23.445131,-203
2020-06-15-16-41-23.455826,-203
2020-06-15-16-41-23.467808,-203
2020-06-15-16-41-23.479097,-2048
2020-06-15-16-41-23.491044,-2048
2020-06-15-16-41-23.503408,-2048
2020-06-15-16-41-23.515139,-1946
2020-06-15-16-41-23.526704,-1946
2020-06-15-16-41-23.539150,-1946
2020-06-15-16-41-23.551018,-1379
2020-06-15-16-41-23.563384,-924
2020-06-15-16-41-23.574965,-924
2020-06-15-16-41-23.587359,-924
2020-06-15-16-41-23.598849,-120
2020-06-15-16-41-23.611078,-120
2020-06-15-16-41-23.623366,-120
2020-06-15-16-41-23.634943,-120
2020-06-15-16-41-23.647023,277
2020-06-15-16-41-23.659415,769
2020-06-15-16-41-23.671107,769
2020-06-15-16-41-23.683362,769
2020-06-15-16-41-23.693476,832
2020-06-15-16-41-23.705030,832
2020-06-15-16-41-23.715406,832
2020-06-15-16-41-23.726964,808
2020-06-15-16-41-23.739380,695
2020-06-15-16-41-23.751159,695
2020-06-15-16-41-23.763461,651
2020-06-15-16-41-23.775994,555
2020-06-15-16-41-23.788017,555
2020-06-15-16-41-23.798792,555
2020-06-15-16-41-23.811124,401
2020-06-15-16-41-23.823369,401
2020-06-15-16-41-23.835438,359
2020-06-15-16-41-23.847727,359
2020-06-15-16-41-23.859576,359
2020-06-15-16-41-23.871120,277
2020-06-15-16-41-23.883722,277
2020-06-15-16-41-23.894823,277
2020-06-15-16-41-23.905620,228
2020-06-15-16-41-23.917948,182
2020-06-15-16-41-23.928936,182
2020-06-15-16-41-23.941031,182
2020-06-15-16-41-23.953408,182
2020-06-15-16-41-23.965766,182
2020-06-15-16-41-23.978479,107
2020-06-15-16-41-23.991079,107
2020-06-15-16-41-24.003460,107
2020-06-15-16-41-24.014923,71
2020-06-15-16-41-24.026369,71
2020-06-15-16-41-24.038488,71
2020-06-15-16-41-24.051087,34
2020-06-15-16-41-24.063465,34
2020-06-15-16-41-24.075415,34
2020-06-15-16-41-24.087769,6
2020-06-15-16-41-24.099024,6
2020-06-15-16-41-24.110192,6
2020-06-15-16-41-24.122550,17
2020-06-15-16-41-24.133803,17
2020-06-15-16-41-24.145453,17
2020-06-15-16-41-24.157575,-12
2020-06-15-16-41-24.170269,-12
2020-06-15-16-41-24.181510,-12
2020-06-15-16-41-24.193479,-22
2020-06-15-16-41-24.206148,18
2020-06-15-16-41-24.217060,18
2020-06-15-16-41-24.229263,18
2020-06-15-16-41-24.241052,18
2020-06-15-16-41-24.253647,17
2020-06-15-16-41-24.265225,17
2020-06-15-16-41-24.277432,17
2020-06-15-16-41-24.287511,39
2020-06-15-16-41-24.298306,39
2020-06-15-16-41-24.309128,39
2020-06-15-16-41-24.320987,-14
2020-06-15-16-41-24.333439,13
2020-06-15-16-41-24.345985,13
2020-06-15-16-41-24.358629,21
2020-06-15-16-41-24.371256,48
2020-06-15-16-41-24.383482,48
2020-06-15-16-41-24.395460,18
2020-06-15-16-41-24.405657,1
2020-06-15-16-41-24.417984,1
2020-06-15-16-41-24.430211,1
2020-06-15-16-41-24.442491,2
2020-06-15-16-41-24.454355,2
2020-06-15-16-41-24.465924,2
2020-06-15-16-41-24.476338,-33
2020-06-15-16-41-24.489075,-29
2020-06-15-16-41-24.501090,-29
2020-06-15-16-41-24.513473,-9
2020-06-15-16-41-24.525674,-9
2020-06-15-16-41-24.537950,-9
2020-06-15-16-41-24.548771,39
2020-06-15-16-41-24.559013,-11
2020-06-15-16-41-24.570999,-11
2020-06-15-16-41-24.583461,-11
2020-06-15-16-41-24.595157,22
2020-06-15-16-41-24.606720,-12
2020-06-15-16-41-24.618134,-12
2020-06-15-16-41-24.630197,-12
2020-06-15-16-41-24.641639,24
2020-06-15-16-41-24.653950,24
2020-06-15-16-41-24.664528,24
2020-06-15-16-41-24.676996,52
2020-06-15-16-41-24.689567,52
2020-06-15-16-41-24.701102,52
2020-06-15-16-41-24.713585,51
2020-06-15-16-41-24.724748,51
2020-06-15-16-41-24.736137,51
2020-06-15-16-41-24.746934,54
2020-06-15-16-41-24.759340,54
2020-06-15-16-41-24.771105,54
2020-06-15-16-41-24.783423,9
2020-06-15-16-41-24.795333,9
2020-06-15-16-41-24.806818,9
2020-06-15-16-41-24.819507,17
2020-06-15-16-41-24.831145,17
2020-06-15-16-41-24.843405,17
2020-06-15-16-41-24.855227,-4
2020-06-15-16-41-24.867731,-4
2020-06-15-16-41-24.880372,-4
2020-06-15-16-41-24.891167,24
2020-06-15-16-41-24.903435,24
2020-06-15-16-41-24.915138,24
2020-06-15-16-41-24.925739,19
2020-06-15-16-41-24.937665,19
2020-06-15-16-41-24.948028,19
2020-06-15-16-41-24.960050,18
2020-06-15-16-41-24.971208,32
2020-06-15-16-41-24.984679,32
2020-06-15-16-41-24.995953,23
2020-06-15-16-41-25.008063,23
2020-06-15-16-41-25.019216,23
2020-06-15-16-41-25.031155,54
2020-06-15-16-41-25.043811,54
2020-06-15-16-41-25.055280,54
2020-06-15-16-41-25.067820,33
2020-06-15-16-41-25.078124,33
2020-06-15-16-41-25.089366,33
2020-06-15-16-41-25.101162,27
2020-06-15-16-41-25.113471,19
2020-06-15-16-41-25.125954,19
2020-06-15-16-41-25.136364,19
2020-06-15-16-41-25.147609,9
2020-06-15-16-41-25.159069,9
2020-06-15-16-41-25.171168,9
2020-06-15-16-41-25.183425,38
2020-06-15-16-41-25.195255,20
2020-06-15-16-41-25.207240,20
2020-06-15-16-41-25.219049,20
2020-06-15-16-41-25.231191,54
2020-06-15-16-41-25.243464,23
2020-06-15-16-41-25.255044,23
2020-06-15-16-41-25.266587,23
2020-06-15-16-41-25.277531,11
2020-06-15-16-41-25.288715,11
2020-06-15-16-41-25.301085,11
2020-06-15-16-41-25.313501,-2
2020-06-15-16-41-25.325538,-2
2020-06-15-16-41-25.337860,-2
2020-06-15-16-41-25.348005,-10
2020-06-15-16-41-25.359545,-10
2020-06-15-16-41-25.371684,-10
2020-06-15-16-41-25.386346,27
2020-06-15-16-41-25.398088,27
2020-06-15-16-41-25.408287,27
2020-06-15-16-41-25.420133,27
2020-06-15-16-41-25.431083,27
2020-06-15-16-41-25.443480,27
2020-06-15-16-41-25.455371,55
2020-06-15-16-41-25.466884,55
2020-06-15-16-41-25.477776,59
2020-06-15-16-41-25.488642,59
2020-06-15-16-41-25.501161,59
2020-06-15-16-41-25.513766,37
2020-06-15-16-41-25.525531,37
2020-06-15-16-41-25.537158,37
2020-06-15-16-41-25.548880,37
2020-06-15-16-41-25.561156,37
2020-06-15-16-41-25.573561,37
2020-06-15-16-41-25.586186,41
2020-06-15-16-41-25.598843,41
2020-06-15-16-41-25.611225,41
2020-06-15-16-41-25.623433,-12
2020-06-15-16-41-25.635277,-12
2020-06-15-16-41-25.647767,-12
2020-06-15-16-41-25.658616,11
2020-06-15-16-41-25.671196,-30
2020-06-15-16-41-25.683544,37
2020-06-15-16-41-25.695843,5
2020-06-15-16-41-25.708239,5
2020-06-15-16-41-25.719213,5
2020-06-15-16-41-25.731684,5
2020-06-15-16-41-25.743808,5
2020-06-15-16-41-25.755594,48
2020-06-15-16-41-25.768235,48
2020-06-15-16-41-25.779264,48
2020-06-15-16-41-25.791684,5
2020-06-15-16-41-25.803933,5
2020-06-15-16-41-25.815180,5
2020-06-15-16-41-25.825861,44
2020-06-15-16-41-25.838384,42
2020-06-15-16-41-25.849888,42
2020-06-15-16-41-25.861176,42
2020-06-15-16-41-25.873474,42
2020-06-15-16-41-25.885324,51
2020-06-15-16-41-25.896612,51
2020-06-15-16-41-25.907366,51
2020-06-15-16-41-25.918915,11
2020-06-15-16-41-25.931220,11
2020-06-15-16-41-25.943536,11
2020-06-15-16-41-25.955191,21
2020-06-15-16-41-25.966746,21
2020-06-15-16-41-25.978882,21
2020-06-15-16-41-25.991232,32
2020-06-15-16-41-26.003504,32
2020-06-15-16-41-26.015151,32
2020-06-15-16-41-26.026941,32
2020-06-15-16-41-26.038226,32
2020-06-15-16-41-26.053391,17
2020-06-15-16-41-26.066793,17
2020-06-15-16-41-26.078045,17
2020-06-15-16-41-26.092850,44
2020-06-15-16-41-26.103907,44
2020-06-15-16-41-26.114754,44
2020-06-15-16-41-26.125994,1
2020-06-15-16-41-26.136308,1
2020-06-15-16-41-26.146774,1
2020-06-15-16-41-26.157358,9
2020-06-15-16-41-26.169210,83
2020-06-15-16-41-26.181141,83
2020-06-15-16-41-26.193475,83
2020-06-15-16-41-26.205830,39
2020-06-15-16-41-26.217066,39
2020-06-15-16-41-26.228475,39
2020-06-15-16-41-26.239753,9
2020-06-15-16-41-26.251252,9
2020-06-15-16-41-26.263528,9
2020-06-15-16-41-26.274853,19
2020-06-15-16-41-26.286906,19
2020-06-15-16-41-26.299437,19
2020-06-15-16-41-26.311150,-5
2020-06-15-16-41-26.323533,-5
2020-06-15-16-41-26.335905,-5
2020-06-15-16-41-26.347163,23
2020-06-15-16-41-26.358974,3
2020-06-15-16-41-26.371340,3
2020-06-15-16-41-26.383701,35
2020-06-15-16-41-26.394844,9
2020-06-15-16-41-26.405413,9
2020-06-15-16-41-26.416912,9
2020-06-15-16-41-26.429569,8
2020-06-15-16-41-26.441653,8
2020-06-15-16-41-26.453770,8
2020-06-15-16-41-26.465242,48
2020-06-15-16-41-26.476363,48
2020-06-15-16-41-26.487396,48
2020-06-15-16-41-26.499101,48
2020-06-15-16-41-26.511157,48
2020-06-15-16-41-26.523490,49
2020-06-15-16-41-26.535351,49
2020-06-15-16-41-26.545805,49
2020-06-15-16-41-26.557481,60
2020-06-15-16-41-26.569508,60
2020-06-15-16-41-26.581454,60
2020-06-15-16-41-26.593590,67
2020-06-15-16-41-26.603887,67
2020-06-15-16-41-26.615795,67
2020-06-15-16-41-26.626673,67
2020-06-15-16-41-26.638125,67
2020-06-15-16-41-26.649264,22
2020-06-15-16-41-26.661143,22
2020-06-15-16-41-26.673525,22
2020-06-15-16-41-26.684443,33
2020-06-15-16-41-26.695774,25
2020-06-15-16-41-26.705859,25
2020-06-15-16-41-26.716754,25
2020-06-15-16-41-26.727420,-20
2020-06-15-16-41-26.738236,-20
2020-06-15-16-41-26.749672,-20
2020-06-15-16-41-26.761061,22
2020-06-15-16-41-26.773459,22
2020-06-15-16-41-26.784994,22
2020-06-15-16-41-26.795133,-21
2020-06-15-16-41-26.805225,-21
2020-06-15-16-41-26.816273,-21
2020-06-15-16-41-26.828016,-21
2020-06-15-16-41-26.839479,29
2020-06-15-16-41-26.851191,29
2020-06-15-16-41-26.863495,29
2020-06-15-16-41-26.874624,38
2020-06-15-16-41-26.887121,38
2020-06-15-16-41-26.898897,38
2020-06-15-16-41-26.911700,33
2020-06-15-16-41-26.923740,33
2020-06-15-16-41-26.935403,33
2020-06-15-16-41-26.945587,56
2020-06-15-16-41-26.955684,35
2020-06-15-16-41-26.967467,35
2020-06-15-16-41-26.978279,35
2020-06-15-16-41-26.990786,36
2020-06-15-16-41-27.001693,36
2020-06-15-16-41-27.013454,36
2020-06-15-16-41-27.025239,19
2020-06-15-16-41-27.036766,38
2020-06-15-16-41-27.048703,38
2020-06-15-16-41-27.061088,77
2020-06-15-16-41-27.073483,50
2020-06-15-16-41-27.085773,50
2020-06-15-16-41-27.098370,20
2020-06-15-16-41-27.108490,20
2020-06-15-16-41-27.121078,20
2020-06-15-16-41-27.133580,20
2020-06-15-16-41-27.144358,20
