2020-06-15-16-40-57.146212,29,False
2020-06-15-16-40-57.157038,29,False
2020-06-15-16-40-57.168484,27,False
2020-06-15-16-40-57.180295,26,False
2020-06-15-16-40-57.192806,25,False
2020-06-15-16-40-57.205135,30,False
2020-06-15-16-40-57.215854,34,False
2020-06-15-16-40-57.227347,39,False
2020-06-15-16-40-57.239784,43,False
2020-06-15-16-40-57.250905,47,False
2020-06-15-16-40-57.262601,52,False
2020-06-15-16-40-57.274429,53,False
2020-06-15-16-40-57.286247,57,False
2020-06-15-16-40-57.296401,60,False
2020-06-15-16-40-57.308110,64,False
2020-06-15-16-40-57.320458,64,False
2020-06-15-16-40-57.332694,64,False
2020-06-15-16-40-57.343797,64,False
2020-06-15-16-40-57.356764,62,False
2020-06-15-16-40-57.368064,60,False
2020-06-15-16-40-57.380921,58,False
2020-06-15-16-40-57.393578,57,False
2020-06-15-16-40-57.405551,54,False
2020-06-15-16-40-57.417170,51,False
2020-06-15-16-40-57.429143,50,False
2020-06-15-16-40-57.440487,46,False
2020-06-15-16-40-57.452589,40,False
2020-06-15-16-40-57.464856,33,False
2020-06-15-16-40-57.476732,29,False
2020-06-15-16-40-57.488903,26,False
2020-06-15-16-40-57.500653,24,False
2020-06-15-16-40-57.512726,24,False
2020-06-15-16-40-57.523603,23,False
2020-06-15-16-40-57.534757,22,False
2020-06-15-16-40-57.546410,21,False
2020-06-15-16-40-57.558152,18,False
2020-06-15-16-40-57.570824,21,False
2020-06-15-16-40-57.582956,21,False
2020-06-15-16-40-57.594062,21,False
2020-06-15-16-40-57.606377,20,False
2020-06-15-16-40-57.616616,23,False
2020-06-15-16-40-57.628362,27,False
2020-06-15-16-40-57.640260,32,False
2020-06-15-16-40-57.652612,34,False
2020-06-15-16-40-57.664984,36,False
2020-06-15-16-40-57.676211,38,False
2020-06-15-16-40-57.687165,39,False
2020-06-15-16-40-57.698363,42,False
2020-06-15-16-40-57.715645,45,False
2020-06-15-16-40-57.730088,48,False
2020-06-15-16-40-57.743887,46,False
2020-06-15-16-40-57.758959,45,False
2020-06-15-16-40-57.771335,44,False
2020-06-15-16-40-57.783763,42,False
2020-06-15-16-40-57.794793,40,False
2020-06-15-16-40-57.807374,37,False
2020-06-15-16-40-57.819066,34,False
2020-06-15-16-40-57.831578,31,False
2020-06-15-16-40-57.843363,28,False
2020-06-15-16-40-57.855161,24,False
2020-06-15-16-40-57.867733,21,False
2020-06-15-16-40-57.880256,18,False
2020-06-15-16-40-57.896070,15,False
2020-06-15-16-40-57.907020,15,False
2020-06-15-16-40-57.918377,16,False
2020-06-15-16-40-57.930318,17,False
2020-06-15-16-40-57.942705,18,False
2020-06-15-16-40-57.954280,20,False
2020-06-15-16-40-57.966995,23,False
2020-06-15-16-40-57.978263,25,False
2020-06-15-16-40-57.990610,29,False
2020-06-15-16-40-58.002617,33,False
2020-06-15-16-40-58.012937,36,False
2020-06-15-16-40-58.025110,36,False
2020-06-15-16-40-58.036900,38,False
2020-06-15-16-40-58.048839,39,False
2020-06-15-16-40-58.060274,40,False
2020-06-15-16-40-58.072642,40,False
2020-06-15-16-40-58.084703,40,False
2020-06-15-16-40-58.096829,40,False
2020-06-15-16-40-58.108426,38,False
2020-06-15-16-40-58.120568,36,False
2020-06-15-16-40-58.132844,33,False
2020-06-15-16-40-58.144157,33,False
2020-06-15-16-40-58.155947,33,False
2020-06-15-16-40-58.167856,33,False
2020-06-15-16-40-58.180334,31,False
2020-06-15-16-40-58.192611,30,False
2020-06-15-16-40-58.204007,28,False
2020-06-15-16-40-58.215712,27,False
2020-06-15-16-40-58.226759,25,False
2020-06-15-16-40-58.238089,23,False
2020-06-15-16-40-58.250549,22,False
2020-06-15-16-40-58.262623,21,False
2020-06-15-16-40-58.275125,20,False
2020-06-15-16-40-58.286207,20,False
2020-06-15-16-40-58.296340,21,False
2020-06-15-16-40-58.307252,22,False
2020-06-15-16-40-58.318577,25,False
2020-06-15-16-40-58.330318,27,False
2020-06-15-16-40-58.342724,30,False
2020-06-15-16-40-58.354850,33,False
2020-06-15-16-40-58.366347,35,False
2020-06-15-16-40-58.376594,86,False
2020-06-15-16-40-58.387751,137,False
2020-06-15-16-40-58.400362,187,False
2020-06-15-16-40-58.412936,290,False
2020-06-15-16-40-58.423289,393,False
2020-06-15-16-40-58.434630,494,False
2020-06-15-16-40-58.445585,596,False
2020-06-15-16-40-58.457687,698,False
2020-06-15-16-40-58.470281,784,False
2020-06-15-16-40-58.482710,815,False
2020-06-15-16-40-58.494356,798,False
2020-06-15-16-40-58.505858,780,False
2020-06-15-16-40-58.517230,811,False
2020-06-15-16-40-58.527806,789,True
2020-06-15-16-40-58.540419,767,True
2020-06-15-16-40-58.552723,778,True
2020-06-15-16-40-58.565286,789,True
2020-06-15-16-40-58.575967,800,True
2020-06-15-16-40-58.587574,794,True
2020-06-15-16-40-58.597794,843,True
2020-06-15-16-40-58.610379,892,True
2020-06-15-16-40-58.622607,895,True
2020-06-15-16-40-58.635144,849,True
2020-06-15-16-40-58.646800,802,True
2020-06-15-16-40-58.658785,742,True
2020-06-15-16-40-58.670375,633,True
2020-06-15-16-40-58.682902,524,True
2020-06-15-16-40-58.694432,416,True
2020-06-15-16-40-58.706215,346,True
2020-06-15-16-40-58.718965,276,True
2020-06-15-16-40-58.730398,207,True
2020-06-15-16-40-58.742795,190,True
2020-06-15-16-40-58.755140,173,True
2020-06-15-16-40-58.767563,156,False
2020-06-15-16-40-58.779488,158,False
2020-06-15-16-40-58.790535,174,False
2020-06-15-16-40-58.802702,191,False
2020-06-15-16-40-58.814745,205,False
2020-06-15-16-40-58.826609,210,False
2020-06-15-16-40-58.838498,215,False
2020-06-15-16-40-58.850619,221,False
2020-06-15-16-40-58.862704,215,False
2020-06-15-16-40-58.874406,209,False
2020-06-15-16-40-58.886477,204,False
2020-06-15-16-40-58.896659,192,False
2020-06-15-16-40-58.907548,181,False
2020-06-15-16-40-58.918680,169,False
2020-06-15-16-40-58.930347,154,False
2020-06-15-16-40-58.942743,144,False
2020-06-15-16-40-58.954682,134,False
2020-06-15-16-40-58.965500,125,False
2020-06-15-16-40-58.978156,117,False
2020-06-15-16-40-58.990380,109,False
2020-06-15-16-40-59.002055,101,False
2020-06-15-16-40-59.012820,92,False
2020-06-15-16-40-59.023846,84,False
2020-06-15-16-40-59.034638,76,False
2020-06-15-16-40-59.046914,73,False
2020-06-15-16-40-59.057737,68,False
2020-06-15-16-40-59.070351,66,False
2020-06-15-16-40-59.082712,61,False
2020-06-15-16-40-59.093556,59,False
2020-06-15-16-40-59.104769,58,False
2020-06-15-16-40-59.115217,58,False
2020-06-15-16-40-59.125617,61,False
2020-06-15-16-40-59.136899,64,False
2020-06-15-16-40-59.148273,64,False
2020-06-15-16-40-59.160318,64,False
2020-06-15-16-40-59.172766,65,False
2020-06-15-16-40-59.183857,62,False
2020-06-15-16-40-59.194620,62,False
2020-06-15-16-40-59.206226,62,False
2020-06-15-16-40-59.218004,62,False
2020-06-15-16-40-59.230391,55,False
2020-06-15-16-40-59.242783,47,False
2020-06-15-16-40-59.253315,41,False
2020-06-15-16-40-59.264607,37,False
2020-06-15-16-40-59.275683,32,False
2020-06-15-16-40-59.287670,29,False
2020-06-15-16-40-59.299192,26,False
2020-06-15-16-40-59.310513,22,False
2020-06-15-16-40-59.323016,19,False
2020-06-15-16-40-59.334522,15,False
2020-06-15-16-40-59.346225,16,False
2020-06-15-16-40-59.357558,18,False
2020-06-15-16-40-59.369347,16,False
2020-06-15-16-40-59.380477,16,False
2020-06-15-16-40-59.392811,16,False
2020-06-15-16-40-59.404519,15,False
2020-06-15-16-40-59.415198,22,False
2020-06-15-16-40-59.426855,28,False
2020-06-15-16-40-59.437341,35,False
2020-06-15-16-40-59.448155,35,False
2020-06-15-16-40-59.460315,38,False
2020-06-15-16-40-59.472693,41,False
2020-06-15-16-40-59.483038,46,False
2020-06-15-16-40-59.494645,53,False
2020-06-15-16-40-59.506756,61,False
2020-06-15-16-40-59.518159,68,False
2020-06-15-16-40-59.530444,65,False
2020-06-15-16-40-59.542798,62,False
2020-06-15-16-40-59.554625,58,False
2020-06-15-16-40-59.567339,59,False
2020-06-15-16-40-59.578047,59,False
2020-06-15-16-40-59.590431,60,False
2020-06-15-16-40-59.602767,60,False
2020-06-15-16-40-59.614261,55,False
2020-06-15-16-40-59.625814,51,False
2020-06-15-16-40-59.636841,47,False
2020-06-15-16-40-59.648003,45,False
2020-06-15-16-40-59.660315,43,False
2020-06-15-16-40-59.672712,42,False
2020-06-15-16-40-59.682982,40,False
2020-06-15-16-40-59.694957,34,False
2020-06-15-16-40-59.705948,29,False
2020-06-15-16-40-59.718143,26,False
2020-06-15-16-40-59.730546,23,False
2020-06-15-16-40-59.742826,21,False
2020-06-15-16-40-59.754562,19,False
2020-06-15-16-40-59.767281,16,False
2020-06-15-16-40-59.778608,13,False
2020-06-15-16-40-59.790440,10,False
2020-06-15-16-40-59.802703,12,False
2020-06-15-16-40-59.814827,15,False
2020-06-15-16-40-59.827301,17,False
2020-06-15-16-40-59.839261,19,False
2020-06-15-16-40-59.850425,21,False
2020-06-15-16-40-59.862673,23,False
2020-06-15-16-40-59.874391,26,False
2020-06-15-16-40-59.886149,30,False
2020-06-15-16-40-59.896865,34,False
2020-06-15-16-40-59.908393,37,False
2020-06-15-16-40-59.920540,36,False
2020-06-15-16-40-59.932707,34,False
2020-06-15-16-40-59.944230,33,False
2020-06-15-16-40-59.955593,31,False
2020-06-15-16-40-59.967744,34,False
2020-06-15-16-40-59.980367,35,False
2020-06-15-16-40-59.992774,35,False
2020-06-15-16-41-00.003707,34,False
2020-06-15-16-41-00.014813,33,False
2020-06-15-16-41-00.026403,31,False
2020-06-15-16-41-00.037949,32,False
2020-06-15-16-41-00.050341,34,False
2020-06-15-16-41-00.062671,38,False
2020-06-15-16-41-00.074414,42,False
2020-06-15-16-41-00.085337,40,False
2020-06-15-16-41-00.097591,36,False
2020-06-15-16-41-00.110193,31,False
2020-06-15-16-41-00.123020,27,False
2020-06-15-16-41-00.133677,24,False
2020-06-15-16-41-00.143939,22,False
2020-06-15-16-41-00.155496,21,False
2020-06-15-16-41-00.167566,19,False
2020-06-15-16-41-00.177941,15,False
2020-06-15-16-41-00.190444,12,False
2020-06-15-16-41-00.202875,11,False
2020-06-15-16-41-00.215058,19,False
2020-06-15-16-41-00.226309,28,False
2020-06-15-16-41-00.237670,37,False
2020-06-15-16-41-00.250295,45,False
2020-06-15-16-41-00.262430,53,False
2020-06-15-16-41-00.274494,61,False
2020-06-15-16-41-00.286249,66,False
2020-06-15-16-41-00.297920,70,False
2020-06-15-16-41-00.310528,73,False
2020-06-15-16-41-00.322708,72,False
2020-06-15-16-41-00.334050,66,False
2020-06-15-16-41-00.345152,60,False
2020-06-15-16-41-00.356241,54,False
2020-06-15-16-41-00.368591,50,False
2020-06-15-16-41-00.380874,47,False
2020-06-15-16-41-00.393285,43,False
2020-06-15-16-41-00.405787,41,False
2020-06-15-16-41-00.416874,39,False
2020-06-15-16-41-00.427261,34,False
2020-06-15-16-41-00.438520,33,False
2020-06-15-16-41-00.450466,32,False
2020-06-15-16-41-00.460640,31,False
2020-06-15-16-41-00.472726,28,False
2020-06-15-16-41-00.485034,23,False
2020-06-15-16-41-00.497857,18,False
2020-06-15-16-41-00.510550,13,False
2020-06-15-16-41-00.522833,12,False
2020-06-15-16-41-00.534329,10,False
2020-06-15-16-41-00.545792,12,False
2020-06-15-16-41-00.556863,13,False
2020-06-15-16-41-00.568792,15,False
2020-06-15-16-41-00.580896,16,False
2020-06-15-16-41-00.592975,18,False
2020-06-15-16-41-00.604337,20,False
2020-06-15-16-41-00.614484,27,False
2020-06-15-16-41-00.625459,33,False
2020-06-15-16-41-00.636649,38,False
2020-06-15-16-41-00.646912,43,False
2020-06-15-16-41-00.657981,46,False
2020-06-15-16-41-00.670407,49,False
2020-06-15-16-41-00.682811,51,False
2020-06-15-16-41-00.694380,51,False
2020-06-15-16-41-00.705244,52,False
2020-06-15-16-41-00.715627,53,False
2020-06-15-16-41-00.728444,47,False
2020-06-15-16-41-00.740428,41,False
2020-06-15-16-41-00.752868,35,False
2020-06-15-16-41-00.765444,31,False
2020-06-15-16-41-00.777964,29,False
2020-06-15-16-41-00.790417,27,False
2020-06-15-16-41-00.802768,22,False
2020-06-15-16-41-00.815231,21,False
2020-06-15-16-41-00.827406,19,False
2020-06-15-16-41-00.838951,17,False
2020-06-15-16-41-00.850338,17,False
2020-06-15-16-41-00.862984,17,False
2020-06-15-16-41-00.874948,20,False
2020-06-15-16-41-00.886900,20,False
2020-06-15-16-41-00.897826,20,False
2020-06-15-16-41-00.910360,21,False
2020-06-15-16-41-00.922903,23,False
2020-06-15-16-41-00.933535,26,False
2020-06-15-16-41-00.943681,29,False
2020-06-15-16-41-00.955116,34,False
2020-06-15-16-41-00.966152,36,False
2020-06-15-16-41-00.977346,39,False
2020-06-15-16-41-00.988298,39,False
2020-06-15-16-41-01.000385,43,False
2020-06-15-16-41-01.012813,45,False
2020-06-15-16-41-01.024023,48,False
2020-06-15-16-41-01.035481,50,False
2020-06-15-16-41-01.047556,49,False
2020-06-15-16-41-01.058197,47,False
2020-06-15-16-41-01.070358,46,False
2020-06-15-16-41-01.082785,47,False
2020-06-15-16-41-01.095153,48,False
2020-06-15-16-41-01.106292,49,False
2020-06-15-16-41-01.118829,42,False
2020-06-15-16-41-01.130319,38,False
2020-06-15-16-41-01.142752,34,False
2020-06-15-16-41-01.154766,30,False
2020-06-15-16-41-01.166046,27,False
2020-06-15-16-41-01.176927,25,False
2020-06-15-16-41-01.187049,24,False
2020-06-15-16-41-01.197231,22,False
2020-06-15-16-41-01.207854,19,False
2020-06-15-16-41-01.220375,19,False
2020-06-15-16-41-01.230755,21,False
2020-06-15-16-41-01.242202,24,False
2020-06-15-16-41-01.253096,27,False
2020-06-15-16-41-01.264567,29,False
2020-06-15-16-41-01.275873,32,False
2020-06-15-16-41-01.288179,34,False
2020-06-15-16-41-01.300381,35,False
2020-06-15-16-41-01.312799,36,False
2020-06-15-16-41-01.324967,36,False
2020-06-15-16-41-01.337572,33,False
2020-06-15-16-41-01.349703,31,False
2020-06-15-16-41-01.360450,31,False
2020-06-15-16-41-01.372762,31,False
2020-06-15-16-41-01.385444,31,False
2020-06-15-16-41-01.398277,33,False
2020-06-15-16-41-01.410467,35,False
2020-06-15-16-41-01.422712,37,False
2020-06-15-16-41-01.434330,38,False
2020-06-15-16-41-01.446714,42,False
2020-06-15-16-41-01.456946,46,False
2020-06-15-16-41-01.467923,49,False
2020-06-15-16-41-01.480373,47,False
2020-06-15-16-41-01.492684,45,False
2020-06-15-16-41-01.503204,43,False
2020-06-15-16-41-01.514234,41,False
2020-06-15-16-41-01.526538,39,False
2020-06-15-16-41-01.537761,38,False
2020-06-15-16-41-01.548869,37,False
2020-06-15-16-41-01.560971,36,False
2020-06-15-16-41-01.572710,32,False
2020-06-15-16-41-01.585207,30,False
2020-06-15-16-41-01.596567,29,False
2020-06-15-16-41-01.607871,28,False
2020-06-15-16-41-01.620381,28,False
2020-06-15-16-41-01.632720,26,False
2020-06-15-16-41-01.645063,22,False
2020-06-15-16-41-01.656497,18,False
2020-06-15-16-41-01.668113,14,False
2020-06-15-16-41-01.680429,13,False
2020-06-15-16-41-01.693345,14,False
2020-06-15-16-41-01.703887,15,False
2020-06-15-16-41-01.714927,21,False
2020-06-15-16-41-01.726099,27,False
2020-06-15-16-41-01.737613,32,False
2020-06-15-16-41-01.749961,37,False
2020-06-15-16-41-01.761464,44,False
2020-06-15-16-41-01.772826,48,False
2020-06-15-16-41-01.784073,52,False
2020-06-15-16-41-01.796320,53,False
2020-06-15-16-41-01.807590,58,False
2020-06-15-16-41-01.819323,62,False
2020-06-15-16-41-01.830372,62,False
2020-06-15-16-41-01.842700,60,False
2020-06-15-16-41-01.854249,58,False
2020-06-15-16-41-01.865632,56,False
2020-06-15-16-41-01.876657,54,False
2020-06-15-16-41-01.888293,56,False
2020-06-15-16-41-01.900484,58,False
2020-06-15-16-41-01.912889,61,False
2020-06-15-16-41-01.924534,58,False
2020-06-15-16-41-01.936605,54,False
2020-06-15-16-41-01.948530,51,False
2020-06-15-16-41-01.961024,47,False
2020-06-15-16-41-01.972730,43,False
2020-06-15-16-41-01.985139,38,False
2020-06-15-16-41-01.995227,36,False
2020-06-15-16-41-02.007494,30,False
2020-06-15-16-41-02.019728,23,False
2020-06-15-16-41-02.031554,16,False
2020-06-15-16-41-02.044064,13,False
2020-06-15-16-41-02.055487,9,False
2020-06-15-16-41-02.066791,6,False
2020-06-15-16-41-02.079548,8,False
2020-06-15-16-41-02.091333,11,False
2020-06-15-16-41-02.103586,16,False
2020-06-15-16-41-02.114938,17,False
2020-06-15-16-41-02.126121,20,False
2020-06-15-16-41-02.137790,24,False
2020-06-15-16-41-02.150449,30,False
2020-06-15-16-41-02.162822,37,False
2020-06-15-16-41-02.174575,43,False
2020-06-15-16-41-02.186516,49,False
2020-06-15-16-41-02.198250,53,False
2020-06-15-16-41-02.210529,54,False
2020-06-15-16-41-02.223048,55,False
2020-06-15-16-41-02.235415,57,False
2020-06-15-16-41-02.248055,58,False
2020-06-15-16-41-02.260391,58,False
2020-06-15-16-41-02.272851,55,False
2020-06-15-16-41-02.283365,52,False
2020-06-15-16-41-02.295326,51,False
2020-06-15-16-41-02.306935,49,False
2020-06-15-16-41-02.319101,47,False
2020-06-15-16-41-02.330400,73,False
2020-06-15-16-41-02.342793,99,False
2020-06-15-16-41-02.354907,124,False
2020-06-15-16-41-02.366813,253,False
2020-06-15-16-41-02.378729,345,False
2020-06-15-16-41-02.390498,438,False
2020-06-15-16-41-02.402901,542,False
2020-06-15-16-41-02.414034,623,False
2020-06-15-16-41-02.424882,703,False
2020-06-15-16-41-02.436669,783,False
2020-06-15-16-41-02.446772,770,False
2020-06-15-16-41-02.458587,757,False
2020-06-15-16-41-02.469326,744,True
2020-06-15-16-41-02.481022,743,True
2020-06-15-16-41-02.492767,779,True
2020-06-15-16-41-02.504251,815,True
2020-06-15-16-41-02.515897,818,True
2020-06-15-16-41-02.526923,845,True
2020-06-15-16-41-02.538639,871,True
2020-06-15-16-41-02.550407,864,True
2020-06-15-16-41-02.562746,894,True
2020-06-15-16-41-02.574072,925,True
2020-06-15-16-41-02.586296,935,True
2020-06-15-16-41-02.598033,830,True
2020-06-15-16-41-02.610563,725,True
2020-06-15-16-41-02.622742,600,True
2020-06-15-16-41-02.634609,495,True
2020-06-15-16-41-02.645654,391,True
2020-06-15-16-41-02.656760,286,True
2020-06-15-16-41-02.668163,227,True
2020-06-15-16-41-02.680493,198,True
2020-06-15-16-41-02.693307,170,True
2020-06-15-16-41-02.705982,162,False
2020-06-15-16-41-02.716983,157,False
2020-06-15-16-41-02.729296,152,False
2020-06-15-16-41-02.740435,168,False
2020-06-15-16-41-02.752798,182,False
2020-06-15-16-41-02.765172,197,False
2020-06-15-16-41-02.777023,211,False
2020-06-15-16-41-02.788443,213,False
2020-06-15-16-41-02.800402,212,False
2020-06-15-16-41-02.812792,212,False
2020-06-15-16-41-02.824453,212,False
2020-06-15-16-41-02.835791,209,False
2020-06-15-16-41-02.846660,206,False
2020-06-15-16-41-02.857907,204,False
2020-06-15-16-41-02.870429,193,False
2020-06-15-16-41-02.882874,182,False
2020-06-15-16-41-02.894977,172,False
2020-06-15-16-41-02.906831,161,False
2020-06-15-16-41-02.918590,151,False
2020-06-15-16-41-02.930556,140,False
2020-06-15-16-41-02.943077,129,False
2020-06-15-16-41-02.954729,118,False
2020-06-15-16-41-02.965564,109,False
2020-06-15-16-41-02.976404,94,False
2020-06-15-16-41-02.987699,89,False
2020-06-15-16-41-02.998577,84,False
2020-06-15-16-41-03.010532,80,False
2020-06-15-16-41-03.023109,78,False
2020-06-15-16-41-03.035692,76,False
2020-06-15-16-41-03.046562,72,False
2020-06-15-16-41-03.057884,69,False
2020-06-15-16-41-03.070520,66,False
2020-06-15-16-41-03.082884,60,False
2020-06-15-16-41-03.093689,61,False
2020-06-15-16-41-03.106270,61,False
2020-06-15-16-41-03.117285,58,False
2020-06-15-16-41-03.128533,55,False
2020-06-15-16-41-03.140479,52,False
2020-06-15-16-41-03.152868,49,False
2020-06-15-16-41-03.164584,50,False
2020-06-15-16-41-03.176038,51,False
2020-06-15-16-41-03.187814,52,False
2020-06-15-16-41-03.200489,52,False
2020-06-15-16-41-03.212858,53,False
2020-06-15-16-41-03.224420,54,False
2020-06-15-16-41-03.234854,58,False
2020-06-15-16-41-03.247104,60,False
2020-06-15-16-41-03.258892,62,False
2020-06-15-16-41-03.270482,65,False
2020-06-15-16-41-03.282805,66,False
2020-06-15-16-41-03.294320,67,False
2020-06-15-16-41-03.304842,66,False
2020-06-15-16-41-03.316210,63,False
2020-06-15-16-41-03.328771,60,False
2020-06-15-16-41-03.340544,58,False
2020-06-15-16-41-03.352858,53,False
2020-06-15-16-41-03.364472,49,False
2020-06-15-16-41-03.375860,44,False
2020-06-15-16-41-03.387687,41,False
2020-06-15-16-41-03.399309,39,False
2020-06-15-16-41-03.410601,36,False
2020-06-15-16-41-03.423054,31,False
2020-06-15-16-41-03.434839,29,False
2020-06-15-16-41-03.446394,26,False
2020-06-15-16-41-03.457392,24,False
2020-06-15-16-41-03.470046,24,False
2020-06-15-16-41-03.480992,23,False
2020-06-15-16-41-03.493264,22,False
2020-06-15-16-41-03.503420,19,False
2020-06-15-16-41-03.514425,16,False
2020-06-15-16-41-03.525199,12,False
2020-06-15-16-41-03.537305,11,False
2020-06-15-16-41-03.550001,10,False
2020-06-15-16-41-03.561139,9,False
2020-06-15-16-41-03.572802,9,False
2020-06-15-16-41-03.585337,8,False
2020-06-15-16-41-03.597605,7,False
2020-06-15-16-41-03.608298,8,False
2020-06-15-16-41-03.620533,9,False
2020-06-15-16-41-03.632759,11,False
2020-06-15-16-41-03.645535,16,False
2020-06-15-16-41-03.658160,21,False
2020-06-15-16-41-03.670558,26,False
2020-06-15-16-41-03.683076,32,False
2020-06-15-16-41-03.693552,39,False
2020-06-15-16-41-03.704761,45,False
2020-06-15-16-41-03.717145,48,False
2020-06-15-16-41-03.728790,50,False
2020-06-15-16-41-03.740580,52,False
2020-06-15-16-41-03.752765,53,False
2020-06-15-16-41-03.764862,52,False
2020-06-15-16-41-03.776223,51,False
2020-06-15-16-41-03.787881,46,False
2020-06-15-16-41-03.800964,43,False
2020-06-15-16-41-03.813201,39,False
2020-06-15-16-41-03.825060,34,False
2020-06-15-16-41-03.837361,33,False
2020-06-15-16-41-03.848585,32,False
2020-06-15-16-41-03.861141,32,False
2020-06-15-16-41-03.873828,29,False
2020-06-15-16-41-03.886030,24,False
2020-06-15-16-41-03.898392,20,False
2020-06-15-16-41-03.910476,21,False
2020-06-15-16-41-03.922812,20,False
2020-06-15-16-41-03.934640,19,False
2020-06-15-16-41-03.944766,21,False
2020-06-15-16-41-03.956035,22,False
2020-06-15-16-41-03.966883,22,False
2020-06-15-16-41-03.978282,22,False
2020-06-15-16-41-03.990460,28,False
2020-06-15-16-41-04.001482,34,False
2020-06-15-16-41-04.012843,40,False
2020-06-15-16-41-04.025170,42,False
2020-06-15-16-41-04.037761,44,False
2020-06-15-16-41-04.049272,47,False
2020-06-15-16-41-04.061046,48,False
2020-06-15-16-41-04.072999,52,False
2020-06-15-16-41-04.085400,56,False
2020-06-15-16-41-04.096728,60,False
2020-06-15-16-41-04.109287,60,False
2020-06-15-16-41-04.121341,60,False
2020-06-15-16-41-04.132817,54,False
2020-06-15-16-41-04.144424,50,False
2020-06-15-16-41-04.155732,46,False
2020-06-15-16-41-04.166053,45,False
2020-06-15-16-41-04.178551,43,False
2020-06-15-16-41-04.190433,39,False
2020-06-15-16-41-04.202796,34,False
2020-06-15-16-41-04.213495,28,False
2020-06-15-16-41-04.225533,24,False
2020-06-15-16-41-04.235641,17,False
2020-06-15-16-41-04.245751,18,False
2020-06-15-16-41-04.258038,18,False
2020-06-15-16-41-04.270451,19,False
2020-06-15-16-41-04.282868,17,False
2020-06-15-16-41-04.295113,16,False
2020-06-15-16-41-04.306902,15,False
2020-06-15-16-41-04.317996,16,False
2020-06-15-16-41-04.330555,18,False
2020-06-15-16-41-04.342823,20,False
2020-06-15-16-41-04.352932,22,False
2020-06-15-16-41-04.363123,24,False
2020-06-15-16-41-04.374612,26,False
2020-06-15-16-41-04.386758,30,False
2020-06-15-16-41-04.399086,33,False
2020-06-15-16-41-04.411414,36,False
2020-06-15-16-41-04.423483,37,False
2020-06-15-16-41-04.436266,39,False
2020-06-15-16-41-04.448845,41,False
2020-06-15-16-41-04.462014,43,False
2020-06-15-16-41-04.474491,44,False
2020-06-15-16-41-04.486082,45,False
2020-06-15-16-41-04.496817,46,False
2020-06-15-16-41-04.509326,44,False
2020-06-15-16-41-04.520457,43,False
2020-06-15-16-41-04.532919,41,False
2020-06-15-16-41-04.543288,39,False
2020-06-15-16-41-04.554851,36,False
2020-06-15-16-41-04.567097,32,False
2020-06-15-16-41-04.578871,29,False
2020-06-15-16-41-04.590472,29,False
2020-06-15-16-41-04.602819,28,False
2020-06-15-16-41-04.614700,26,False
2020-06-15-16-41-04.625568,24,False
2020-06-15-16-41-04.637944,21,False
2020-06-15-16-41-04.650530,19,False
2020-06-15-16-41-04.662915,19,False
2020-06-15-16-41-04.674390,19,False
2020-06-15-16-41-04.686481,19,False
2020-06-15-16-41-04.697905,18,False
2020-06-15-16-41-04.710474,16,False
2020-06-15-16-41-04.722889,17,False
2020-06-15-16-41-04.735223,20,False
2020-06-15-16-41-04.745788,23,False
2020-06-15-16-41-04.756632,26,False
2020-06-15-16-41-04.768340,28,False
2020-06-15-16-41-04.780807,31,False
2020-06-15-16-41-04.792954,35,False
2020-06-15-16-41-04.803071,37,False
2020-06-15-16-41-04.814186,39,False
2020-06-15-16-41-04.825905,41,False
2020-06-15-16-41-04.837757,42,False
2020-06-15-16-41-04.850416,42,False
2020-06-15-16-41-04.862824,42,False
2020-06-15-16-41-04.874368,40,False
2020-06-15-16-41-04.886611,38,False
2020-06-15-16-41-04.902047,35,False
2020-06-15-16-41-04.912956,30,False
2020-06-15-16-41-04.924748,28,False
2020-06-15-16-41-04.937369,25,False
2020-06-15-16-41-04.947832,24,False
2020-06-15-16-41-04.960135,19,False
2020-06-15-16-41-04.970851,15,False
2020-06-15-16-41-04.982848,11,False
2020-06-15-16-41-04.994677,13,False
2020-06-15-16-41-05.006856,15,False
2020-06-15-16-41-05.018228,17,False
2020-06-15-16-41-05.031062,19,False
2020-06-15-16-41-05.042946,20,False
2020-06-15-16-41-05.055698,21,False
2020-06-15-16-41-05.066424,21,False
2020-06-15-16-41-05.076771,28,False
2020-06-15-16-41-05.087470,35,False
2020-06-15-16-41-05.098574,42,False
2020-06-15-16-41-05.110488,42,False
2020-06-15-16-41-05.122880,42,False
2020-06-15-16-41-05.134440,42,False
2020-06-15-16-41-05.145977,44,False
2020-06-15-16-41-05.156884,46,False
2020-06-15-16-41-05.168479,48,False
2020-06-15-16-41-05.180567,50,False
2020-06-15-16-41-05.192935,46,False
2020-06-15-16-41-05.204154,42,False
2020-06-15-16-41-05.216705,39,False
2020-06-15-16-41-05.227562,37,False
2020-06-15-16-41-05.240115,35,False
2020-06-15-16-41-05.251082,34,False
2020-06-15-16-41-05.262859,31,False
2020-06-15-16-41-05.274436,29,False
2020-06-15-16-41-05.286077,26,False
2020-06-15-16-41-05.296687,25,False
2020-06-15-16-41-05.308309,26,False
2020-06-15-16-41-05.320581,27,False
2020-06-15-16-41-05.332869,27,False
2020-06-15-16-41-05.344607,29,False
2020-06-15-16-41-05.355775,31,False
2020-06-15-16-41-05.366696,30,False
2020-06-15-16-41-05.377862,31,False
2020-06-15-16-41-05.390160,32,False
2020-06-15-16-41-05.401201,33,False
2020-06-15-16-41-05.412868,32,False
2020-06-15-16-41-05.424558,30,False
2020-06-15-16-41-05.435772,28,False
2020-06-15-16-41-05.447935,25,False
2020-06-15-16-41-05.461130,22,False
2020-06-15-16-41-05.472857,18,False
2020-06-15-16-41-05.482993,16,False
2020-06-15-16-41-05.494930,14,False
2020-06-15-16-41-05.505039,14,False
2020-06-15-16-41-05.517011,13,False
2020-06-15-16-41-05.528967,13,False
2020-06-15-16-41-05.540649,11,False
2020-06-15-16-41-05.552943,14,False
2020-06-15-16-41-05.563194,19,False
2020-06-15-16-41-05.574443,23,False
2020-06-15-16-41-05.586472,29,False
2020-06-15-16-41-05.598249,34,False
2020-06-15-16-41-05.610735,39,False
2020-06-15-16-41-05.623117,44,False
2020-06-15-16-41-05.634963,48,False
2020-06-15-16-41-05.645749,53,False
2020-06-15-16-41-05.656138,59,False
2020-06-15-16-41-05.667939,60,False
2020-06-15-16-41-05.680482,60,False
2020-06-15-16-41-05.692949,60,False
2020-06-15-16-41-05.703560,57,False
2020-06-15-16-41-05.716146,54,False
2020-06-15-16-41-05.727543,51,False
2020-06-15-16-41-05.738140,47,False
2020-06-15-16-41-05.750563,43,False
2020-06-15-16-41-05.763263,39,False
2020-06-15-16-41-05.775928,34,False
2020-06-15-16-41-05.788011,32,False
2020-06-15-16-41-05.800517,29,False
2020-06-15-16-41-05.812857,25,False
2020-06-15-16-41-05.825208,26,False
2020-06-15-16-41-05.837644,27,False
2020-06-15-16-41-05.848044,28,False
2020-06-15-16-41-05.860473,26,False
2020-06-15-16-41-05.873140,24,False
2020-06-15-16-41-05.885030,23,False
2020-06-15-16-41-05.897007,25,False
2020-06-15-16-41-05.908801,26,False
2020-06-15-16-41-05.920926,28,False
2020-06-15-16-41-05.932901,33,False
2020-06-15-16-41-05.943115,36,False
2020-06-15-16-41-05.955766,39,False
2020-06-15-16-41-05.968056,43,False
2020-06-15-16-41-05.980612,44,False
2020-06-15-16-41-05.992890,46,False
2020-06-15-16-41-06.005221,49,False
2020-06-15-16-41-06.017123,49,False
2020-06-15-16-41-06.028415,50,False
2020-06-15-16-41-06.040589,50,False
2020-06-15-16-41-06.052998,44,False
2020-06-15-16-41-06.065147,38,False
2020-06-15-16-41-06.076283,33,False
2020-06-15-16-41-06.087078,28,False
2020-06-15-16-41-06.098614,26,False
2020-06-15-16-41-06.110596,23,False
2020-06-15-16-41-06.123268,19,False
2020-06-15-16-41-06.134694,15,False
2020-06-15-16-41-06.144944,11,False
2020-06-15-16-41-06.156493,7,False
2020-06-15-16-41-06.168576,10,False
2020-06-15-16-41-06.180581,14,False
2020-06-15-16-41-06.192908,17,False
2020-06-15-16-41-06.203857,17,False
2020-06-15-16-41-06.215244,20,False
2020-06-15-16-41-06.227482,24,False
2020-06-15-16-41-06.238347,27,False
2020-06-15-16-41-06.250599,30,False
2020-06-15-16-41-06.263294,35,False
2020-06-15-16-41-06.275079,80,False
2020-06-15-16-41-06.285738,122,False
2020-06-15-16-41-06.296877,163,False
2020-06-15-16-41-06.309078,228,False
2020-06-15-16-41-06.320581,295,False
2020-06-15-16-41-06.332873,361,False
2020-06-15-16-41-06.344340,476,False
2020-06-15-16-41-06.355269,591,False
2020-06-15-16-41-06.367659,705,False
2020-06-15-16-41-06.378831,721,False
2020-06-15-16-41-06.390581,696,False
2020-06-15-16-41-06.402855,672,True
2020-06-15-16-41-06.414536,815,True
2020-06-15-16-41-06.426101,935,True
2020-06-15-16-41-06.436282,1055,True
2020-06-15-16-41-06.447971,1190,True
2020-06-15-16-41-06.460518,1256,True
2020-06-15-16-41-06.472977,1322,True
2020-06-15-16-41-06.485516,1334,True
2020-06-15-16-41-06.497501,1394,True
2020-06-15-16-41-06.508357,1454,True
2020-06-15-16-41-06.520611,1514,True
2020-06-15-16-41-06.532858,1331,True
2020-06-15-16-41-06.545358,1148,True
2020-06-15-16-41-06.556413,965,True
2020-06-15-16-41-06.568952,814,True
2020-06-15-16-41-06.580570,684,True
2020-06-15-16-41-06.592850,554,True
2020-06-15-16-41-06.605165,497,True
2020-06-15-16-41-06.616503,490,True
2020-06-15-16-41-06.628228,484,True
2020-06-15-16-41-06.640570,471,False
2020-06-15-16-41-06.652962,530,False
2020-06-15-16-41-06.663571,590,False
2020-06-15-16-41-06.674968,649,False
2020-06-15-16-41-06.686502,651,False
2020-06-15-16-41-06.699024,652,False
2020-06-15-16-41-06.710520,653,False
2020-06-15-16-41-06.722977,621,False
2020-06-15-16-41-06.734931,588,False
2020-06-15-16-41-06.745098,556,False
2020-06-15-16-41-06.757789,527,False
2020-06-15-16-41-06.770197,493,False
2020-06-15-16-41-06.782868,460,False
2020-06-15-16-41-06.795210,422,False
2020-06-15-16-41-06.806371,386,False
2020-06-15-16-41-06.817684,350,False
2020-06-15-16-41-06.830026,315,False
2020-06-15-16-41-06.841418,292,False
2020-06-15-16-41-06.853588,270,False
2020-06-15-16-41-06.865274,244,False
2020-06-15-16-41-06.876361,218,False
2020-06-15-16-41-06.886595,198,False
2020-06-15-16-41-06.902443,174,False
2020-06-15-16-41-06.914716,156,False
2020-06-15-16-41-06.927173,146,False
2020-06-15-16-41-06.938786,131,False
2020-06-15-16-41-06.950636,116,False
2020-06-15-16-41-06.963397,101,False
2020-06-15-16-41-06.975056,87,False
2020-06-15-16-41-06.987281,76,False
2020-06-15-16-41-06.998411,69,False
2020-06-15-16-41-07.010669,60,False
2020-06-15-16-41-07.022886,57,False
2020-06-15-16-41-07.034342,53,False
2020-06-15-16-41-07.046948,49,False
2020-06-15-16-41-07.058988,50,False
2020-06-15-16-41-07.071028,51,False
2020-06-15-16-41-07.083177,51,False
2020-06-15-16-41-07.093887,47,False
2020-06-15-16-41-07.104017,42,False
2020-06-15-16-41-07.114135,37,False
2020-06-15-16-41-07.125326,35,False
2020-06-15-16-41-07.136275,30,False
2020-06-15-16-41-07.147341,25,False
2020-06-15-16-41-07.157688,19,False
2020-06-15-16-41-07.170500,14,False
2020-06-15-16-41-07.182886,10,False
2020-06-15-16-41-07.194755,5,False
2020-06-15-16-41-07.205914,5,False
2020-06-15-16-41-07.217481,6,False
2020-06-15-16-41-07.229851,6,False
2020-06-15-16-41-07.240605,8,False
2020-06-15-16-41-07.252988,10,False
2020-06-15-16-41-07.264197,12,False
2020-06-15-16-41-07.275555,12,False
2020-06-15-16-41-07.287813,13,False
2020-06-15-16-41-07.299182,13,False
2020-06-15-16-41-07.310640,13,False
2020-06-15-16-41-07.322991,15,False
2020-06-15-16-41-07.334512,14,False
2020-06-15-16-41-07.345315,13,False
2020-06-15-16-41-07.357795,11,False
2020-06-15-16-41-07.369141,9,False
2020-06-15-16-41-07.381240,8,False
2020-06-15-16-41-07.392917,8,False
2020-06-15-16-41-07.403590,8,False
2020-06-15-16-41-07.414257,8,False
2020-06-15-16-41-07.425713,8,False
2020-06-15-16-41-07.437881,6,False
2020-06-15-16-41-07.449443,6,False
2020-06-15-16-41-07.461146,8,False
2020-06-15-16-41-07.472884,11,False
2020-06-15-16-41-07.485427,13,False
2020-06-15-16-41-07.496886,15,False
2020-06-15-16-41-07.508550,16,False
2020-06-15-16-41-07.520573,18,False
2020-06-15-16-41-07.533240,19,False
2020-06-15-16-41-07.545109,21,False
2020-06-15-16-41-07.556901,23,False
2020-06-15-16-41-07.568565,25,False
2020-06-15-16-41-07.580601,25,False
2020-06-15-16-41-07.593309,24,False
2020-06-15-16-41-07.603540,24,False
2020-06-15-16-41-07.613854,21,False
2020-06-15-16-41-07.625963,20,False
2020-06-15-16-41-07.637802,19,False
2020-06-15-16-41-07.650236,18,False
2020-06-15-16-41-07.661906,17,False
2020-06-15-16-41-07.674216,15,False
2020-06-15-16-41-07.685626,13,False
2020-06-15-16-41-07.697268,16,False
2020-06-15-16-41-07.708783,19,False
2020-06-15-16-41-07.720614,18,False
2020-06-15-16-41-07.733023,18,False
2020-06-15-16-41-07.743947,19,False
2020-06-15-16-41-07.754997,19,False
2020-06-15-16-41-07.767499,23,False
2020-06-15-16-41-07.779020,27,False
2020-06-15-16-41-07.790631,30,False
2020-06-15-16-41-07.802894,33,False
2020-06-15-16-41-07.815278,30,False
2020-06-15-16-41-07.826763,28,False
2020-06-15-16-41-07.838706,33,False
2020-06-15-16-41-07.850806,34,False
2020-06-15-16-41-07.865567,34,False
2020-06-15-16-41-07.877743,40,False
2020-06-15-16-41-07.888534,35,False
2020-06-15-16-41-07.902818,30,False
2020-06-15-16-41-07.915010,27,False
2020-06-15-16-41-07.926235,25,False
2020-06-15-16-41-07.937636,23,False
2020-06-15-16-41-07.950084,21,False
2020-06-15-16-41-07.961272,15,False
2020-06-15-16-41-07.972912,14,False
2020-06-15-16-41-07.984659,14,False
2020-06-15-16-41-07.995560,8,False
2020-06-15-16-41-08.007826,9,False
2020-06-15-16-41-08.019898,9,False
2020-06-15-16-41-08.030884,8,False
2020-06-15-16-41-08.043016,8,False
2020-06-15-16-41-08.054983,8,False
2020-06-15-16-41-08.067670,10,False
2020-06-15-16-41-08.079659,13,False
2020-06-15-16-41-08.090651,16,False
2020-06-15-16-41-08.103025,18,False
2020-06-15-16-41-08.115714,19,False
2020-06-15-16-41-08.127261,20,False
2020-06-15-16-41-08.137946,24,False
2020-06-15-16-41-08.150640,28,False
2020-06-15-16-41-08.163606,31,False
2020-06-15-16-41-08.175453,34,False
2020-06-15-16-41-08.187992,35,False
2020-06-15-16-41-08.200532,35,False
2020-06-15-16-41-08.212977,35,False
2020-06-15-16-41-08.223134,37,False
2020-06-15-16-41-08.235197,39,False
2020-06-15-16-41-08.247714,39,False
2020-06-15-16-41-08.259924,39,False
2020-06-15-16-41-08.271259,39,False
2020-06-15-16-41-08.282922,39,False
2020-06-15-16-41-08.294618,37,False
2020-06-15-16-41-08.307209,34,False
2020-06-15-16-41-08.318199,32,False
2020-06-15-16-41-08.330622,28,False
2020-06-15-16-41-08.343012,25,False
2020-06-15-16-41-08.354679,21,False
2020-06-15-16-41-08.365098,21,False
2020-06-15-16-41-08.376890,19,False
2020-06-15-16-41-08.389295,18,False
2020-06-15-16-41-08.401295,15,False
2020-06-15-16-41-08.413015,16,False
2020-06-15-16-41-08.425785,16,False
2020-06-15-16-41-08.436043,18,False
2020-06-15-16-41-08.448394,19,False
2020-06-15-16-41-08.460775,21,False
2020-06-15-16-41-08.472903,21,False
2020-06-15-16-41-08.484276,22,False
2020-06-15-16-41-08.495058,24,False
2020-06-15-16-41-08.506068,25,False
2020-06-15-16-41-08.517432,28,False
2020-06-15-16-41-08.529884,31,False
2020-06-15-16-41-08.540991,34,False
2020-06-15-16-41-08.552992,34,False
2020-06-15-16-41-08.564402,35,False
2020-06-15-16-41-08.576517,36,False
2020-06-15-16-41-08.588615,38,False
2020-06-15-16-41-08.600613,38,False
2020-06-15-16-41-08.613018,39,False
2020-06-15-16-41-08.623145,40,False
2020-06-15-16-41-08.634410,39,False
2020-06-15-16-41-08.645868,39,False
2020-06-15-16-41-08.656158,34,False
2020-06-15-16-41-08.668791,36,False
2020-06-15-16-41-08.680646,39,False
2020-06-15-16-41-08.693354,41,False
2020-06-15-16-41-08.704171,40,False
2020-06-15-16-41-08.715140,38,False
2020-06-15-16-41-08.727229,36,False
2020-06-15-16-41-08.739008,33,False
2020-06-15-16-41-08.750693,30,False
2020-06-15-16-41-08.763324,27,False
2020-06-15-16-41-08.774872,30,False
2020-06-15-16-41-08.787241,27,False
2020-06-15-16-41-08.799261,24,False
2020-06-15-16-41-08.810680,23,False
2020-06-15-16-41-08.822988,25,False
2020-06-15-16-41-08.835260,28,False
2020-06-15-16-41-08.847817,30,False
2020-06-15-16-41-08.861792,34,False
2020-06-15-16-41-08.873072,38,False
2020-06-15-16-41-08.883810,40,False
2020-06-15-16-41-08.894752,41,False
2020-06-15-16-41-08.906882,42,False
2020-06-15-16-41-08.918918,43,False
2020-06-15-16-41-08.930674,41,False
2020-06-15-16-41-08.943040,38,False
2020-06-15-16-41-08.954286,36,False
2020-06-15-16-41-08.965469,36,False
2020-06-15-16-41-08.977728,37,False
2020-06-15-16-41-08.989154,38,False
2020-06-15-16-41-09.000699,34,False
2020-06-15-16-41-09.013067,31,False
2020-06-15-16-41-09.023759,27,False
2020-06-15-16-41-09.035456,28,False
2020-06-15-16-41-09.046470,28,False
2020-06-15-16-41-09.058508,29,False
2020-06-15-16-41-09.070575,29,False
2020-06-15-16-41-09.083230,24,False
2020-06-15-16-41-09.094823,18,False
2020-06-15-16-41-09.105947,13,False
2020-06-15-16-41-09.118286,16,False
2020-06-15-16-41-09.130697,20,False
2020-06-15-16-41-09.143048,23,False
2020-06-15-16-41-09.155262,22,False
2020-06-15-16-41-09.167597,22,False
2020-06-15-16-41-09.179795,21,False
2020-06-15-16-41-09.191971,19,False
2020-06-15-16-41-09.203897,20,False
2020-06-15-16-41-09.215506,21,False
2020-06-15-16-41-09.226522,21,False
2020-06-15-16-41-09.237986,19,False
2020-06-15-16-41-09.250149,16,False
2020-06-15-16-41-09.261627,13,False
2020-06-15-16-41-09.273402,16,False
2020-06-15-16-41-09.285752,17,False
2020-06-15-16-41-09.297165,19,False
2020-06-15-16-41-09.307658,22,False
2020-06-15-16-41-09.318861,28,False
2020-06-15-16-41-09.330627,34,False
2020-06-15-16-41-09.343055,40,False
2020-06-15-16-41-09.354446,46,False
2020-06-15-16-41-09.364936,51,False
2020-06-15-16-41-09.376365,57,False
2020-06-15-16-41-09.388411,58,False
2020-06-15-16-41-09.401243,60,False
2020-06-15-16-41-09.412961,62,False
2020-06-15-16-41-09.424191,59,False
2020-06-15-16-41-09.435883,53,False
2020-06-15-16-41-09.448280,47,False
2020-06-15-16-41-09.460691,42,False
2020-06-15-16-41-09.473340,37,False
2020-06-15-16-41-09.485482,31,False
2020-06-15-16-41-09.497606,25,False
2020-06-15-16-41-09.508803,20,False
2020-06-15-16-41-09.520712,16,False
2020-06-15-16-41-09.533145,13,False
2020-06-15-16-41-09.544400,15,False
2020-06-15-16-41-09.555213,16,False
2020-06-15-16-41-09.565690,18,False
2020-06-15-16-41-09.578030,20,False
2020-06-15-16-41-09.590708,22,False
2020-06-15-16-41-09.603088,23,False
2020-06-15-16-41-09.615777,23,False
2020-06-15-16-41-09.627293,24,False
2020-06-15-16-41-09.638039,26,False
2020-06-15-16-41-09.648844,28,False
2020-06-15-16-41-09.661168,29,False
2020-06-15-16-41-09.673338,31,False
2020-06-15-16-41-09.684964,31,False
2020-06-15-16-41-09.697572,30,False
2020-06-15-16-41-09.708623,30,False
2020-06-15-16-41-09.720654,32,False
2020-06-15-16-41-09.733084,33,False
2020-06-15-16-41-09.745414,37,False
2020-06-15-16-41-09.757515,37,False
2020-06-15-16-41-09.770095,36,False
2020-06-15-16-41-09.781777,36,False
2020-06-15-16-41-09.793931,36,False
2020-06-15-16-41-09.805023,37,False
2020-06-15-16-41-09.816482,38,False
2020-06-15-16-41-09.828125,39,False
2020-06-15-16-41-09.840740,40,False
2020-06-15-16-41-09.853105,42,False
2020-06-15-16-41-09.865421,40,False
2020-06-15-16-41-09.876986,40,False
2020-06-15-16-41-09.888045,40,False
2020-06-15-16-41-09.904487,38,False
2020-06-15-16-41-09.917057,36,False
2020-06-15-16-41-09.928858,34,False
2020-06-15-16-41-09.940607,32,False
2020-06-15-16-41-09.952970,31,False
2020-06-15-16-41-09.963842,31,False
2020-06-15-16-41-09.974350,30,False
2020-06-15-16-41-09.985576,27,False
2020-06-15-16-41-09.995758,28,False
2020-06-15-16-41-10.006760,28,False
2020-06-15-16-41-10.018212,30,False
2020-06-15-16-41-10.030726,34,False
2020-06-15-16-41-10.043047,38,False
2020-06-15-16-41-10.055550,41,False
2020-06-15-16-41-10.066419,41,False
2020-06-15-16-41-10.079085,41,False
2020-06-15-16-41-10.090746,41,False
2020-06-15-16-41-10.103079,45,False
2020-06-15-16-41-10.114873,45,False
2020-06-15-16-41-10.126555,44,False
2020-06-15-16-41-10.137473,44,False
2020-06-15-16-41-10.149723,42,False
2020-06-15-16-41-10.161342,38,False
2020-06-15-16-41-10.173038,35,False
2020-06-15-16-41-10.185436,33,False
2020-06-15-16-41-10.197315,32,False
2020-06-15-16-41-10.208190,30,False
2020-06-15-16-41-10.220721,29,False
2020-06-15-16-41-10.233077,28,False
2020-06-15-16-41-10.244641,26,False
2020-06-15-16-41-10.256884,24,False
2020-06-15-16-41-10.269209,22,False
2020-06-15-16-41-10.281139,21,False
2020-06-15-16-41-10.293127,20,False
2020-06-15-16-41-10.303906,19,False
2020-06-15-16-41-10.315177,19,False
2020-06-15-16-41-10.327528,19,False
2020-06-15-16-41-10.339531,19,False
2020-06-15-16-41-10.351453,17,False
2020-06-15-16-41-10.363304,16,False
2020-06-15-16-41-10.375165,15,False
2020-06-15-16-41-10.386802,19,False
2020-06-15-16-41-10.398387,24,False
2020-06-15-16-41-10.410733,29,False
2020-06-15-16-41-10.423134,35,False
2020-06-15-16-41-10.434622,40,False
2020-06-15-16-41-10.445076,45,False
2020-06-15-16-41-10.456657,44,False
2020-06-15-16-41-10.468525,46,False
2020-06-15-16-41-10.480728,47,False
2020-06-15-16-41-10.493016,50,False
2020-06-15-16-41-10.503564,47,False
2020-06-15-16-41-10.515239,45,False
2020-06-15-16-41-10.527481,41,False
2020-06-15-16-41-10.537936,35,False
2020-06-15-16-41-10.549064,30,False
2020-06-15-16-41-10.560680,25,False
2020-06-15-16-41-10.573472,24,False
2020-06-15-16-41-10.585562,24,False
2020-06-15-16-41-10.596523,23,False
2020-06-15-16-41-10.608174,22,False
2020-06-15-16-41-10.620706,21,False
2020-06-15-16-41-10.633407,20,False
2020-06-15-16-41-10.645253,20,False
2020-06-15-16-41-10.656175,20,False
2020-06-15-16-41-10.667453,20,False
2020-06-15-16-41-10.679716,23,False
2020-06-15-16-41-10.690753,25,False
2020-06-15-16-41-10.703028,28,False
2020-06-15-16-41-10.715540,29,False
2020-06-15-16-41-10.726542,29,False
2020-06-15-16-41-10.737447,29,False
2020-06-15-16-41-10.748934,29,False
2020-06-15-16-41-10.761175,33,False
2020-06-15-16-41-10.773147,37,False
2020-06-15-16-41-10.783977,41,False
2020-06-15-16-41-10.795225,44,False
2020-06-15-16-41-10.806582,47,False
2020-06-15-16-41-10.817426,50,False
2020-06-15-16-41-10.829135,54,False
2020-06-15-16-41-10.840651,62,False
2020-06-15-16-41-10.850779,70,False
2020-06-15-16-41-10.863381,78,False
2020-06-15-16-41-10.874723,108,False
2020-06-15-16-41-10.886738,138,False
2020-06-15-16-41-10.898663,168,False
2020-06-15-16-41-10.910657,289,False
2020-06-15-16-41-10.923107,409,False
2020-06-15-16-41-10.934449,530,False
2020-06-15-16-41-10.946474,638,False
2020-06-15-16-41-10.958513,742,False
2020-06-15-16-41-10.970650,818,False
2020-06-15-16-41-10.983073,840,False
2020-06-15-16-41-10.994985,837,True
2020-06-15-16-41-11.007045,865,True
2020-06-15-16-41-11.019553,1013,True
2020-06-15-16-41-11.031410,1068,True
2020-06-15-16-41-11.043398,1124,True
2020-06-15-16-41-11.055644,1189,True
2020-06-15-16-41-11.067390,1269,True
2020-06-15-16-41-11.078762,1349,True
2020-06-15-16-41-11.090665,1403,True
2020-06-15-16-41-11.103009,1453,True
2020-06-15-16-41-11.113575,1504,True
2020-06-15-16-41-11.124845,1497,True
2020-06-15-16-41-11.136547,1318,True
2020-06-15-16-41-11.146976,1138,True
2020-06-15-16-41-11.159289,977,True
2020-06-15-16-41-11.170771,806,True
2020-06-15-16-41-11.182985,635,True
2020-06-15-16-41-11.194924,495,True
2020-06-15-16-41-11.207112,411,True
2020-06-15-16-41-11.218579,385,True
2020-06-15-16-41-11.230680,359,False
2020-06-15-16-41-11.243010,353,False
2020-06-15-16-41-11.255018,401,False
2020-06-15-16-41-11.267233,449,False
2020-06-15-16-41-11.279762,476,False
2020-06-15-16-41-11.292559,503,False
2020-06-15-16-41-11.303662,530,False
2020-06-15-16-41-11.315392,517,False
2020-06-15-16-41-11.326177,501,False
2020-06-15-16-41-11.338586,484,False
2020-06-15-16-41-11.350776,468,False
2020-06-15-16-41-11.363356,448,False
2020-06-15-16-41-11.375330,427,False
2020-06-15-16-41-11.385858,406,False
2020-06-15-16-41-11.397441,378,False
2020-06-15-16-41-11.409407,349,False
2020-06-15-16-41-11.420808,320,False
2020-06-15-16-41-11.433114,294,False
2020-06-15-16-41-11.444967,269,False
2020-06-15-16-41-11.456564,243,False
2020-06-15-16-41-11.467646,215,False
2020-06-15-16-41-11.479131,197,False
2020-06-15-16-41-11.490708,178,False
2020-06-15-16-41-11.503490,160,False
2020-06-15-16-41-11.515285,152,False
2020-06-15-16-41-11.527250,144,False
2020-06-15-16-41-11.539618,135,False
2020-06-15-16-41-11.550797,130,False
2020-06-15-16-41-11.563412,125,False
2020-06-15-16-41-11.575075,119,False
2020-06-15-16-41-11.586621,113,False
2020-06-15-16-41-11.598162,107,False
2020-06-15-16-41-11.610756,100,False
2020-06-15-16-41-11.623135,96,False
2020-06-15-16-41-11.635067,92,False
2020-06-15-16-41-11.647426,88,False
2020-06-15-16-41-11.659892,81,False
2020-06-15-16-41-11.671422,75,False
2020-06-15-16-41-11.683081,70,False
2020-06-15-16-41-11.695121,62,False
2020-06-15-16-41-11.706654,58,False
2020-06-15-16-41-11.716872,54,False
2020-06-15-16-41-11.728216,50,False
2020-06-15-16-41-11.740927,41,False
2020-06-15-16-41-11.753037,32,False
2020-06-15-16-41-11.765228,23,False
2020-06-15-16-41-11.776655,21,False
2020-06-15-16-41-11.788108,18,False
2020-06-15-16-41-11.800914,16,False
2020-06-15-16-41-11.813373,19,False
2020-06-15-16-41-11.826069,20,False
2020-06-15-16-41-11.838596,18,False
2020-06-15-16-41-11.850755,17,False
2020-06-15-16-41-11.863337,17,False
2020-06-15-16-41-11.875900,23,False
2020-06-15-16-41-11.886846,28,False
2020-06-15-16-41-11.897446,32,False
2020-06-15-16-41-11.908267,30,False
2020-06-15-16-41-11.920783,28,False
2020-06-15-16-41-11.933030,26,False
2020-06-15-16-41-11.944902,24,False
2020-06-15-16-41-11.956508,26,False
2020-06-15-16-41-11.968894,30,False
2020-06-15-16-41-11.980732,34,False
2020-06-15-16-41-11.993071,33,False
2020-06-15-16-41-12.004708,31,False
2020-06-15-16-41-12.017141,29,False
2020-06-15-16-41-12.029437,30,False
2020-06-15-16-41-12.042366,30,False
2020-06-15-16-41-12.054758,30,False
2020-06-15-16-41-12.066776,29,False
2020-06-15-16-41-12.078222,29,False
2020-06-15-16-41-12.090740,26,False
2020-06-15-16-41-12.103125,21,False
2020-06-15-16-41-12.113781,17,False
2020-06-15-16-41-12.124448,14,False
2020-06-15-16-41-12.136212,11,False
2020-06-15-16-41-12.146622,9,False
2020-06-15-16-41-12.159052,8,False
2020-06-15-16-41-12.170768,7,False
2020-06-15-16-41-12.183037,8,False
2020-06-15-16-41-12.195448,6,False
2020-06-15-16-41-12.206110,4,False
2020-06-15-16-41-12.218468,7,False
2020-06-15-16-41-12.231366,9,False
2020-06-15-16-41-12.243011,12,False
2020-06-15-16-41-12.254651,15,False
2020-06-15-16-41-12.265486,17,False
2020-06-15-16-41-12.277125,20,False
2020-06-15-16-41-12.288141,22,False
2020-06-15-16-41-12.300659,24,False
2020-06-15-16-41-12.313068,28,False
2020-06-15-16-41-12.324664,32,False
2020-06-15-16-41-12.335396,35,False
2020-06-15-16-41-12.347466,38,False
2020-06-15-16-41-12.358410,41,False
2020-06-15-16-41-12.370684,39,False
2020-06-15-16-41-12.383048,39,False
2020-06-15-16-41-12.395147,38,False
2020-06-15-16-41-12.405579,38,False
2020-06-15-16-41-12.417138,35,False
2020-06-15-16-41-12.428450,31,False
2020-06-15-16-41-12.440814,28,False
2020-06-15-16-41-12.453184,23,False
2020-06-15-16-41-12.465477,17,False
2020-06-15-16-41-12.477960,12,False
2020-06-15-16-41-12.489695,11,False
2020-06-15-16-41-12.501371,9,False
2020-06-15-16-41-12.513198,8,False
2020-06-15-16-41-12.523455,7,False
2020-06-15-16-41-12.535658,7,False
2020-06-15-16-41-12.547013,8,False
2020-06-15-16-41-12.559390,10,False
2020-06-15-16-41-12.570789,12,False
2020-06-15-16-41-12.583110,13,False
2020-06-15-16-41-12.595905,15,False
2020-06-15-16-41-12.607761,16,False
2020-06-15-16-41-12.619016,17,False
2020-06-15-16-41-12.632062,23,False
2020-06-15-16-41-12.644995,29,False
2020-06-15-16-41-12.657842,35,False
2020-06-15-16-41-12.668633,39,False
2020-06-15-16-41-12.681239,42,False
2020-06-15-16-41-12.693172,44,False
2020-06-15-16-41-12.704313,47,False
2020-06-15-16-41-12.714916,50,False
2020-06-15-16-41-12.727205,53,False
2020-06-15-16-41-12.739529,54,False
2020-06-15-16-41-12.750799,49,False
2020-06-15-16-41-12.761468,45,False
2020-06-15-16-41-12.773046,39,False
2020-06-15-16-41-12.785191,36,False
2020-06-15-16-41-12.797620,33,False
2020-06-15-16-41-12.808040,29,False
2020-06-15-16-41-12.818956,25,False
2020-06-15-16-41-12.830747,22,False
2020-06-15-16-41-12.843044,18,False
2020-06-15-16-41-12.855626,18,False
2020-06-15-16-41-12.867869,18,False
2020-06-15-16-41-12.878639,18,False
2020-06-15-16-41-12.890822,17,False
2020-06-15-16-41-12.904868,17,False
2020-06-15-16-41-12.916479,17,False
2020-06-15-16-41-12.927792,16,False
2020-06-15-16-41-12.939106,18,False
2020-06-15-16-41-12.950822,21,False
2020-06-15-16-41-12.963119,23,False
2020-06-15-16-41-12.975391,26,False
2020-06-15-16-41-12.986955,29,False
2020-06-15-16-41-12.997121,33,False
2020-06-15-16-41-13.009492,38,False
2020-06-15-16-41-13.020821,41,False
2020-06-15-16-41-13.033109,43,False
2020-06-15-16-41-13.043427,47,False
2020-06-15-16-41-13.055799,49,False
2020-06-15-16-41-13.067616,51,False
2020-06-15-16-41-13.078838,53,False
2020-06-15-16-41-13.090820,54,False
2020-06-15-16-41-13.103168,55,False
2020-06-15-16-41-13.113640,55,False
2020-06-15-16-41-13.125141,56,False
2020-06-15-16-41-13.135351,58,False
2020-06-15-16-41-13.145739,59,False
2020-06-15-16-41-13.155900,57,False
2020-06-15-16-41-13.168211,56,False
2020-06-15-16-41-13.180708,54,False
2020-06-15-16-41-13.193131,49,False
2020-06-15-16-41-13.204147,44,False
2020-06-15-16-41-13.214408,39,False
2020-06-15-16-41-13.225566,35,False
2020-06-15-16-41-13.237516,31,False
2020-06-15-16-41-13.248176,26,False
2020-06-15-16-41-13.260788,22,False
2020-06-15-16-41-13.273231,20,False
2020-06-15-16-41-13.284778,17,False
2020-06-15-16-41-13.296669,13,False
2020-06-15-16-41-13.307044,14,False
2020-06-15-16-41-13.319575,14,False
2020-06-15-16-41-13.332270,15,False
2020-06-15-16-41-13.344768,15,False
2020-06-15-16-41-13.356645,15,False
2020-06-15-16-41-13.369098,15,False
2020-06-15-16-41-13.379789,14,False
2020-06-15-16-41-13.390958,18,False
2020-06-15-16-41-13.403087,22,False
2020-06-15-16-41-13.414991,26,False
2020-06-15-16-41-13.427570,30,False
2020-06-15-16-41-13.438727,33,False
2020-06-15-16-41-13.450762,35,False
2020-06-15-16-41-13.463065,37,False
2020-06-15-16-41-13.474802,42,False
2020-06-15-16-41-13.486398,48,False
2020-06-15-16-41-13.499001,53,False
2020-06-15-16-41-13.510839,55,False
2020-06-15-16-41-13.523051,58,False
2020-06-15-16-41-13.533546,60,False
2020-06-15-16-41-13.545495,58,False
2020-06-15-16-41-13.557162,57,False
2020-06-15-16-41-13.568677,56,False
2020-06-15-16-41-13.580713,56,False
2020-06-15-16-41-13.593128,51,False
2020-06-15-16-41-13.603341,45,False
2020-06-15-16-41-13.615025,40,False
2020-06-15-16-41-13.626221,35,False
2020-06-15-16-41-13.638173,29,False
2020-06-15-16-41-13.650722,23,False
2020-06-15-16-41-13.663140,22,False
2020-06-15-16-41-13.675394,19,False
2020-06-15-16-41-13.687551,16,False
2020-06-15-16-41-13.698734,13,False
2020-06-15-16-41-13.710703,11,False
2020-06-15-16-41-13.723164,13,False
2020-06-15-16-41-13.734849,14,False
2020-06-15-16-41-13.746969,16,False
2020-06-15-16-41-13.758623,18,False
2020-06-15-16-41-13.771095,21,False
2020-06-15-16-41-13.783217,24,False
2020-06-15-16-41-13.795681,26,False
2020-06-15-16-41-13.806700,31,False
2020-06-15-16-41-13.818302,36,False
2020-06-15-16-41-13.830721,42,False
2020-06-15-16-41-13.843184,43,False
2020-06-15-16-41-13.855780,44,False
2020-06-15-16-41-13.867696,46,False
2020-06-15-16-41-13.880275,44,False
2020-06-15-16-41-13.890842,42,False
2020-06-15-16-41-13.905201,40,False
2020-06-15-16-41-13.917732,42,False
2020-06-15-16-41-13.929956,42,False
2020-06-15-16-41-13.940753,41,False
2020-06-15-16-41-13.953173,39,False
2020-06-15-16-41-13.963756,35,False
2020-06-15-16-41-13.974974,30,False
2020-06-15-16-41-13.986754,25,False
2020-06-15-16-41-13.999013,27,False
2020-06-15-16-41-14.010992,29,False
2020-06-15-16-41-14.023168,31,False
2020-06-15-16-41-14.035166,29,False
2020-06-15-16-41-14.046255,27,False
2020-06-15-16-41-14.058137,22,False
2020-06-15-16-41-14.070730,19,False
2020-06-15-16-41-14.083081,19,False
2020-06-15-16-41-14.095317,24,False
2020-06-15-16-41-14.106849,29,False
2020-06-15-16-41-14.118340,31,False
2020-06-15-16-41-14.131508,31,False
2020-06-15-16-41-14.143172,33,False
2020-06-15-16-41-14.155018,36,False
2020-06-15-16-41-14.166922,34,False
2020-06-15-16-41-14.178627,37,False
2020-06-15-16-41-14.190779,40,False
2020-06-15-16-41-14.203533,44,False
2020-06-15-16-41-14.214767,44,False
2020-06-15-16-41-14.227485,43,False
2020-06-15-16-41-14.239682,42,False
2020-06-15-16-41-14.251121,46,False
2020-06-15-16-41-14.263196,47,False
2020-06-15-16-41-14.274423,49,False
2020-06-15-16-41-14.286835,54,False
2020-06-15-16-41-14.298824,56,False
2020-06-15-16-41-14.310815,59,False
2020-06-15-16-41-14.323081,59,False
2020-06-15-16-41-14.334219,60,False
2020-06-15-16-41-14.346063,60,False
2020-06-15-16-41-14.357377,62,False
2020-06-15-16-41-14.368913,59,False
2020-06-15-16-41-14.381504,55,False
2020-06-15-16-41-14.393141,51,False
2020-06-15-16-41-14.404856,48,False
2020-06-15-16-41-14.417372,43,False
2020-06-15-16-41-14.428554,38,False
2020-06-15-16-41-14.440890,34,False
2020-06-15-16-41-14.451776,31,False
2020-06-15-16-41-14.463221,30,False
2020-06-15-16-41-14.474141,29,False
2020-06-15-16-41-14.485842,28,False
2020-06-15-16-41-14.497653,29,False
2020-06-15-16-41-14.509304,30,False
2020-06-15-16-41-14.521568,31,False
2020-06-15-16-41-14.534128,35,False
2020-06-15-16-41-14.546281,39,False
2020-06-15-16-41-14.556511,43,False
2020-06-15-16-41-14.568775,44,False
2020-06-15-16-41-14.580882,45,False
2020-06-15-16-41-14.593189,47,False
2020-06-15-16-41-14.604241,73,False
2020-06-15-16-41-14.614979,143,False
2020-06-15-16-41-14.626428,212,False
2020-06-15-16-41-14.637940,281,False
2020-06-15-16-41-14.648282,350,False
2020-06-15-16-41-14.660877,477,False
2020-06-15-16-41-14.673119,605,False
2020-06-15-16-41-14.683409,735,False
2020-06-15-16-41-14.695357,926,True
2020-06-15-16-41-14.707827,1117,True
2020-06-15-16-41-14.718278,1283,True
2020-06-15-16-41-14.730913,1414,True
2020-06-15-16-41-14.743126,1545,True
2020-06-15-16-41-14.754810,1676,True
2020-06-15-16-41-14.765329,1709,True
2020-06-15-16-41-14.775963,1683,True
2020-06-15-16-41-14.788165,1657,True
2020-06-15-16-41-14.801394,1578,True
2020-06-15-16-41-14.813269,1430,True
2020-06-15-16-41-14.823386,1283,True
2020-06-15-16-41-14.834908,1121,True
2020-06-15-16-41-14.846111,935,True
2020-06-15-16-41-14.857859,750,True
2020-06-15-16-41-14.869211,565,True
2020-06-15-16-41-14.881772,483,True
2020-06-15-16-41-14.893224,402,True
2020-06-15-16-41-14.904423,321,True
2020-06-15-16-41-14.916426,329,True
2020-06-15-16-41-14.928663,382,False
2020-06-15-16-41-14.940877,434,False
2020-06-15-16-41-14.953201,501,False
2020-06-15-16-41-14.963626,604,False
2020-06-15-16-41-14.976095,707,False
2020-06-15-16-41-14.988273,810,False
2020-06-15-16-41-15.001294,894,False
2020-06-15-16-41-15.013891,976,False
2020-06-15-16-41-15.025589,1058,False
2020-06-15-16-41-15.037422,1086,False
2020-06-15-16-41-15.048654,1074,False
2020-06-15-16-41-15.061087,1063,False
2020-06-15-16-41-15.073251,1035,False
2020-06-15-16-41-15.084305,972,False
2020-06-15-16-41-15.095862,910,False
2020-06-15-16-41-15.107910,848,False
2020-06-15-16-41-15.120111,779,False
2020-06-15-16-41-15.130917,712,False
2020-06-15-16-41-15.143102,646,False
2020-06-15-16-41-15.153871,587,False
2020-06-15-16-41-15.165549,529,False
2020-06-15-16-41-15.178165,470,False
2020-06-15-16-41-15.190497,421,False
2020-06-15-16-41-15.203128,383,False
2020-06-15-16-41-15.215224,344,False
2020-06-15-16-41-15.225336,306,False
2020-06-15-16-41-15.235726,286,False
2020-06-15-16-41-15.248040,266,False
2020-06-15-16-41-15.259097,237,False
2020-06-15-16-41-15.271450,214,False
2020-06-15-16-41-15.283257,191,False
2020-06-15-16-41-15.294397,168,False
2020-06-15-16-41-15.304560,150,False
2020-06-15-16-41-15.315730,136,False
2020-06-15-16-41-15.327450,121,False
2020-06-15-16-41-15.339983,100,False
2020-06-15-16-41-15.351337,78,False
2020-06-15-16-41-15.363205,57,False
2020-06-15-16-41-15.375439,46,False
2020-06-15-16-41-15.386688,38,False
2020-06-15-16-41-15.397023,30,False
2020-06-15-16-41-15.408215,21,False
2020-06-15-16-41-15.420844,15,False
2020-06-15-16-41-15.433375,8,False
2020-06-15-16-41-15.445090,6,False
2020-06-15-16-41-15.457467,10,False
2020-06-15-16-41-15.468657,14,False
2020-06-15-16-41-15.480824,19,False
2020-06-15-16-41-15.493194,24,False
2020-06-15-16-41-15.505271,29,False
2020-06-15-16-41-15.516510,33,False
2020-06-15-16-41-15.528410,37,False
2020-06-15-16-41-15.540872,41,False
2020-06-15-16-41-15.553395,45,False
2020-06-15-16-41-15.565540,45,False
2020-06-15-16-41-15.577987,44,False
2020-06-15-16-41-15.588495,40,False
2020-06-15-16-41-15.600870,40,False
2020-06-15-16-41-15.612500,40,False
2020-06-15-16-41-15.623212,40,False
2020-06-15-16-41-15.635325,41,False
2020-06-15-16-41-15.646370,39,False
2020-06-15-16-41-15.657165,35,False
2020-06-15-16-41-15.668575,31,False
2020-06-15-16-41-15.680799,27,False
2020-06-15-16-41-15.693280,24,False
2020-06-15-16-41-15.705391,25,False
2020-06-15-16-41-15.715947,20,False
2020-06-15-16-41-15.726872,15,False
2020-06-15-16-41-15.738783,11,False
2020-06-15-16-41-15.750920,7,False
2020-06-15-16-41-15.763278,5,False
2020-06-15-16-41-15.774896,6,False
2020-06-15-16-41-15.786159,6,False
2020-06-15-16-41-15.798404,7,False
2020-06-15-16-41-15.810927,9,False
2020-06-15-16-41-15.823217,10,False
2020-06-15-16-41-15.835450,12,False
2020-06-15-16-41-15.847795,15,False
2020-06-15-16-41-15.860360,16,False
2020-06-15-16-41-15.871488,18,False
2020-06-15-16-41-15.883216,19,False
2020-06-15-16-41-15.894774,22,False
2020-06-15-16-41-15.907467,24,False
2020-06-15-16-41-15.920073,26,False
2020-06-15-16-41-15.932087,25,False
2020-06-15-16-41-15.943506,24,False
2020-06-15-16-41-15.954757,22,False
2020-06-15-16-41-15.966640,20,False
2020-06-15-16-41-15.978256,18,False
2020-06-15-16-41-15.990910,16,False
2020-06-15-16-41-16.003536,14,False
2020-06-15-16-41-16.015735,12,False
2020-06-15-16-41-16.027498,11,False
2020-06-15-16-41-16.038353,9,False
2020-06-15-16-41-16.050909,10,False
2020-06-15-16-41-16.063184,10,False
2020-06-15-16-41-16.075374,9,False
2020-06-15-16-41-16.086866,9,False
2020-06-15-16-41-16.098389,9,False
2020-06-15-16-41-16.111101,10,False
2020-06-15-16-41-16.123264,9,False
2020-06-15-16-41-16.134997,9,False
2020-06-15-16-41-16.146318,8,False
2020-06-15-16-41-16.158249,7,False
2020-06-15-16-41-16.170877,7,False
2020-06-15-16-41-16.183152,6,False
2020-06-15-16-41-16.194219,9,False
2020-06-15-16-41-16.204398,11,False
2020-06-15-16-41-16.216125,13,False
2020-06-15-16-41-16.226821,13,False
2020-06-15-16-41-16.239154,15,False
2020-06-15-16-41-16.250912,17,False
2020-06-15-16-41-16.263277,19,False
2020-06-15-16-41-16.274452,20,False
2020-06-15-16-41-16.286725,19,False
2020-06-15-16-41-16.297836,18,False
2020-06-15-16-41-16.308340,16,False
2020-06-15-16-41-16.320780,14,False
2020-06-15-16-41-16.333298,14,False
2020-06-15-16-41-16.344028,15,False
2020-06-15-16-41-16.355884,14,False
2020-06-15-16-41-16.367893,14,False
2020-06-15-16-41-16.380483,14,False
2020-06-15-16-41-16.390840,14,False
2020-06-15-16-41-16.403187,15,False
2020-06-15-16-41-16.414807,17,False
2020-06-15-16-41-16.427416,18,False
2020-06-15-16-41-16.437837,20,False
2020-06-15-16-41-16.450105,19,False
2020-06-15-16-41-16.462640,17,False
2020-06-15-16-41-16.474572,17,False
2020-06-15-16-41-16.486642,16,False
2020-06-15-16-41-16.498866,15,False
2020-06-15-16-41-16.510868,13,False
2020-06-15-16-41-16.523238,12,False
2020-06-15-16-41-16.535319,11,False
2020-06-15-16-41-16.546654,9,False
2020-06-15-16-41-16.558280,7,False
2020-06-15-16-41-16.570812,7,False
2020-06-15-16-41-16.583173,6,False
2020-06-15-16-41-16.593325,5,False
2020-06-15-16-41-16.606020,5,False
2020-06-15-16-41-16.618327,5,False
2020-06-15-16-41-16.630890,5,False
2020-06-15-16-41-16.643149,5,False
2020-06-15-16-41-16.654792,5,False
2020-06-15-16-41-16.665051,5,False
2020-06-15-16-41-16.675381,5,False
2020-06-15-16-41-16.686913,3,False
2020-06-15-16-41-16.697363,4,False
2020-06-15-16-41-16.709684,4,False
2020-06-15-16-41-16.721608,4,False
2020-06-15-16-41-16.733210,4,False
2020-06-15-16-41-16.745596,4,False
2020-06-15-16-41-16.756705,6,False
2020-06-15-16-41-16.768894,9,False
2020-06-15-16-41-16.780804,12,False
2020-06-15-16-41-16.793322,16,False
2020-06-15-16-41-16.804320,19,False
2020-06-15-16-41-16.815374,23,False
2020-06-15-16-41-16.827517,29,False
2020-06-15-16-41-16.839350,35,False
2020-06-15-16-41-16.850876,40,False
2020-06-15-16-41-16.863186,42,False
2020-06-15-16-41-16.874842,40,False
2020-06-15-16-41-16.886668,38,False
2020-06-15-16-41-16.897802,37,False
2020-06-15-16-41-16.908388,35,False
2020-06-15-16-41-16.920811,34,False
2020-06-15-16-41-16.933193,33,False
2020-06-15-16-41-16.944343,29,False
2020-06-15-16-41-16.954557,25,False
2020-06-15-16-41-16.967167,21,False
2020-06-15-16-41-16.977288,21,False
2020-06-15-16-41-16.988057,20,False
2020-06-15-16-41-17.000191,19,False
2020-06-15-16-41-17.011531,18,False
2020-06-15-16-41-17.024177,18,False
2020-06-15-16-41-17.035140,16,False
2020-06-15-16-41-17.046250,14,False
2020-06-15-16-41-17.058362,14,False
2020-06-15-16-41-17.071568,14,False
2020-06-15-16-41-17.083965,13,False
2020-06-15-16-41-17.095263,15,False
2020-06-15-16-41-17.107196,17,False
2020-06-15-16-41-17.117915,19,False
2020-06-15-16-41-17.128362,20,False
2020-06-15-16-41-17.140937,25,False
2020-06-15-16-41-17.153290,29,False
2020-06-15-16-41-17.165397,33,False
2020-06-15-16-41-17.176844,35,False
2020-06-15-16-41-17.188364,38,False
2020-06-15-16-41-17.200900,40,False
2020-06-15-16-41-17.213178,41,False
2020-06-15-16-41-17.225931,39,False
2020-06-15-16-41-17.238060,37,False
2020-06-15-16-41-17.249375,34,False
2020-06-15-16-41-17.260924,32,False
2020-06-15-16-41-17.273328,29,False
2020-06-15-16-41-17.286735,26,False
2020-06-15-16-41-17.298769,22,False
2020-06-15-16-41-17.310823,18,False
2020-06-15-16-41-17.323305,14,False
2020-06-15-16-41-17.333530,11,False
2020-06-15-16-41-17.344556,11,False
2020-06-15-16-41-17.355412,10,False
2020-06-15-16-41-17.365701,10,False
2020-06-15-16-41-17.377020,8,False
2020-06-15-16-41-17.388086,6,False
2020-06-15-16-41-17.400740,6,False
2020-06-15-16-41-17.413296,9,False
2020-06-15-16-41-17.424907,8,False
2020-06-15-16-41-17.436706,8,False
2020-06-15-16-41-17.448857,8,False
2020-06-15-16-41-17.460840,8,False
2020-06-15-16-41-17.473493,8,False
2020-06-15-16-41-17.483705,11,False
2020-06-15-16-41-17.496361,14,False
2020-06-15-16-41-17.506875,18,False
2020-06-15-16-41-17.518734,19,False
2020-06-15-16-41-17.531022,21,False
2020-06-15-16-41-17.543190,25,False
2020-06-15-16-41-17.555705,28,False
2020-06-15-16-41-17.565846,31,False
2020-06-15-16-41-17.576346,34,False
2020-06-15-16-41-17.587942,40,False
2020-06-15-16-41-17.598766,40,False
2020-06-15-16-41-17.610725,40,False
2020-06-15-16-41-17.623212,40,False
2020-06-15-16-41-17.634872,40,False
2020-06-15-16-41-17.646826,39,False
2020-06-15-16-41-17.658132,38,False
2020-06-15-16-41-17.670745,38,False
2020-06-15-16-41-17.683563,38,False
2020-06-15-16-41-17.696166,37,False
2020-06-15-16-41-17.707856,31,False
2020-06-15-16-41-17.719067,28,False
2020-06-15-16-41-17.731193,27,False
2020-06-15-16-41-17.743304,24,False
2020-06-15-16-41-17.755860,21,False
2020-06-15-16-41-17.767749,18,False
2020-06-15-16-41-17.778988,16,False
2020-06-15-16-41-17.791306,14,False
2020-06-15-16-41-17.803253,12,False
2020-06-15-16-41-17.815216,8,False
2020-06-15-16-41-17.826395,8,False
2020-06-15-16-41-17.837691,8,False
2020-06-15-16-41-17.847850,6,False
2020-06-15-16-41-17.860062,8,False
2020-06-15-16-41-17.871814,10,False
2020-06-15-16-41-17.883455,12,False
2020-06-15-16-41-17.895700,16,False
2020-06-15-16-41-17.907910,20,False
2020-06-15-16-41-17.918771,24,False
2020-06-15-16-41-17.930875,29,False
2020-06-15-16-41-17.943283,34,False
2020-06-15-16-41-17.954883,40,False
2020-06-15-16-41-17.967203,44,False
2020-06-15-16-41-17.978497,48,False
2020-06-15-16-41-17.991038,51,False
2020-06-15-16-41-18.003630,55,False
2020-06-15-16-41-18.015136,57,False
2020-06-15-16-41-18.026980,52,False
2020-06-15-16-41-18.038992,49,False
2020-06-15-16-41-18.050848,45,False
2020-06-15-16-41-18.063200,42,False
2020-06-15-16-41-18.074406,37,False
2020-06-15-16-41-18.086211,33,False
2020-06-15-16-41-18.098830,28,False
2020-06-15-16-41-18.110849,23,False
2020-06-15-16-41-18.123312,17,False
2020-06-15-16-41-18.134031,11,False
2020-06-15-16-41-18.144946,13,False
2020-06-15-16-41-18.157649,15,False
2020-06-15-16-41-18.170052,17,False
2020-06-15-16-41-18.180887,18,False
2020-06-15-16-41-18.193303,20,False
2020-06-15-16-41-18.203647,20,False
2020-06-15-16-41-18.216313,21,False
2020-06-15-16-41-18.228695,24,False
2020-06-15-16-41-18.240864,26,False
2020-06-15-16-41-18.253256,32,False
2020-06-15-16-41-18.264945,36,False
2020-06-15-16-41-18.276905,41,False
2020-06-15-16-41-18.287913,45,False
2020-06-15-16-41-18.299915,46,False
2020-06-15-16-41-18.311019,47,False
2020-06-15-16-41-18.323297,51,False
2020-06-15-16-41-18.334759,49,False
2020-06-15-16-41-18.346589,47,False
2020-06-15-16-41-18.358200,45,False
2020-06-15-16-41-18.368817,45,False
2020-06-15-16-41-18.380853,44,False
2020-06-15-16-41-18.393203,43,False
2020-06-15-16-41-18.404792,37,False
2020-06-15-16-41-18.416402,36,False
2020-06-15-16-41-18.427665,34,False
2020-06-15-16-41-18.440169,33,False
2020-06-15-16-41-18.450981,32,False
2020-06-15-16-41-18.463324,32,False
2020-06-15-16-41-18.475839,35,False
2020-06-15-16-41-18.488019,32,False
2020-06-15-16-41-18.499793,28,False
2020-06-15-16-41-18.511839,24,False
2020-06-15-16-41-18.523259,27,False
2020-06-15-16-41-18.535348,26,False
2020-06-15-16-41-18.546849,26,False
2020-06-15-16-41-18.557629,28,False
2020-06-15-16-41-18.569093,29,False
2020-06-15-16-41-18.580892,31,False
2020-06-15-16-41-18.593732,31,False
2020-06-15-16-41-18.604688,28,False
2020-06-15-16-41-18.615020,26,False
2020-06-15-16-41-18.626163,24,False
2020-06-15-16-41-18.637188,23,False
2020-06-15-16-41-18.648353,27,False
2020-06-15-16-41-18.660908,30,False
2020-06-15-16-41-18.673273,31,False
2020-06-15-16-41-18.684182,37,False
2020-06-15-16-41-18.696288,42,False
2020-06-15-16-41-18.707954,46,False
2020-06-15-16-41-18.720020,48,False
2020-06-15-16-41-18.731477,51,False
2020-06-15-16-41-18.743619,53,False
2020-06-15-16-41-18.753830,53,False
2020-06-15-16-41-18.766240,49,False
2020-06-15-16-41-18.777379,45,False
2020-06-15-16-41-18.788211,42,False
2020-06-15-16-41-18.799953,36,False
2020-06-15-16-41-18.811932,29,False
2020-06-15-16-41-18.823265,23,False
2020-06-15-16-41-18.833930,21,False
2020-06-15-16-41-18.845273,19,False
2020-06-15-16-41-18.857886,16,False
2020-06-15-16-41-18.868679,13,False
2020-06-15-16-41-18.880894,13,False
2020-06-15-16-41-18.893334,12,False
2020-06-15-16-41-18.904297,13,False
2020-06-15-16-41-18.915849,14,False
2020-06-15-16-41-18.927556,16,False
2020-06-15-16-41-18.938913,18,False
2020-06-15-16-41-18.950983,21,False
2020-06-15-16-41-18.963655,23,False
2020-06-15-16-41-18.975489,26,False
2020-06-15-16-41-18.986566,33,False
2020-06-15-16-41-18.998486,35,False
2020-06-15-16-41-19.010968,36,False
2020-06-15-16-41-19.023324,41,False
2020-06-15-16-41-19.034700,43,False
2020-06-15-16-41-19.047058,46,False
2020-06-15-16-41-19.058310,49,False
2020-06-15-16-41-19.070917,54,False
2020-06-15-16-41-19.083931,59,False
2020-06-15-16-41-19.095744,64,False
2020-06-15-16-41-19.107816,63,False
2020-06-15-16-41-19.120487,64,False
2020-06-15-16-41-19.131557,66,False
2020-06-15-16-41-19.143301,66,False
2020-06-15-16-41-19.156006,110,False
2020-06-15-16-41-19.168062,155,False
2020-06-15-16-41-19.179639,199,False
2020-06-15-16-41-19.190951,309,False
2020-06-15-16-41-19.203582,419,False
2020-06-15-16-41-19.215054,528,False
2020-06-15-16-41-19.226453,600,False
2020-06-15-16-41-19.239126,672,False
2020-06-15-16-41-19.251560,744,False
2020-06-15-16-41-19.263303,845,True
2020-06-15-16-41-19.275381,903,True
2020-06-15-16-41-19.287749,961,True
2020-06-15-16-41-19.298666,1116,True
2020-06-15-16-41-19.310942,1202,True
2020-06-15-16-41-19.323270,1289,True
2020-06-15-16-41-19.334981,1375,True
2020-06-15-16-41-19.346543,1452,True
2020-06-15-16-41-19.358939,1529,True
2020-06-15-16-41-19.371070,1556,True
2020-06-15-16-41-19.383282,1511,True
2020-06-15-16-41-19.395809,1466,True
2020-06-15-16-41-19.406892,1382,True
2020-06-15-16-41-19.418359,1190,True
2020-06-15-16-41-19.430997,999,True
2020-06-15-16-41-19.443347,807,True
2020-06-15-16-41-19.455216,615,True
2020-06-15-16-41-19.466780,473,True
2020-06-15-16-41-19.477790,395,True
2020-06-15-16-41-19.488697,368,True
2020-06-15-16-41-19.501640,383,False
2020-06-15-16-41-19.513322,401,False
2020-06-15-16-41-19.523487,457,False
2020-06-15-16-41-19.535932,525,False
2020-06-15-16-41-19.548095,585,False
2020-06-15-16-41-19.560304,638,False
2020-06-15-16-41-19.572424,690,False
2020-06-15-16-41-19.583943,740,False
2020-06-15-16-41-19.594825,719,False
2020-06-15-16-41-19.607494,698,False
2020-06-15-16-41-19.619968,667,False
2020-06-15-16-41-19.632125,625,False
2020-06-15-16-41-19.643233,582,False
2020-06-15-16-41-19.654946,536,False
2020-06-15-16-41-19.665659,488,False
2020-06-15-16-41-19.675817,448,False
2020-06-15-16-41-19.688291,408,False
2020-06-15-16-41-19.699024,367,False
2020-06-15-16-41-19.709407,332,False
2020-06-15-16-41-19.721031,297,False
2020-06-15-16-41-19.733389,271,False
2020-06-15-16-41-19.745003,255,False
2020-06-15-16-41-19.757599,233,False
2020-06-15-16-41-19.768798,215,False
2020-06-15-16-41-19.780940,206,False
2020-06-15-16-41-19.793315,192,False
2020-06-15-16-41-19.804240,178,False
2020-06-15-16-41-19.816287,167,False
2020-06-15-16-41-19.826909,156,False
2020-06-15-16-41-19.837846,145,False
2020-06-15-16-41-19.849352,133,False
2020-06-15-16-41-19.861417,117,False
2020-06-15-16-41-19.873341,106,False
2020-06-15-16-41-19.884949,95,False
2020-06-15-16-41-19.897186,82,False
2020-06-15-16-41-19.909687,74,False
2020-06-15-16-41-19.920598,67,False
2020-06-15-16-41-19.932668,58,False
2020-06-15-16-41-19.944501,51,False
2020-06-15-16-41-19.954788,44,False
2020-06-15-16-41-19.966610,35,False
2020-06-15-16-41-19.977953,30,False
2020-06-15-16-41-19.990249,25,False
2020-06-15-16-41-20.002225,20,False
2020-06-15-16-41-20.013282,19,False
2020-06-15-16-41-20.023676,18,False
2020-06-15-16-41-20.035318,16,False
2020-06-15-16-41-20.048001,15,False
2020-06-15-16-41-20.059576,14,False
2020-06-15-16-41-20.071570,13,False
2020-06-15-16-41-20.084791,13,False
2020-06-15-16-41-20.096824,13,False
2020-06-15-16-41-20.108824,15,False
2020-06-15-16-41-20.121022,16,False
2020-06-15-16-41-20.133671,14,False
2020-06-15-16-41-20.145741,12,False
2020-06-15-16-41-20.157366,12,False
2020-06-15-16-41-20.169088,12,False
2020-06-15-16-41-20.180948,12,False
2020-06-15-16-41-20.193340,12,False
2020-06-15-16-41-20.203645,14,False
2020-06-15-16-41-20.215442,15,False
2020-06-15-16-41-20.227797,17,False
2020-06-15-16-41-20.239968,21,False
2020-06-15-16-41-20.251226,25,False
2020-06-15-16-41-20.263380,27,False
2020-06-15-16-41-20.275479,27,False
2020-06-15-16-41-20.286949,27,False
2020-06-15-16-41-20.299155,27,False
2020-06-15-16-41-20.310934,27,False
2020-06-15-16-41-20.323270,27,False
2020-06-15-16-41-20.334982,26,False
2020-06-15-16-41-20.347171,23,False
2020-06-15-16-41-20.359372,19,False
2020-06-15-16-41-20.372046,14,False
2020-06-15-16-41-20.383757,12,False
2020-06-15-16-41-20.395070,11,False
2020-06-15-16-41-20.406536,9,False
2020-06-15-16-41-20.419104,8,False
2020-06-15-16-41-20.431028,6,False
2020-06-15-16-41-20.443355,5,False
2020-06-15-16-41-20.455378,4,False
2020-06-15-16-41-20.467119,4,False
2020-06-15-16-41-20.479517,5,False
2020-06-15-16-41-20.491208,6,False
2020-06-15-16-41-20.503400,7,False
2020-06-15-16-41-20.515585,15,False
2020-06-15-16-41-20.526150,24,False
2020-06-15-16-41-20.537895,32,False
2020-06-15-16-41-20.549805,35,False
2020-06-15-16-41-20.561058,38,False
2020-06-15-16-41-20.573973,41,False
2020-06-15-16-41-20.585078,42,False
2020-06-15-16-41-20.597741,44,False
2020-06-15-16-41-20.608506,46,False
2020-06-15-16-41-20.621050,47,False
2020-06-15-16-41-20.633541,41,False
2020-06-15-16-41-20.645265,36,False
2020-06-15-16-41-20.656891,31,False
2020-06-15-16-41-20.669006,31,False
2020-06-15-16-41-20.681053,31,False
2020-06-15-16-41-20.693386,27,False
2020-06-15-16-41-20.705715,25,False
2020-06-15-16-41-20.716756,23,False
2020-06-15-16-41-20.726891,21,False
2020-06-15-16-41-20.737983,19,False
2020-06-15-16-41-20.750172,17,False
2020-06-15-16-41-20.761133,16,False
2020-06-15-16-41-20.773351,15,False
2020-06-15-16-41-20.785127,13,False
2020-06-15-16-41-20.795809,11,False
2020-06-15-16-41-20.807592,11,False
2020-06-15-16-41-20.819470,11,False
2020-06-15-16-41-20.831134,11,False
2020-06-15-16-41-20.843278,14,False
2020-06-15-16-41-20.855504,17,False
2020-06-15-16-41-20.866475,20,False
2020-06-15-16-41-20.877439,23,False
2020-06-15-16-41-20.888223,26,False
2020-06-15-16-41-20.900394,28,False
2020-06-15-16-41-20.912377,30,False
2020-06-15-16-41-20.924662,34,False
2020-06-15-16-41-20.936596,38,False
2020-06-15-16-41-20.948182,42,False
2020-06-15-16-41-20.958531,43,False
2020-06-15-16-41-20.971030,43,False
2020-06-15-16-41-20.983330,44,False
2020-06-15-16-41-20.995230,43,False
2020-06-15-16-41-21.007286,42,False
2020-06-15-16-41-21.018245,40,False
2020-06-15-16-41-21.029518,39,False
2020-06-15-16-41-21.041739,36,False
2020-06-15-16-41-21.054349,33,False
2020-06-15-16-41-21.066200,31,False
2020-06-15-16-41-21.077059,29,False
2020-06-15-16-41-21.088115,27,False
2020-06-15-16-41-21.099438,26,False
2020-06-15-16-41-21.110987,22,False
2020-06-15-16-41-21.123312,19,False
2020-06-15-16-41-21.135781,16,False
2020-06-15-16-41-21.147006,14,False
2020-06-15-16-41-21.159582,15,False
2020-06-15-16-41-21.171053,17,False
2020-06-15-16-41-21.183416,16,False
2020-06-15-16-41-21.195589,16,False
2020-06-15-16-41-21.207509,15,False
2020-06-15-16-41-21.219619,18,False
2020-06-15-16-41-21.231317,22,False
2020-06-15-16-41-21.243416,27,False
2020-06-15-16-41-21.255492,27,False
2020-06-15-16-41-21.266013,29,False
2020-06-15-16-41-21.277583,28,False
2020-06-15-16-41-21.290254,27,False
2020-06-15-16-41-21.301926,27,False
2020-06-15-16-41-21.314452,27,False
2020-06-15-16-41-21.325760,27,False
2020-06-15-16-41-21.337904,27,False
2020-06-15-16-41-21.350627,27,False
2020-06-15-16-41-21.363002,27,False
2020-06-15-16-41-21.374786,32,False
2020-06-15-16-41-21.386038,35,False
2020-06-15-16-41-21.397212,39,False
2020-06-15-16-41-21.411670,43,False
2020-06-15-16-41-21.423359,46,False
2020-06-15-16-41-21.435028,45,False
2020-06-15-16-41-21.446539,44,False
2020-06-15-16-41-21.459075,39,False
2020-06-15-16-41-21.471048,35,False
2020-06-15-16-41-21.483556,30,False
2020-06-15-16-41-21.494413,28,False
2020-06-15-16-41-21.504983,25,False
2020-06-15-16-41-21.516304,22,False
2020-06-15-16-41-21.527142,19,False
2020-06-15-16-41-21.539116,16,False
2020-06-15-16-41-21.551018,17,False
2020-06-15-16-41-21.563383,17,False
2020-06-15-16-41-21.575704,16,False
2020-06-15-16-41-21.587471,17,False
2020-06-15-16-41-21.598735,18,False
2020-06-15-16-41-21.611035,15,False
2020-06-15-16-41-21.623384,14,False
2020-06-15-16-41-21.634328,15,False
2020-06-15-16-41-21.646575,17,False
2020-06-15-16-41-21.658938,18,False
2020-06-15-16-41-21.671058,23,False
2020-06-15-16-41-21.683377,29,False
2020-06-15-16-41-21.694831,35,False
2020-06-15-16-41-21.706256,41,False
2020-06-15-16-41-21.717133,47,False
2020-06-15-16-41-21.729426,54,False
2020-06-15-16-41-21.741531,57,False
2020-06-15-16-41-21.752330,57,False
2020-06-15-16-41-21.763551,57,False
2020-06-15-16-41-21.774460,57,False
2020-06-15-16-41-21.786094,54,False
2020-06-15-16-41-21.796471,52,False
2020-06-15-16-41-21.808147,47,False
2020-06-15-16-41-21.819029,42,False
2020-06-15-16-41-21.831034,37,False
2020-06-15-16-41-21.843347,32,False
2020-06-15-16-41-21.855113,29,False
2020-06-15-16-41-21.867177,26,False
2020-06-15-16-41-21.879201,23,False
2020-06-15-16-41-21.891164,19,False
2020-06-15-16-41-21.903403,15,False
2020-06-15-16-41-21.914979,12,False
2020-06-15-16-41-21.925720,12,False
2020-06-15-16-41-21.936271,12,False
2020-06-15-16-41-21.946995,12,False
2020-06-15-16-41-21.957652,13,False
2020-06-15-16-41-21.970176,16,False
2020-06-15-16-41-21.981387,20,False
2020-06-15-16-41-21.993327,23,False
2020-06-15-16-41-22.003981,27,False
2020-06-15-16-41-22.015170,30,False
2020-06-15-16-41-22.027530,34,False
2020-06-15-16-41-22.038152,36,False
2020-06-15-16-41-22.049654,38,False
2020-06-15-16-41-22.061522,40,False
2020-06-15-16-41-22.073899,40,False
2020-06-15-16-41-22.084618,42,False
2020-06-15-16-41-22.097107,44,False
2020-06-15-16-41-22.107594,40,False
2020-06-15-16-41-22.120075,41,False
2020-06-15-16-41-22.131100,42,False
2020-06-15-16-41-22.143527,43,False
2020-06-15-16-41-22.155104,39,False
2020-06-15-16-41-22.166380,35,False
2020-06-15-16-41-22.177553,31,False
2020-06-15-16-41-22.189299,29,False
2020-06-15-16-41-22.201078,25,False
2020-06-15-16-41-22.213362,21,False
2020-06-15-16-41-22.225637,27,False
2020-06-15-16-41-22.238216,22,False
2020-06-15-16-41-22.249751,17,False
2020-06-15-16-41-22.261445,14,False
2020-06-15-16-41-22.273764,17,False
2020-06-15-16-41-22.286399,19,False
2020-06-15-16-41-22.299089,23,False
2020-06-15-16-41-22.310892,26,False
2020-06-15-16-41-22.323418,26,False
2020-06-15-16-41-22.334923,24,False
2020-06-15-16-41-22.346636,19,False
2020-06-15-16-41-22.357656,20,False
2020-06-15-16-41-22.368828,21,False
2020-06-15-16-41-22.381116,24,False
2020-06-15-16-41-22.393363,25,False
2020-06-15-16-41-22.403765,27,False
2020-06-15-16-41-22.415146,28,False
2020-06-15-16-41-22.426633,30,False
2020-06-15-16-41-22.438237,32,False
2020-06-15-16-41-22.450715,38,False
2020-06-15-16-41-22.463419,41,False
2020-06-15-16-41-22.474827,43,False
2020-06-15-16-41-22.486830,45,False
2020-06-15-16-41-22.497602,45,False
2020-06-15-16-41-22.508496,46,False
2020-06-15-16-41-22.521018,46,False
2020-06-15-16-41-22.533745,44,False
2020-06-15-16-41-22.544303,41,False
2020-06-15-16-41-22.554932,38,False
2020-06-15-16-41-22.566534,33,False
2020-06-15-16-41-22.578062,31,False
2020-06-15-16-41-22.590053,29,False
2020-06-15-16-41-22.602192,26,False
2020-06-15-16-41-22.614447,27,False
2020-06-15-16-41-22.625232,27,False
2020-06-15-16-41-22.636072,28,False
2020-06-15-16-41-22.648227,29,False
2020-06-15-16-41-22.660678,29,False
2020-06-15-16-41-22.671663,31,False
2020-06-15-16-41-22.683597,33,False
2020-06-15-16-41-22.695917,36,False
2020-06-15-16-41-22.706396,38,False
2020-06-15-16-41-22.718080,40,False
2020-06-15-16-41-22.729513,37,False
2020-06-15-16-41-22.741628,34,False
2020-06-15-16-41-22.753562,33,False
2020-06-15-16-41-22.765645,34,False
2020-06-15-16-41-22.777427,35,False
2020-06-15-16-41-22.788681,38,False
2020-06-15-16-41-22.801127,41,False
2020-06-15-16-41-22.813353,45,False
2020-06-15-16-41-22.824435,49,False
2020-06-15-16-41-22.835217,55,False
2020-06-15-16-41-22.847664,61,False
2020-06-15-16-41-22.859650,61,False
2020-06-15-16-41-22.871474,59,False
2020-06-15-16-41-22.883705,58,False
2020-06-15-16-41-22.895828,58,False
2020-06-15-16-41-22.908668,52,False
2020-06-15-16-41-22.921113,47,False
2020-06-15-16-41-22.933429,41,False
2020-06-15-16-41-22.944660,34,False
2020-06-15-16-41-22.955506,26,False
2020-06-15-16-41-22.967147,19,False
2020-06-15-16-41-22.978655,18,False
2020-06-15-16-41-22.991120,17,False
2020-06-15-16-41-23.003395,17,False
2020-06-15-16-41-23.014962,15,False
2020-06-15-16-41-23.025195,15,False
2020-06-15-16-41-23.036283,15,False
2020-06-15-16-41-23.046509,16,False
2020-06-15-16-41-23.057378,20,False
2020-06-15-16-41-23.068491,22,False
2020-06-15-16-41-23.081593,23,False
2020-06-15-16-41-23.093439,25,False
2020-06-15-16-41-23.105503,26,False
2020-06-15-16-41-23.117002,27,False
2020-06-15-16-41-23.129453,27,False
2020-06-15-16-41-23.142127,31,False
2020-06-15-16-41-23.153770,34,False
2020-06-15-16-41-23.164895,38,False
2020-06-15-16-41-23.176023,36,False
2020-06-15-16-41-23.187997,38,False
2020-06-15-16-41-23.198841,40,False
2020-06-15-16-41-23.209870,39,False
2020-06-15-16-41-23.220993,42,False
2020-06-15-16-41-23.233437,44,False
2020-06-15-16-41-23.245341,51,False
2020-06-15-16-41-23.257887,50,False
2020-06-15-16-41-23.269114,48,False
2020-06-15-16-41-23.281256,46,False
2020-06-15-16-41-23.293446,49,False
2020-06-15-16-41-23.305250,51,False
2020-06-15-16-41-23.317043,53,False
2020-06-15-16-41-23.327498,56,False
2020-06-15-16-41-23.339082,57,False
2020-06-15-16-41-23.351010,58,False
2020-06-15-16-41-23.363588,151,False
2020-06-15-16-41-23.375004,250,False
2020-06-15-16-41-23.386598,349,False
2020-06-15-16-41-23.398853,451,False
2020-06-15-16-41-23.411196,549,False
2020-06-15-16-41-23.423479,648,False
2020-06-15-16-41-23.434952,706,False
2020-06-15-16-41-23.445131,720,False
2020-06-15-16-41-23.455826,734,False
2020-06-15-16-41-23.467808,748,True
2020-06-15-16-41-23.479097,850,True
2020-06-15-16-41-23.491044,952,True
2020-06-15-16-41-23.503408,1053,True
2020-06-15-16-41-23.515139,1143,True
2020-06-15-16-41-23.526704,1233,True
2020-06-15-16-41-23.539150,1322,True
2020-06-15-16-41-23.551018,1397,True
2020-06-15-16-41-23.563384,1469,True
2020-06-15-16-41-23.574965,1541,True
2020-06-15-16-41-23.587359,1613,True
2020-06-15-16-41-23.598849,1420,True
2020-06-15-16-41-23.611078,1227,True
2020-06-15-16-41-23.623366,1034,True
2020-06-15-16-41-23.634943,852,True
2020-06-15-16-41-23.647023,685,True
2020-06-15-16-41-23.659415,567,True
2020-06-15-16-41-23.671107,506,True
2020-06-15-16-41-23.683362,491,True
2020-06-15-16-41-23.693476,482,True
2020-06-15-16-41-23.705030,472,False
2020-06-15-16-41-23.715406,544,False
2020-06-15-16-41-23.726964,612,False
2020-06-15-16-41-23.739380,670,False
2020-06-15-16-41-23.751159,727,False
2020-06-15-16-41-23.763461,765,False
2020-06-15-16-41-23.775994,743,False
2020-06-15-16-41-23.788017,722,False
2020-06-15-16-41-23.798792,701,False
2020-06-15-16-41-23.811124,657,False
2020-06-15-16-41-23.823369,614,False
2020-06-15-16-41-23.835438,567,False
2020-06-15-16-41-23.847727,522,False
2020-06-15-16-41-23.859576,489,False
2020-06-15-16-41-23.871120,447,False
2020-06-15-16-41-23.883722,409,False
2020-06-15-16-41-23.894823,382,False
2020-06-15-16-41-23.905620,349,False
2020-06-15-16-41-23.917948,312,False
2020-06-15-16-41-23.928936,290,False
2020-06-15-16-41-23.941031,268,False
2020-06-15-16-41-23.953408,250,False
2020-06-15-16-41-23.965766,232,False
2020-06-15-16-41-23.978479,207,False
2020-06-15-16-41-23.991079,190,False
2020-06-15-16-41-24.003460,173,False
2020-06-15-16-41-24.014923,153,False
2020-06-15-16-41-24.026369,137,False
2020-06-15-16-41-24.038488,126,False
2020-06-15-16-41-24.051087,111,False
2020-06-15-16-41-24.063465,96,False
2020-06-15-16-41-24.075415,81,False
2020-06-15-16-41-24.087769,64,False
2020-06-15-16-41-24.099024,54,False
2020-06-15-16-41-24.110192,44,False
2020-06-15-16-41-24.122550,35,False
2020-06-15-16-41-24.133803,29,False
2020-06-15-16-41-24.145453,24,False
2020-06-15-16-41-24.157575,18,False
2020-06-15-16-41-24.170269,16,False
2020-06-15-16-41-24.181510,13,False
2020-06-15-16-41-24.193479,12,False
2020-06-15-16-41-24.206148,13,False
2020-06-15-16-41-24.217060,15,False
2020-06-15-16-41-24.229263,16,False
2020-06-15-16-41-24.241052,16,False
2020-06-15-16-41-24.253647,16,False
2020-06-15-16-41-24.265225,16,False
2020-06-15-16-41-24.277432,16,False
2020-06-15-16-41-24.287511,19,False
2020-06-15-16-41-24.298306,22,False
2020-06-15-16-41-24.309128,24,False
2020-06-15-16-41-24.320987,23,False
2020-06-15-16-41-24.333439,23,False
2020-06-15-16-41-24.345985,22,False
2020-06-15-16-41-24.358629,22,False
2020-06-15-16-41-24.371256,26,False
2020-06-15-16-41-24.383482,29,False
2020-06-15-16-41-24.395460,29,False
2020-06-15-16-41-24.405657,25,False
2020-06-15-16-41-24.417984,21,False
2020-06-15-16-41-24.430211,17,False
2020-06-15-16-41-24.442491,16,False
2020-06-15-16-41-24.454355,15,False
2020-06-15-16-41-24.465924,14,False
2020-06-15-16-41-24.476338,15,False
2020-06-15-16-41-24.489075,13,False
2020-06-15-16-41-24.501090,11,False
2020-06-15-16-41-24.513473,10,False
2020-06-15-16-41-24.525674,11,False
2020-06-15-16-41-24.537950,12,False
2020-06-15-16-41-24.548771,16,False
2020-06-15-16-41-24.559013,17,False
2020-06-15-16-41-24.570999,18,False
2020-06-15-16-41-24.583461,19,False
2020-06-15-16-41-24.595157,17,False
2020-06-15-16-41-24.606720,16,False
2020-06-15-16-41-24.618134,14,False
2020-06-15-16-41-24.630197,14,False
2020-06-15-16-41-24.641639,16,False
2020-06-15-16-41-24.653950,17,False
2020-06-15-16-41-24.664528,16,False
2020-06-15-16-41-24.676996,20,False
2020-06-15-16-41-24.689567,24,False
2020-06-15-16-41-24.701102,28,False
2020-06-15-16-41-24.713585,31,False
2020-06-15-16-41-24.724748,35,False
2020-06-15-16-41-24.736137,39,False
2020-06-15-16-41-24.746934,43,False
2020-06-15-16-41-24.759340,46,False
2020-06-15-16-41-24.771105,49,False
2020-06-15-16-41-24.783423,48,False
2020-06-15-16-41-24.795333,43,False
2020-06-15-16-41-24.806818,39,False
2020-06-15-16-41-24.819507,35,False
2020-06-15-16-41-24.831145,32,False
2020-06-15-16-41-24.843405,29,False
2020-06-15-16-41-24.855227,24,False
2020-06-15-16-41-24.867731,19,False
2020-06-15-16-41-24.880372,14,False
2020-06-15-16-41-24.891167,11,False
2020-06-15-16-41-24.903435,12,False
2020-06-15-16-41-24.915138,14,False
2020-06-15-16-41-24.925739,15,False
2020-06-15-16-41-24.937665,15,False
2020-06-15-16-41-24.948028,15,False
2020-06-15-16-41-24.960050,15,False
2020-06-15-16-41-24.971208,18,False
2020-06-15-16-41-24.984679,21,False
2020-06-15-16-41-24.995953,23,False
2020-06-15-16-41-25.008063,23,False
2020-06-15-16-41-25.019216,23,False
2020-06-15-16-41-25.031155,26,False
2020-06-15-16-41-25.043811,29,False
2020-06-15-16-41-25.055280,33,False
2020-06-15-16-41-25.067820,34,False
2020-06-15-16-41-25.078124,36,False
2020-06-15-16-41-25.089366,36,False
2020-06-15-16-41-25.101162,35,False
2020-06-15-16-41-25.113471,35,False
2020-06-15-16-41-25.125954,34,False
2020-06-15-16-41-25.136364,34,False
2020-06-15-16-41-25.147609,30,False
2020-06-15-16-41-25.159069,25,False
2020-06-15-16-41-25.171168,21,False
2020-06-15-16-41-25.183425,21,False
2020-06-15-16-41-25.195255,20,False
2020-06-15-16-41-25.207240,18,False
2020-06-15-16-41-25.219049,18,False
2020-06-15-16-41-25.231191,21,False
2020-06-15-16-41-25.243464,22,False
2020-06-15-16-41-25.255044,22,False
2020-06-15-16-41-25.266587,23,False
2020-06-15-16-41-25.277531,24,False
2020-06-15-16-41-25.288715,24,False
2020-06-15-16-41-25.301085,21,False
2020-06-15-16-41-25.313501,19,False
2020-06-15-16-41-25.325538,18,False
2020-06-15-16-41-25.337860,16,False
2020-06-15-16-41-25.348005,11,False
2020-06-15-16-41-25.359545,10,False
2020-06-15-16-41-25.371684,9,False
2020-06-15-16-41-25.386346,9,False
2020-06-15-16-41-25.398088,11,False
2020-06-15-16-41-25.408287,12,False
2020-06-15-16-41-25.420133,14,False
2020-06-15-16-41-25.431083,16,False
2020-06-15-16-41-25.443480,19,False
2020-06-15-16-41-25.455371,24,False
2020-06-15-16-41-25.466884,29,False
2020-06-15-16-41-25.477776,34,False
2020-06-15-16-41-25.488642,39,False
2020-06-15-16-41-25.501161,42,False
2020-06-15-16-41-25.513766,43,False
2020-06-15-16-41-25.525531,44,False
2020-06-15-16-41-25.537158,45,False
2020-06-15-16-41-25.548880,46,False
2020-06-15-16-41-25.561156,47,False
2020-06-15-16-41-25.573561,45,False
2020-06-15-16-41-25.586186,44,False
2020-06-15-16-41-25.598843,42,False
2020-06-15-16-41-25.611225,40,False
2020-06-15-16-41-25.623433,35,False
2020-06-15-16-41-25.635277,33,False
2020-06-15-16-41-25.647767,30,False
2020-06-15-16-41-25.658616,28,False
2020-06-15-16-41-25.671196,27,False
2020-06-15-16-41-25.683544,27,False
2020-06-15-16-41-25.695843,24,False
2020-06-15-16-41-25.708239,20,False
2020-06-15-16-41-25.719213,17,False
2020-06-15-16-41-25.731684,13,False
2020-06-15-16-41-25.743808,12,False
2020-06-15-16-41-25.755594,16,False
2020-06-15-16-41-25.768235,19,False
2020-06-15-16-41-25.779264,23,False
2020-06-15-16-41-25.791684,21,False
2020-06-15-16-41-25.803933,17,False
2020-06-15-16-41-25.815180,17,False
2020-06-15-16-41-25.825861,21,False
2020-06-15-16-41-25.838384,25,False
2020-06-15-16-41-25.849888,29,False
2020-06-15-16-41-25.861176,32,False
2020-06-15-16-41-25.873474,32,False
2020-06-15-16-41-25.885324,32,False
2020-06-15-16-41-25.896612,32,False
2020-06-15-16-41-25.907366,37,False
2020-06-15-16-41-25.918915,38,False
2020-06-15-16-41-25.931220,38,False
2020-06-15-16-41-25.943536,35,False
2020-06-15-16-41-25.955191,33,False
2020-06-15-16-41-25.966746,31,False
2020-06-15-16-41-25.978882,29,False
2020-06-15-16-41-25.991232,28,False
2020-06-15-16-41-26.003504,26,False
2020-06-15-16-41-26.015151,24,False
2020-06-15-16-41-26.026941,22,False
2020-06-15-16-41-26.038226,24,False
2020-06-15-16-41-26.053391,25,False
2020-06-15-16-41-26.066793,25,False
2020-06-15-16-41-26.078045,25,False
2020-06-15-16-41-26.092850,27,False
2020-06-15-16-41-26.103907,29,False
2020-06-15-16-41-26.114754,31,False
2020-06-15-16-41-26.125994,28,False
2020-06-15-16-41-26.136308,24,False
2020-06-15-16-41-26.146774,21,False
2020-06-15-16-41-26.157358,19,False
2020-06-15-16-41-26.169210,26,False
2020-06-15-16-41-26.181141,32,False
2020-06-15-16-41-26.193475,39,False
2020-06-15-16-41-26.205830,38,False
2020-06-15-16-41-26.217066,38,False
2020-06-15-16-41-26.228475,37,False
2020-06-15-16-41-26.239753,38,False
2020-06-15-16-41-26.251252,39,False
2020-06-15-16-41-26.263528,40,False
2020-06-15-16-41-26.274853,41,False
2020-06-15-16-41-26.286906,34,False
2020-06-15-16-41-26.299437,28,False
2020-06-15-16-41-26.311150,20,False
2020-06-15-16-41-26.323533,17,False
2020-06-15-16-41-26.335905,13,False
2020-06-15-16-41-26.347163,12,False
2020-06-15-16-41-26.358974,11,False
2020-06-15-16-41-26.371340,11,False
2020-06-15-16-41-26.383701,13,False
2020-06-15-16-41-26.394844,12,False
2020-06-15-16-41-26.405413,11,False
2020-06-15-16-41-26.416912,10,False
2020-06-15-16-41-26.429569,10,False
2020-06-15-16-41-26.441653,11,False
2020-06-15-16-41-26.453770,11,False
2020-06-15-16-41-26.465242,14,False
2020-06-15-16-41-26.476363,18,False
2020-06-15-16-41-26.487396,23,False
2020-06-15-16-41-26.499101,24,False
2020-06-15-16-41-26.511157,28,False
2020-06-15-16-41-26.523490,32,False
2020-06-15-16-41-26.535351,36,False
2020-06-15-16-41-26.545805,40,False
2020-06-15-16-41-26.557481,45,False
2020-06-15-16-41-26.569508,50,False
2020-06-15-16-41-26.581454,51,False
2020-06-15-16-41-26.593590,53,False
2020-06-15-16-41-26.603887,55,False
2020-06-15-16-41-26.615795,57,False
2020-06-15-16-41-26.626673,59,False
2020-06-15-16-41-26.638125,61,False
2020-06-15-16-41-26.649264,58,False
2020-06-15-16-41-26.661143,55,False
2020-06-15-16-41-26.673525,52,False
2020-06-15-16-41-26.684443,49,False
2020-06-15-16-41-26.695774,45,False
2020-06-15-16-41-26.705859,41,False
2020-06-15-16-41-26.716754,37,False
2020-06-15-16-41-26.727420,32,False
2020-06-15-16-41-26.738236,28,False
2020-06-15-16-41-26.749672,23,False
2020-06-15-16-41-26.761061,23,False
2020-06-15-16-41-26.773459,23,False
2020-06-15-16-41-26.784994,23,False
2020-06-15-16-41-26.795133,22,False
2020-06-15-16-41-26.805225,21,False
2020-06-15-16-41-26.816273,21,False
2020-06-15-16-41-26.828016,21,False
2020-06-15-16-41-26.839479,21,False
2020-06-15-16-41-26.851191,22,False
2020-06-15-16-41-26.863495,23,False
2020-06-15-16-41-26.874624,25,False
2020-06-15-16-41-26.887121,26,False
2020-06-15-16-41-26.898897,28,False
2020-06-15-16-41-26.911700,29,False
2020-06-15-16-41-26.923740,30,False
2020-06-15-16-41-26.935403,32,False
2020-06-15-16-41-26.945587,35,False
2020-06-15-16-41-26.955684,36,False
2020-06-15-16-41-26.967467,36,False
2020-06-15-16-41-26.978279,37,False
2020-06-15-16-41-26.990786,37,False
2020-06-15-16-41-27.001693,37,False
2020-06-15-16-41-27.013454,36,False
2020-06-15-16-41-27.025239,35,False
2020-06-15-16-41-27.036766,35,False
2020-06-15-16-41-27.048703,36,False
2020-06-15-16-41-27.061088,38,False
2020-06-15-16-41-27.073483,40,False
2020-06-15-16-41-27.085773,41,False
2020-06-15-16-41-27.098370,40,False
2020-06-15-16-41-27.108490,38,False
2020-06-15-16-41-27.121078,36,False
2020-06-15-16-41-27.133580,35,False
2020-06-15-16-41-27.144358,35,False
